Time,TStar,FrontX,FrontXStar,FrontXStar01,FrontXStar001
1.000000e-03,1.852855e-02,5.716430e-02,1.000250e+00,1.012950e+00,1.027047e+00
2.000000e-03,3.705710e-02,5.719424e-02,1.000774e+00,1.013893e+00,1.040254e+00
3.000000e-03,5.558564e-02,5.724261e-02,1.001621e+00,1.015417e+00,1.043549e+00
4.000000e-03,7.411419e-02,5.731481e-02,1.002884e+00,1.026818e+00,1.044869e+00
5.000000e-03,9.264274e-02,5.742060e-02,1.004735e+00,1.033437e+00,1.045531e+00
6.000000e-03,1.111713e-01,5.757690e-02,1.007470e+00,1.037213e+00,1.045909e+00
7.000000e-03,1.296998e-01,5.782182e-02,1.011755e+00,1.039596e+00,1.046147e+00
8.000000e-03,1.482284e-01,5.820069e-02,1.018385e+00,1.041177e+00,1.046305e+00
9.000000e-03,1.667569e-01,5.852262e-02,1.024018e+00,1.042304e+00,1.046418e+00
1.000000e-02,1.852855e-01,5.875442e-02,1.028074e+00,1.043115e+00,1.046499e+00
1.100000e-02,2.038140e-01,5.893268e-02,1.031193e+00,1.043787e+00,1.046621e+00
1.200000e-02,2.223426e-01,5.912274e-02,1.034519e+00,1.060072e+00,1.076320e+00
1.300000e-02,2.408711e-01,5.944327e-02,1.040127e+00,1.069500e+00,1.077262e+00
1.400000e-02,2.593997e-01,6.002988e-02,1.050392e+00,1.072578e+00,1.077570e+00
1.500000e-02,2.779282e-01,6.046407e-02,1.057989e+00,1.074098e+00,1.077722e+00
1.600000e-02,2.964568e-01,6.072095e-02,1.062484e+00,1.075040e+00,1.077865e+00
1.700000e-02,3.149853e-01,6.099405e-02,1.067263e+00,1.096116e+00,1.108049e+00
1.800000e-02,3.335139e-01,6.153492e-02,1.076727e+00,1.102818e+00,1.108719e+00
1.897756e-02,3.516266e-01,6.216861e-02,1.087815e+00,1.105063e+00,1.108944e+00
1.992295e-02,3.691433e-01,6.248860e-02,1.093414e+00,1.106183e+00,1.109056e+00
2.084748e-02,3.862736e-01,6.277475e-02,1.098421e+00,1.127131e+00,1.139276e+00
2.172716e-02,4.025727e-01,6.332145e-02,1.107987e+00,1.134070e+00,1.139970e+00
2.257124e-02,4.182123e-01,6.394180e-02,1.118842e+00,1.136268e+00,1.140189e+00
2.339046e-02,4.333913e-01,6.425989e-02,1.124407e+00,1.137381e+00,1.140301e+00
2.419312e-02,4.482633e-01,6.452465e-02,1.129040e+00,1.156665e+00,1.170354e+00
2.498551e-02,4.629452e-01,6.503490e-02,1.137969e+00,1.164985e+00,1.171186e+00
2.575040e-02,4.771175e-01,6.567770e-02,1.149216e+00,1.167343e+00,1.171422e+00
2.649239e-02,4.908655e-01,6.601302e-02,1.155083e+00,1.168517e+00,1.171539e+00
2.721876e-02,5.043240e-01,6.625701e-02,1.159353e+00,1.184263e+00,1.201239e+00
2.793514e-02,5.175977e-01,6.669918e-02,1.167090e+00,1.195496e+00,1.202362e+00
2.864544e-02,5.307584e-01,6.736880e-02,1.178807e+00,1.198261e+00,1.202639e+00
2.933686e-02,5.435695e-01,6.774535e-02,1.185395e+00,1.199579e+00,1.202770e+00
3.001299e-02,5.560971e-01,6.798080e-02,1.189515e+00,1.207022e+00,1.231640e+00
3.067869e-02,5.684316e-01,6.835725e-02,1.196102e+00,1.225578e+00,1.233495e+00
3.133729e-02,5.806344e-01,6.902207e-02,1.207735e+00,1.229047e+00,1.233842e+00
3.199137e-02,5.927536e-01,6.946449e-02,1.215477e+00,1.230595e+00,1.233997e+00
3.263302e-02,6.046425e-01,6.971111e-02,1.219792e+00,1.233128e+00,1.260633e+00
3.326339e-02,6.163224e-01,7.004180e-02,1.225578e+00,1.255357e+00,1.264598e+00
3.388541e-02,6.278474e-01,7.067205e-02,1.236606e+00,1.259821e+00,1.265045e+00
3.450154e-02,6.392634e-01,7.118437e-02,1.245571e+00,1.261614e+00,1.265224e+00
3.511383e-02,6.506084e-01,7.145493e-02,1.250305e+00,1.263056e+00,1.280773e+00
3.571631e-02,6.617713e-01,7.175743e-02,1.255598e+00,1.285037e+00,1.295691e+00
3.631063e-02,6.727833e-01,7.233216e-02,1.265655e+00,1.290631e+00,1.296251e+00
3.689849e-02,6.836755e-01,7.291338e-02,1.275825e+00,1.292665e+00,1.296454e+00
3.748141e-02,6.944762e-01,7.320785e-02,1.280977e+00,1.293695e+00,1.296557e+00
3.805837e-02,7.051663e-01,7.348757e-02,1.285872e+00,1.314450e+00,1.326758e+00
3.862836e-02,7.157274e-01,7.400318e-02,1.294894e+00,1.321422e+00,1.327455e+00
3.919250e-02,7.261800e-01,7.464187e-02,1.306069e+00,1.323714e+00,1.327684e+00
3.975175e-02,7.365422e-01,7.496186e-02,1.311669e+00,1.324834e+00,1.327796e+00
4.030709e-02,7.468318e-01,7.522626e-02,1.316295e+00,1.343383e+00,1.357776e+00
4.085662e-02,7.570138e-01,7.569066e-02,1.324421e+00,1.352155e+00,1.358653e+00
4.140095e-02,7.670995e-01,7.636444e-02,1.336211e+00,1.354742e+00,1.358912e+00
4.194067e-02,7.770998e-01,7.671081e-02,1.342271e+00,1.355954e+00,1.359033e+00
4.247649e-02,7.870276e-01,7.696256e-02,1.346676e+00,1.370815e+00,1.388644e+00
4.300807e-02,7.968770e-01,7.737602e-02,1.353911e+00,1.382696e+00,1.389832e+00
4.353512e-02,8.066425e-01,7.806800e-02,1.366019e+00,1.385704e+00,1.390133e+00
4.405804e-02,8.163314e-01,7.845072e-02,1.372716e+00,1.387043e+00,1.390267e+00
4.457719e-02,8.259505e-01,7.869701e-02,1.377026e+00,1.394645e+00,1.419152e+00
4.509304e-02,8.355086e-01,7.906214e-02,1.383415e+00,1.412949e+00,1.420982e+00
4.560544e-02,8.450026e-01,7.974764e-02,1.395409e+00,1.416582e+00,1.421346e+00
4.611411e-02,8.544275e-01,8.017968e-02,1.402969e+00,1.418094e+00,1.421497e+00
4.661922e-02,8.637865e-01,8.043125e-02,1.407371e+00,1.420768e+00,1.448456e+00
4.712100e-02,8.730837e-01,8.075241e-02,1.412991e+00,1.442757e+00,1.452088e+00
4.761980e-02,8.823258e-01,8.139555e-02,1.424244e+00,1.447349e+00,1.452547e+00
4.811599e-02,8.915195e-01,8.189560e-02,1.432994e+00,1.449099e+00,1.452722e+00
4.860896e-02,9.006534e-01,8.216671e-02,1.437738e+00,1.450428e+00,1.463522e+00
4.909874e-02,9.097283e-01,8.244811e-02,1.442662e+00,1.471790e+00,1.483117e+00
4.958546e-02,9.187466e-01,8.300031e-02,1.452324e+00,1.477956e+00,1.483733e+00
5.006940e-02,9.277132e-01,8.359043e-02,1.462650e+00,1.480030e+00,1.483940e+00
5.055087e-02,9.366342e-01,8.389926e-02,1.468054e+00,1.481111e+00,1.484049e+00
5.103012e-02,9.455139e-01,8.414810e-02,1.472408e+00,1.499155e+00,1.513978e+00
5.150642e-02,9.543392e-01,8.460558e-02,1.480413e+00,1.508313e+00,1.514894e+00
5.197993e-02,9.631126e-01,8.526007e-02,1.491865e+00,1.510873e+00,1.515150e+00
5.245082e-02,9.718376e-01,8.561868e-02,1.498140e+00,1.512128e+00,1.515275e+00
5.291941e-02,9.805198e-01,8.585192e-02,1.502221e+00,1.521769e+00,1.544364e+00
5.338605e-02,9.891660e-01,8.622990e-02,1.508835e+00,1.538223e+00,1.546010e+00
5.385033e-02,9.977685e-01,8.688538e-02,1.520304e+00,1.541561e+00,1.546344e+00
5.431203e-02,1.006323e+00,8.731651e-02,1.527848e+00,1.543070e+00,1.546494e+00
5.477132e-02,1.014833e+00,8.755835e-02,1.532080e+00,1.545244e+00,1.571930e+00
5.522845e-02,1.023303e+00,8.786826e-02,1.537502e+00,1.567190e+00,1.577032e+00
5.568377e-02,1.031739e+00,8.843437e-02,1.547408e+00,1.571982e+00,1.577511e+00
5.613733e-02,1.040143e+00,8.898093e-02,1.556972e+00,1.573894e+00,1.577702e+00
5.658851e-02,1.048503e+00,8.926384e-02,1.561922e+00,1.574884e+00,1.577801e+00
5.703746e-02,1.056821e+00,8.951562e-02,1.566328e+00,1.593493e+00,1.607787e+00
5.748441e-02,1.065103e+00,8.993384e-02,1.573645e+00,1.601869e+00,1.608624e+00
5.792968e-02,1.073353e+00,9.058741e-02,1.585082e+00,1.604516e+00,1.608889e+00
5.837321e-02,1.081571e+00,9.094166e-02,1.591280e+00,1.605756e+00,1.609013e+00
5.881458e-02,1.089749e+00,9.117098e-02,1.595293e+00,1.609027e+00,1.637147e+00
5.925401e-02,1.097891e+00,9.147872e-02,1.600677e+00,1.630452e+00,1.639608e+00
5.969162e-02,1.105999e+00,9.208278e-02,1.611247e+00,1.634749e+00,1.640037e+00
6.012739e-02,1.114073e+00,9.256681e-02,1.619717e+00,1.636443e+00,1.640207e+00
6.056098e-02,1.122107e+00,9.284194e-02,1.624531e+00,1.637406e+00,1.640303e+00
6.099260e-02,1.130104e+00,9.307363e-02,1.628585e+00,1.655130e+00,1.670200e+00
6.142239e-02,1.138068e+00,9.348934e-02,1.635859e+00,1.664253e+00,1.671113e+00
6.185050e-02,1.146000e+00,9.411341e-02,1.646779e+00,1.666856e+00,1.671373e+00
6.227710e-02,1.153904e+00,9.448883e-02,1.653348e+00,1.668170e+00,1.671504e+00
6.270176e-02,1.161773e+00,9.471035e-02,1.657224e+00,1.670503e+00,1.697799e+00
6.312461e-02,1.169607e+00,9.500516e-02,1.662383e+00,1.692038e+00,1.702016e+00
6.354579e-02,1.177411e+00,9.552249e-02,1.671435e+00,1.696784e+00,1.702491e+00
6.396541e-02,1.185186e+00,9.607888e-02,1.681170e+00,1.698734e+00,1.702686e+00
6.438363e-02,1.192935e+00,9.636828e-02,1.686234e+00,1.699747e+00,1.702787e+00
6.480025e-02,1.200655e+00,9.659273e-02,1.690162e+00,1.712904e+00,1.732228e+00
6.521522e-02,1.208343e+00,9.693487e-02,1.696148e+00,1.725604e+00,1.733498e+00
6.562867e-02,1.216004e+00,9.756549e-02,1.707183e+00,1.728937e+00,1.733831e+00
6.604068e-02,1.223638e+00,9.798301e-02,1.714488e+00,1.730398e+00,1.733977e+00
6.645140e-02,1.231248e+00,9.822876e-02,1.718788e+00,1.731319e+00,1.734138e+00
6.686077e-02,1.238833e+00,9.847041e-02,1.723017e+00,1.751056e+00,1.764168e+00
6.726863e-02,1.246390e+00,9.891103e-02,1.730727e+00,1.758423e+00,1.764905e+00
6.767509e-02,1.253921e+00,9.952125e-02,1.741404e+00,1.760781e+00,1.765141e+00
6.808025e-02,1.261428e+00,9.987170e-02,1.747536e+00,1.762007e+00,1.765263e+00
6.848422e-02,1.268913e+00,1.000879e-01,1.751319e+00,1.764875e+00,1.792861e+00
6.888702e-02,1.276376e+00,1.003934e-01,1.756666e+00,1.786425e+00,1.795830e+00
6.928845e-02,1.283814e+00,1.009444e-01,1.766306e+00,1.790761e+00,1.796264e+00
6.968859e-02,1.291228e+00,1.014686e-01,1.775478e+00,1.792596e+00,1.796447e+00
7.008752e-02,1.298620e+00,1.017471e-01,1.780351e+00,1.793570e+00,1.796545e+00
7.048535e-02,1.305991e+00,1.019779e-01,1.784391e+00,1.809453e+00,1.826258e+00
7.088215e-02,1.313343e+00,1.023470e-01,1.790849e+00,1.819913e+00,1.827304e+00
7.127769e-02,1.320672e+00,1.029901e-01,1.802102e+00,1.822920e+00,1.827605e+00
7.167204e-02,1.327979e+00,1.033823e-01,1.808965e+00,1.824293e+00,1.827742e+00
7.206528e-02,1.335265e+00,1.036173e-01,1.813076e+00,1.826036e+00,1.850581e+00
7.245749e-02,1.342532e+00,1.038827e-01,1.817720e+00,1.846897e+00,1.858127e+00
7.284875e-02,1.349782e+00,1.043821e-01,1.826458e+00,1.852752e+00,1.858713e+00
7.323887e-02,1.357010e+00,1.049642e-01,1.836643e+00,1.854829e+00,1.858920e+00
7.362789e-02,1.364218e+00,1.052812e-01,1.842191e+00,1.855938e+00,1.859031e+00
7.401587e-02,1.371407e+00,1.054996e-01,1.846013e+00,1.865923e+00,1.888155e+00
7.440288e-02,1.378577e+00,1.058506e-01,1.852154e+00,1.881690e+00,1.889731e+00
7.478885e-02,1.385729e+00,1.064713e-01,1.863015e+00,1.885103e+00,1.890073e+00
7.517346e-02,1.392855e+00,1.069161e-01,1.870798e+00,1.886660e+00,1.890228e+00
7.555679e-02,1.399958e+00,1.071633e-01,1.875123e+00,1.887721e+00,1.890555e+00
7.593898e-02,1.407039e+00,1.074273e-01,1.879743e+00,1.908456e+00,1.920533e+00
7.632025e-02,1.414103e+00,1.078853e-01,1.887756e+00,1.914922e+00,1.921180e+00
7.670052e-02,1.421149e+00,1.085063e-01,1.898623e+00,1.917225e+00,1.921410e+00
7.707951e-02,1.428171e+00,1.088335e-01,1.904347e+00,1.918369e+00,1.921524e+00
7.745726e-02,1.435171e+00,1.090596e-01,1.908304e+00,1.926224e+00,1.950435e+00
7.783393e-02,1.442150e+00,1.093887e-01,1.914063e+00,1.943750e+00,1.952188e+00
7.820972e-02,1.449113e+00,1.100155e-01,1.925031e+00,1.947506e+00,1.952563e+00
7.858448e-02,1.456056e+00,1.104691e-01,1.932968e+00,1.949094e+00,1.952722e+00
7.895828e-02,1.462982e+00,1.107278e-01,1.937494e+00,1.949999e+00,1.952812e+00
7.933090e-02,1.469886e+00,1.109769e-01,1.941853e+00,1.970034e+00,1.982941e+00
7.970249e-02,1.476771e+00,1.114340e-01,1.949851e+00,1.977297e+00,1.983667e+00
8.007327e-02,1.483641e+00,1.120540e-01,1.960701e+00,1.979640e+00,1.983902e+00
8.044306e-02,1.490493e+00,1.123968e-01,1.966698e+00,1.980840e+00,1.984021e+00
8.081204e-02,1.497330e+00,1.126179e-01,1.970566e+00,1.985619e+00,2.012624e+00
8.117994e-02,1.504146e+00,1.129522e-01,1.976417e+00,2.006132e+00,2.014676e+00
8.154689e-02,1.510945e+00,1.135618e-01,1.987083e+00,2.009917e+00,2.015054e+00
8.191304e-02,1.517730e+00,1.140351e-01,1.995365e+00,2.011573e+00,2.015220e+00
8.227831e-02,1.524498e+00,1.142943e-01,1.999899e+00,2.012480e+00,2.015310e+00
8.264284e-02,1.531252e+00,1.145528e-01,2.004423e+00,2.032710e+00,2.045458e+00
8.300640e-02,1.537988e+00,1.149982e-01,2.012217e+00,2.039753e+00,2.046163e+00
8.336910e-02,1.544708e+00,1.156314e-01,2.023297e+00,2.042159e+00,2.046403e+00
8.373104e-02,1.551415e+00,1.159689e-01,2.029202e+00,2.043340e+00,2.046522e+00
8.409216e-02,1.558106e+00,1.161961e-01,2.033178e+00,2.049669e+00,2.075279e+00
8.445259e-02,1.564784e+00,1.165231e-01,2.038899e+00,2.068616e+00,2.077174e+00
8.481215e-02,1.571446e+00,1.171490e-01,2.049851e+00,2.072470e+00,2.077560e+00
8.517096e-02,1.578094e+00,1.176102e-01,2.057921e+00,2.074084e+00,2.077721e+00
8.552906e-02,1.584729e+00,1.178711e-01,2.062487e+00,2.074997e+00,2.077812e+00
8.588641e-02,1.591350e+00,1.181222e-01,2.066879e+00,2.095101e+00,2.107948e+00
8.624308e-02,1.597959e+00,1.185843e-01,2.074966e+00,2.102333e+00,2.108671e+00
8.659893e-02,1.604552e+00,1.192053e-01,2.085832e+00,2.104666e+00,2.108904e+00
8.695412e-02,1.611134e+00,1.195462e-01,2.091797e+00,2.105859e+00,2.109023e+00
8.730868e-02,1.617703e+00,1.197688e-01,2.095691e+00,2.112347e+00,2.137797e+00
8.766251e-02,1.624259e+00,1.201113e-01,2.101684e+00,2.131346e+00,2.139697e+00
8.801569e-02,1.630803e+00,1.207319e-01,2.112545e+00,2.135009e+00,2.140063e+00
8.836822e-02,1.637335e+00,1.211940e-01,2.120631e+00,2.136626e+00,2.140225e+00
8.872015e-02,1.643856e+00,1.214487e-01,2.125087e+00,2.137656e+00,2.140484e+00
8.907135e-02,1.650363e+00,1.217163e-01,2.129770e+00,2.158513e+00,2.170539e+00
8.942187e-02,1.656857e+00,1.221850e-01,2.137971e+00,2.164985e+00,2.171186e+00
8.977174e-02,1.663340e+00,1.228072e-01,2.148857e+00,2.167271e+00,2.171415e+00
9.012103e-02,1.669812e+00,1.231329e-01,2.154557e+00,2.168411e+00,2.171529e+00
9.046977e-02,1.676274e+00,1.233635e-01,2.158591e+00,2.179141e+00,2.200727e+00
9.081783e-02,1.682723e+00,1.237114e-01,2.164679e+00,2.194207e+00,2.202233e+00
9.116524e-02,1.689159e+00,1.243593e-01,2.176015e+00,2.197703e+00,2.202583e+00
9.151202e-02,1.695585e+00,1.247908e-01,2.183566e+00,2.199213e+00,2.202734e+00
9.185825e-02,1.702000e+00,1.250397e-01,2.187922e+00,2.200760e+00,2.222492e+00
9.220397e-02,1.708406e+00,1.253095e-01,2.192643e+00,2.221755e+00,2.233113e+00
9.254909e-02,1.714800e+00,1.258200e-01,2.201574e+00,2.227781e+00,2.233716e+00
9.289358e-02,1.721183e+00,1.264117e-01,2.211928e+00,2.229886e+00,2.233926e+00
9.323749e-02,1.727555e+00,1.267274e-01,2.217452e+00,2.230990e+00,2.234037e+00
9.358084e-02,1.733917e+00,1.269544e-01,2.221424e+00,2.244242e+00,2.263487e+00
9.392372e-02,1.740270e+00,1.273344e-01,2.228074e+00,2.257263e+00,2.264789e+00
9.426607e-02,1.746613e+00,1.279805e-01,2.239379e+00,2.260376e+00,2.265100e+00
9.460784e-02,1.752946e+00,1.283945e-01,2.246622e+00,2.261824e+00,2.265245e+00
9.494904e-02,1.759268e+00,1.286318e-01,2.250775e+00,2.263895e+00,2.290261e+00
9.528974e-02,1.765580e+00,1.289291e-01,2.255977e+00,2.285581e+00,2.295746e+00
9.562997e-02,1.771885e+00,1.294746e-01,2.265523e+00,2.290604e+00,2.296248e+00
9.596974e-02,1.778180e+00,1.300356e-01,2.275338e+00,2.292568e+00,2.296444e+00
9.630894e-02,1.784465e+00,1.303280e-01,2.280455e+00,2.293591e+00,2.296547e+00
9.664763e-02,1.790740e+00,1.305723e-01,2.284729e+00,2.310965e+00,2.326409e+00
9.698583e-02,1.797007e+00,1.309783e-01,2.291834e+00,2.320387e+00,2.327351e+00
9.732360e-02,1.803265e+00,1.316380e-01,2.303377e+00,2.323175e+00,2.327630e+00
9.766095e-02,1.809515e+00,1.320098e-01,2.309883e+00,2.324477e+00,2.327760e+00
9.799777e-02,1.815756e+00,1.322441e-01,2.313983e+00,2.327669e+00,2.355770e+00
9.833410e-02,1.821988e+00,1.325593e-01,2.319497e+00,2.349272e+00,2.358365e+00
9.866998e-02,1.828211e+00,1.331776e-01,2.330316e+00,2.353563e+00,2.358794e+00
9.900545e-02,1.834427e+00,1.336670e-01,2.338881e+00,2.355276e+00,2.358965e+00
9.934053e-02,1.840636e+00,1.339384e-01,2.343630e+00,2.356226e+00,2.359060e+00
9.967512e-02,1.846835e+00,1.341923e-01,2.348072e+00,2.376202e+00,2.389183e+00
1.000092e-01,1.853026e+00,1.346643e-01,2.356330e+00,2.383619e+00,2.389924e+00
1.003429e-01,1.859209e+00,1.352931e-01,2.367333e+00,2.385967e+00,2.390159e+00
1.006761e-01,1.865382e+00,1.356330e-01,2.373281e+00,2.387156e+00,2.390278e+00
1.010089e-01,1.871549e+00,1.358613e-01,2.377276e+00,2.397297e+00,2.419417e+00
1.013412e-01,1.877705e+00,1.362293e-01,2.383715e+00,2.413147e+00,2.421002e+00
1.016728e-01,1.883850e+00,1.368767e-01,2.395042e+00,2.416508e+00,2.421338e+00
1.020039e-01,1.889984e+00,1.373105e-01,2.402633e+00,2.418027e+00,2.421490e+00
1.023345e-01,1.896109e+00,1.375546e-01,2.406904e+00,2.419928e+00,2.445349e+00
1.026644e-01,1.902222e+00,1.378521e-01,2.412110e+00,2.441667e+00,2.451979e+00
1.029939e-01,1.908327e+00,1.383996e-01,2.421690e+00,2.446838e+00,2.452496e+00
1.033230e-01,1.914425e+00,1.389676e-01,2.431629e+00,2.448826e+00,2.452695e+00
1.036512e-01,1.920506e+00,1.392617e-01,2.436775e+00,2.449855e+00,2.452798e+00
1.039788e-01,1.926576e+00,1.395110e-01,2.441137e+00,2.467825e+00,2.482720e+00
1.043059e-01,1.932637e+00,1.399301e-01,2.448471e+00,2.476799e+00,2.483617e+00
1.046328e-01,1.938693e+00,1.405916e-01,2.460045e+00,2.479509e+00,2.483888e+00
1.049587e-01,1.944733e+00,1.409550e-01,2.466403e+00,2.480781e+00,2.484016e+00
1.052840e-01,1.950760e+00,1.411899e-01,2.470515e+00,2.484839e+00,2.512546e+00
1.056088e-01,1.956778e+00,1.415196e-01,2.476284e+00,2.506019e+00,2.514664e+00
1.059334e-01,1.962792e+00,1.421595e-01,2.487481e+00,2.509996e+00,2.515062e+00
1.062572e-01,1.968791e+00,1.426249e-01,2.495623e+00,2.511625e+00,2.515225e+00
1.065802e-01,1.974777e+00,1.428861e-01,2.500194e+00,2.512849e+00,2.521412e+00
1.069028e-01,1.980754e+00,1.431524e-01,2.504854e+00,2.533691e+00,2.545557e+00
1.072251e-01,1.986725e+00,1.436577e-01,2.513696e+00,2.540185e+00,2.546206e+00
1.075468e-01,1.992686e+00,1.442645e-01,2.524313e+00,2.542363e+00,2.546424e+00
1.078677e-01,1.998631e+00,1.445866e-01,2.529949e+00,2.543490e+00,2.546536e+00
1.081880e-01,2.004566e+00,1.448172e-01,2.533985e+00,2.557146e+00,2.576027e+00
1.085080e-01,2.010495e+00,1.452079e-01,2.540821e+00,2.569898e+00,2.577302e+00
1.088277e-01,2.016419e+00,1.458617e-01,2.552262e+00,2.572952e+00,2.577608e+00
1.091465e-01,2.022326e+00,1.462689e-01,2.559386e+00,2.574377e+00,2.577750e+00
1.094646e-01,2.028221e+00,1.465050e-01,2.563517e+00,2.576831e+00,2.604263e+00
1.097824e-01,2.034109e+00,1.468175e-01,2.568985e+00,2.598720e+00,2.608310e+00
1.101001e-01,2.039995e+00,1.473988e-01,2.579156e+00,2.603331e+00,2.608771e+00
1.104169e-01,2.045865e+00,1.479294e-01,2.588440e+00,2.605188e+00,2.608956e+00
1.107330e-01,2.051721e+00,1.482096e-01,2.593344e+00,2.606169e+00,2.609054e+00
1.110486e-01,2.057570e+00,1.484670e-01,2.597848e+00,2.625584e+00,2.639121e+00
1.113641e-01,2.063415e+00,1.489086e-01,2.605575e+00,2.633371e+00,2.639900e+00
1.116790e-01,2.069250e+00,1.495586e-01,2.616948e+00,2.635890e+00,2.640151e+00
1.119931e-01,2.075069e+00,1.499044e-01,2.622999e+00,2.637100e+00,2.640272e+00
1.123067e-01,2.080879e+00,1.501386e-01,2.627097e+00,2.645464e+00,2.669234e+00
1.126200e-01,2.086685e+00,1.504812e-01,2.633092e+00,2.662716e+00,2.670959e+00
1.129330e-01,2.092485e+00,1.511329e-01,2.644496e+00,2.666399e+00,2.671327e+00
1.132451e-01,2.098268e+00,1.515753e-01,2.652237e+00,2.667947e+00,2.671482e+00
1.135566e-01,2.104039e+00,1.518286e-01,2.656669e+00,2.669505e+00,2.691167e+00
1.138678e-01,2.109805e+00,1.521019e-01,2.661450e+00,2.690610e+00,2.701874e+00
1.141790e-01,2.115571e+00,1.526263e-01,2.670626e+00,2.696604e+00,2.702473e+00
1.144892e-01,2.121319e+00,1.532140e-01,2.680910e+00,2.698682e+00,2.702681e+00
1.147987e-01,2.127054e+00,1.535266e-01,2.686380e+00,2.699776e+00,2.702790e+00
1.151078e-01,2.132781e+00,1.537577e-01,2.690424e+00,2.714549e+00,2.732392e+00
1.154168e-01,2.138506e+00,1.541562e-01,2.697396e+00,2.726316e+00,2.733569e+00
1.157253e-01,2.144221e+00,1.548069e-01,2.708782e+00,2.729256e+00,2.733863e+00
1.160328e-01,2.149920e+00,1.552054e-01,2.715754e+00,2.730651e+00,2.734003e+00
1.163399e-01,2.155609e+00,1.554386e-01,2.719836e+00,2.733205e+00,2.760818e+00
1.166468e-01,2.161295e+00,1.557526e-01,2.725329e+00,2.755079e+00,2.764570e+00
1.169537e-01,2.166982e+00,1.563342e-01,2.735506e+00,2.759601e+00,2.765023e+00
1.172595e-01,2.172648e+00,1.568600e-01,2.744708e+00,2.761442e+00,2.765207e+00
1.175646e-01,2.178301e+00,1.571385e-01,2.749581e+00,2.762416e+00,2.765304e+00
1.178694e-01,2.183949e+00,1.573943e-01,2.754055e+00,2.781710e+00,2.795358e+00
1.181742e-01,2.189597e+00,1.578295e-01,2.761671e+00,2.789566e+00,2.796144e+00
1.184784e-01,2.195233e+00,1.584793e-01,2.773040e+00,2.792108e+00,2.796398e+00
1.187817e-01,2.200852e+00,1.588270e-01,2.779125e+00,2.793325e+00,2.796520e+00
1.190845e-01,2.206464e+00,1.590597e-01,2.783197e+00,2.799925e+00,2.825305e+00
1.193873e-01,2.212073e+00,1.593927e-01,2.789023e+00,2.818719e+00,2.827184e+00
1.196898e-01,2.217679e+00,1.600355e-01,2.800271e+00,2.822554e+00,2.827568e+00
1.199914e-01,2.223266e+00,1.604885e-01,2.808197e+00,2.824139e+00,2.827726e+00
1.202923e-01,2.228842e+00,1.607451e-01,2.812688e+00,2.825339e+00,2.833154e+00
1.205930e-01,2.234414e+00,1.610071e-01,2.817273e+00,2.846019e+00,2.858039e+00
1.208939e-01,2.239988e+00,1.615025e-01,2.825941e+00,2.852617e+00,2.858699e+00
1.211939e-01,2.245546e+00,1.621088e-01,2.836549e+00,2.854810e+00,2.858918e+00
1.214930e-01,2.251089e+00,1.624348e-01,2.842254e+00,2.855951e+00,2.859033e+00
1.217918e-01,2.256625e+00,1.626607e-01,2.846206e+00,2.867622e+00,2.888325e+00
1.220905e-01,2.262160e+00,1.630337e-01,2.852733e+00,2.882065e+00,2.889769e+00
1.223890e-01,2.267690e+00,1.636752e-01,2.863958e+00,2.885292e+00,2.890092e+00
1.226864e-01,2.273201e+00,1.641007e-01,2.871404e+00,2.886781e+00,2.890241e+00
1.229833e-01,2.278702e+00,1.643411e-01,2.875610e+00,2.888598e+00,2.913561e+00
1.232800e-01,2.284199e+00,1.646332e-01,2.880721e+00,2.910215e+00,2.920709e+00
1.235769e-01,2.289701e+00,1.651594e-01,2.889929e+00,2.915479e+00,2.921235e+00
1.238729e-01,2.295185e+00,1.657370e-01,2.900035e+00,2.917507e+00,2.921438e+00
1.241681e-01,2.300654e+00,1.660350e-01,2.905250e+00,2.918550e+00,2.921542e+00
1.244629e-01,2.306116e+00,1.662752e-01,2.909452e+00,2.934748e+00,2.951287e+00
1.247577e-01,2.311578e+00,1.666625e-01,2.916230e+00,2.945107e+00,2.952323e+00
1.250524e-01,2.317038e+00,1.673236e-01,2.927798e+00,2.948060e+00,2.952618e+00
1.253460e-01,2.322480e+00,1.677070e-01,2.934505e+00,2.949401e+00,2.952753e+00
1.256391e-01,2.327910e+00,1.679418e-01,2.938614e+00,2.952005e+00,2.979679e+00
1.259320e-01,2.333336e+00,1.682368e-01,2.943775e+00,2.973469e+00,2.983284e+00
1.262250e-01,2.338767e+00,1.688171e-01,2.953930e+00,2.978286e+00,2.983766e+00
1.265173e-01,2.344182e+00,1.693407e-01,2.963091e+00,2.980118e+00,2.983949e+00
1.268088e-01,2.349583e+00,1.696280e-01,2.968119e+00,2.981124e+00,2.984050e+00
1.270999e-01,2.354976e+00,1.698626e-01,2.972224e+00,2.998443e+00,3.013907e+00
1.273909e-01,2.360369e+00,1.702817e-01,2.979558e+00,3.007982e+00,3.014861e+00
1.276821e-01,2.365763e+00,1.709216e-01,2.990755e+00,3.010651e+00,3.015128e+00
1.279722e-01,2.371139e+00,1.712973e-01,2.997328e+00,3.011966e+00,3.015259e+00
1.282617e-01,2.376502e+00,1.715234e-01,3.001284e+00,3.014812e+00,3.042761e+00
1.285509e-01,2.381862e+00,1.718400e-01,3.006825e+00,3.036595e+00,3.045847e+00
1.288403e-01,2.387224e+00,1.724200e-01,3.016972e+00,3.040894e+00,3.046277e+00
1.291292e-01,2.392576e+00,1.729348e-01,3.025980e+00,3.042696e+00,3.046457e+00
1.294172e-01,2.397913e+00,1.732089e-01,3.030777e+00,3.043655e+00,3.046553e+00
1.297048e-01,2.403242e+00,1.734584e-01,3.035142e+00,3.062454e+00,3.076558e+00
1.299924e-01,2.408570e+00,1.738739e-01,3.042414e+00,3.070626e+00,3.077375e+00
1.302802e-01,2.413903e+00,1.745240e-01,3.053788e+00,3.073258e+00,3.077638e+00
1.305671e-01,2.419218e+00,1.748792e-01,3.060003e+00,3.074501e+00,3.077763e+00
1.308533e-01,2.424521e+00,1.751088e-01,3.064022e+00,3.077739e+00,3.105853e+00
1.311392e-01,2.429818e+00,1.754157e-01,3.069391e+00,3.099164e+00,3.108354e+00
1.314251e-01,2.435116e+00,1.760162e-01,3.079899e+00,3.103480e+00,3.108785e+00
1.317109e-01,2.440412e+00,1.765080e-01,3.088503e+00,3.105201e+00,3.108958e+00
1.319959e-01,2.445693e+00,1.767835e-01,3.093325e+00,3.106165e+00,3.109054e+00
1.322804e-01,2.450963e+00,1.770191e-01,3.097447e+00,3.124292e+00,3.138992e+00
1.325647e-01,2.456231e+00,1.774428e-01,3.104861e+00,3.133105e+00,3.139873e+00
1.328491e-01,2.461501e+00,1.780735e-01,3.115897e+00,3.135679e+00,3.140130e+00
1.331331e-01,2.466763e+00,1.784425e-01,3.122353e+00,3.136971e+00,3.140260e+00
1.334164e-01,2.472011e+00,1.786653e-01,3.126253e+00,3.139755e+00,3.167664e+00
1.336992e-01,2.477252e+00,1.789755e-01,3.131680e+00,3.161441e+00,3.170832e+00
1.339820e-01,2.482492e+00,1.795376e-01,3.141515e+00,3.165803e+00,3.171268e+00
1.342646e-01,2.487728e+00,1.800612e-01,3.150677e+00,3.167635e+00,3.171451e+00
1.345467e-01,2.492954e+00,1.803391e-01,3.155539e+00,3.168608e+00,3.171548e+00
1.348283e-01,2.498173e+00,1.805787e-01,3.159733e+00,3.185980e+00,3.201410e+00
1.351097e-01,2.503386e+00,1.809671e-01,3.166528e+00,3.195249e+00,3.202337e+00
1.353909e-01,2.508596e+00,1.816163e-01,3.177889e+00,3.198078e+00,3.202620e+00
1.356712e-01,2.513791e+00,1.819901e-01,3.184428e+00,3.199386e+00,3.202751e+00
1.359511e-01,2.518977e+00,1.822202e-01,3.188455e+00,3.201719e+00,3.228948e+00
1.362308e-01,2.524159e+00,1.825000e-01,3.193350e+00,3.222904e+00,3.233228e+00
1.365105e-01,2.529342e+00,1.830375e-01,3.202755e+00,3.228049e+00,3.233742e+00
1.367895e-01,2.534511e+00,1.835850e-01,3.212336e+00,3.229967e+00,3.233934e+00
1.370678e-01,2.539667e+00,1.838848e-01,3.217581e+00,3.231016e+00,3.234039e+00
1.373457e-01,2.544816e+00,1.841042e-01,3.221421e+00,3.244220e+00,3.263485e+00
1.376235e-01,2.549963e+00,1.844714e-01,3.227846e+00,3.257132e+00,3.264776e+00
1.379011e-01,2.555107e+00,1.850942e-01,3.238743e+00,3.260249e+00,3.265087e+00
1.381779e-01,2.560237e+00,1.855157e-01,3.246119e+00,3.261724e+00,3.265235e+00
1.384542e-01,2.565356e+00,1.857538e-01,3.250286e+00,3.263014e+00,3.279473e+00
1.387303e-01,2.570470e+00,1.860210e-01,3.254960e+00,3.283906e+00,3.295578e+00
1.390062e-01,2.575583e+00,1.864785e-01,3.262967e+00,3.289984e+00,3.296186e+00
1.392816e-01,2.580685e+00,1.870894e-01,3.273655e+00,3.292231e+00,3.296411e+00
1.395563e-01,2.585775e+00,1.874108e-01,3.279279e+00,3.293356e+00,3.296523e+00
1.398306e-01,2.590857e+00,1.876329e-01,3.283165e+00,3.299499e+00,3.325262e+00
1.401047e-01,2.595936e+00,1.879458e-01,3.288641e+00,3.318393e+00,3.327152e+00
1.403786e-01,2.601012e+00,1.885472e-01,3.299164e+00,3.322333e+00,3.327546e+00
1.406518e-01,2.606073e+00,1.890148e-01,3.307346e+00,3.323969e+00,3.327709e+00
1.409243e-01,2.611123e+00,1.892824e-01,3.312028e+00,3.324906e+00,3.327803e+00
1.411966e-01,2.616168e+00,1.895089e-01,3.315992e+00,3.342266e+00,3.357664e+00
1.414687e-01,2.621210e+00,1.899069e-01,3.322955e+00,3.351580e+00,3.358595e+00
1.417403e-01,2.626242e+00,1.905260e-01,3.333789e+00,3.354258e+00,3.358863e+00
1.420111e-01,2.631260e+00,1.909082e-01,3.340476e+00,3.355595e+00,3.358997e+00
1.422814e-01,2.636268e+00,1.911318e-01,3.344389e+00,3.357401e+00,3.382674e+00
1.425514e-01,2.641271e+00,1.914055e-01,3.349177e+00,3.378503e+00,3.389413e+00
1.428213e-01,2.646272e+00,1.918754e-01,3.357400e+00,3.383923e+00,3.389955e+00
1.430904e-01,2.651258e+00,1.924631e-01,3.367684e+00,3.386037e+00,3.390166e+00
1.433587e-01,2.656229e+00,1.927725e-01,3.373097e+00,3.387119e+00,3.390274e+00
1.436265e-01,2.661191e+00,1.929881e-01,3.376870e+00,3.392643e+00,3.418952e+00
1.438941e-01,2.666149e+00,1.932902e-01,3.382156e+00,3.411926e+00,3.420880e+00
1.441617e-01,2.671107e+00,1.938684e-01,3.392273e+00,3.415955e+00,3.421283e+00
1.444283e-01,2.676047e+00,1.943455e-01,3.400621e+00,3.417624e+00,3.421450e+00
1.446942e-01,2.680973e+00,1.946187e-01,3.405401e+00,3.418580e+00,3.421546e+00
1.449596e-01,2.685891e+00,1.948318e-01,3.409131e+00,3.433051e+00,3.451118e+00
1.452248e-01,2.690806e+00,1.951893e-01,3.415385e+00,3.444655e+00,3.452278e+00
1.454902e-01,2.695721e+00,1.957914e-01,3.425921e+00,3.447684e+00,3.452581e+00
1.457545e-01,2.700619e+00,1.962094e-01,3.433236e+00,3.449147e+00,3.452727e+00
1.460181e-01,2.705504e+00,1.964475e-01,3.437402e+00,3.449980e+00,3.452811e+00
1.462813e-01,2.710381e+00,1.966870e-01,3.441592e+00,3.469319e+00,3.482869e+00
1.465444e-01,2.715255e+00,1.970780e-01,3.448434e+00,3.476784e+00,3.483616e+00
1.468076e-01,2.720131e+00,1.976980e-01,3.459283e+00,3.479357e+00,3.483873e+00
1.470700e-01,2.724993e+00,1.980543e-01,3.465516e+00,3.480603e+00,3.483998e+00
1.473317e-01,2.729843e+00,1.982761e-01,3.469398e+00,3.482416e+00,3.507775e+00
1.475931e-01,2.734685e+00,1.985268e-01,3.473784e+00,3.502800e+00,3.514343e+00
1.478542e-01,2.739524e+00,1.989797e-01,3.481709e+00,3.508732e+00,3.514936e+00
1.481155e-01,2.744365e+00,1.995592e-01,3.491849e+00,3.510870e+00,3.515149e+00
1.483762e-01,2.749195e+00,1.998875e-01,3.497595e+00,3.512019e+00,3.515264e+00
1.486362e-01,2.754013e+00,2.000938e-01,3.501203e+00,3.514666e+00,3.542505e+00
1.488959e-01,2.758824e+00,2.003751e-01,3.506126e+00,3.535780e+00,3.545765e+00
1.491554e-01,2.763632e+00,2.008598e-01,3.514607e+00,3.540407e+00,3.546228e+00
1.494150e-01,2.768442e+00,2.014114e-01,3.524258e+00,3.542352e+00,3.546423e+00
1.496740e-01,2.773243e+00,2.017057e-01,3.529408e+00,3.543382e+00,3.546526e+00
1.499325e-01,2.778032e+00,2.019139e-01,3.533052e+00,3.547906e+00,3.575103e+00
1.501907e-01,2.782815e+00,2.022016e-01,3.538086e+00,3.567858e+00,3.577098e+00
1.504487e-01,2.787595e+00,2.027444e-01,3.547583e+00,3.572017e+00,3.577514e+00
1.507068e-01,2.792377e+00,2.032376e-01,3.556214e+00,3.573743e+00,3.577687e+00
1.509644e-01,2.797150e+00,2.035190e-01,3.561138e+00,3.574728e+00,3.577785e+00
1.512214e-01,2.801913e+00,2.037200e-01,3.564655e+00,3.583593e+00,3.606797e+00
1.514780e-01,2.806668e+00,2.040319e-01,3.570112e+00,3.599835e+00,3.608421e+00
1.517346e-01,2.811421e+00,2.045809e-01,3.579718e+00,3.603444e+00,3.608782e+00
1.519912e-01,2.816176e+00,2.050555e-01,3.588023e+00,3.605105e+00,3.608948e+00
1.522473e-01,2.820922e+00,2.053187e-01,3.592628e+00,3.606026e+00,3.609040e+00
1.525029e-01,2.825658e+00,2.055267e-01,3.596268e+00,3.618110e+00,3.638374e+00
1.527581e-01,2.830386e+00,2.058361e-01,3.601681e+00,3.631344e+00,3.639697e+00
1.530132e-01,2.835112e+00,2.064089e-01,3.611705e+00,3.634841e+00,3.640047e+00
1.532683e-01,2.839839e+00,2.068529e-01,3.619474e+00,3.636395e+00,3.640202e+00
1.535229e-01,2.844556e+00,2.071137e-01,3.624036e+00,3.637307e+00,3.640293e+00
1.537769e-01,2.849263e+00,2.073135e-01,3.627533e+00,3.649470e+00,3.669635e+00
1.540305e-01,2.853962e+00,2.076324e-01,3.633112e+00,3.662731e+00,3.670961e+00
1.542840e-01,2.858658e+00,2.081864e-01,3.642807e+00,3.666061e+00,3.671294e+00
1.545375e-01,2.863356e+00,2.086387e-01,3.650721e+00,3.667644e+00,3.671452e+00
1.547904e-01,2.868041e+00,2.088934e-01,3.655178e+00,3.668536e+00,3.671541e+00
1.550427e-01,2.872715e+00,2.090962e-01,3.658726e+00,3.680277e+00,3.700840e+00
1.552945e-01,2.877382e+00,2.093966e-01,3.663983e+00,3.693686e+00,3.702181e+00
1.555463e-01,2.882046e+00,2.099501e-01,3.673668e+00,3.697234e+00,3.702536e+00
1.557980e-01,2.886711e+00,2.104022e-01,3.681578e+00,3.698816e+00,3.702694e+00
1.560490e-01,2.891361e+00,2.106673e-01,3.686216e+00,3.699743e+00,3.702787e+00
1.562992e-01,2.895998e+00,2.108598e-01,3.689586e+00,3.707842e+00,3.731722e+00
1.565491e-01,2.900627e+00,2.111528e-01,3.694713e+00,3.724480e+00,3.733386e+00
1.567988e-01,2.905255e+00,2.116613e-01,3.703610e+00,3.728222e+00,3.733760e+00
1.570488e-01,2.909886e+00,2.121527e-01,3.712209e+00,3.729942e+00,3.733932e+00
1.572979e-01,2.914502e+00,2.124247e-01,3.716968e+00,3.730894e+00,3.734027e+00
1.575463e-01,2.919105e+00,2.126195e-01,3.720375e+00,3.734176e+00,3.762309e+00
1.577944e-01,2.923701e+00,2.128814e-01,3.724960e+00,3.754637e+00,3.764526e+00
1.580423e-01,2.928294e+00,2.133482e-01,3.733127e+00,3.759104e+00,3.764973e+00
1.582905e-01,2.932893e+00,2.138715e-01,3.742283e+00,3.760957e+00,3.765158e+00
1.585381e-01,2.937482e+00,2.141714e-01,3.747532e+00,3.762006e+00,3.765263e+00
1.587851e-01,2.942057e+00,2.143627e-01,3.750878e+00,3.764080e+00,3.791001e+00
1.590317e-01,2.946626e+00,2.146071e-01,3.755155e+00,3.784279e+00,3.795615e+00
1.592782e-01,2.951194e+00,2.150021e-01,3.762067e+00,3.789704e+00,3.796158e+00
1.595250e-01,2.955766e+00,2.155694e-01,3.771993e+00,3.791899e+00,3.796377e+00
1.597715e-01,2.960334e+00,2.158967e-01,3.777720e+00,3.793044e+00,3.796492e+00
1.600174e-01,2.964890e+00,2.161047e-01,3.781360e+00,3.793948e+00,3.796780e+00
1.602629e-01,2.969440e+00,2.163119e-01,3.784986e+00,3.811930e+00,3.826506e+00
1.605084e-01,2.973988e+00,2.166528e-01,3.790950e+00,3.819966e+00,3.827309e+00
1.607542e-01,2.978542e+00,2.172062e-01,3.800633e+00,3.822627e+00,3.827575e+00
1.610000e-01,2.983095e+00,2.175986e-01,3.807500e+00,3.824000e+00,3.827712e+00
1.612451e-01,2.987638e+00,2.178296e-01,3.811541e+00,3.824808e+00,3.827793e+00
1.614900e-01,2.992174e+00,2.180179e-01,3.814836e+00,3.835348e+00,3.856972e+00
1.617347e-01,2.996709e+00,2.182909e-01,3.819613e+00,3.849385e+00,3.858376e+00
1.619797e-01,3.001248e+00,2.187757e-01,3.828096e+00,3.853119e+00,3.858749e+00
1.622250e-01,3.005793e+00,2.192536e-01,3.836459e+00,3.854792e+00,3.858917e+00
1.624697e-01,3.010328e+00,2.195338e-01,3.841360e+00,3.855772e+00,3.859015e+00
1.627141e-01,3.014857e+00,2.197154e-01,3.844539e+00,3.857670e+00,3.884121e+00
1.629584e-01,3.019383e+00,2.199404e-01,3.848477e+00,3.877169e+00,3.889279e+00
1.632029e-01,3.023913e+00,2.202948e-01,3.854678e+00,3.883032e+00,3.889866e+00
1.634479e-01,3.028453e+00,2.208479e-01,3.864354e+00,3.885371e+00,3.890100e+00
1.636925e-01,3.032984e+00,2.211939e-01,3.870409e+00,3.886582e+00,3.890221e+00
1.639367e-01,3.037508e+00,2.214133e-01,3.874249e+00,3.887350e+00,3.890297e+00
1.641807e-01,3.042030e+00,2.215902e-01,3.877345e+00,3.897925e+00,3.919480e+00
1.644249e-01,3.046555e+00,2.218582e-01,3.882034e+00,3.911808e+00,3.920868e+00
1.646697e-01,3.051090e+00,2.223005e-01,3.889773e+00,3.915445e+00,3.921232e+00
1.649141e-01,3.055619e+00,2.227918e-01,3.898370e+00,3.917174e+00,3.921405e+00
1.651582e-01,3.060142e+00,2.230699e-01,3.903236e+00,3.918147e+00,3.921502e+00
1.654021e-01,3.064662e+00,2.232559e-01,3.906490e+00,3.919181e+00,3.932428e+00
1.656460e-01,3.069179e+00,2.234475e-01,3.909843e+00,3.936411e+00,3.951454e+00
1.658896e-01,3.073693e+00,2.237495e-01,3.915128e+00,3.944500e+00,3.952262e+00
1.661331e-01,3.078206e+00,2.242450e-01,3.923797e+00,3.947259e+00,3.952538e+00
1.663761e-01,3.082708e+00,2.246567e-01,3.931002e+00,3.948700e+00,3.952683e+00
1.666186e-01,3.087201e+00,2.248996e-01,3.935251e+00,3.949550e+00,3.952768e+00
1.668607e-01,3.091687e+00,2.250705e-01,3.938241e+00,3.951334e+00,3.977474e+00
1.671027e-01,3.096171e+00,2.252677e-01,3.941693e+00,3.969604e+00,3.982898e+00
1.673447e-01,3.100654e+00,2.255788e-01,3.947135e+00,3.976182e+00,3.983556e+00
1.675861e-01,3.105127e+00,2.260719e-01,3.955763e+00,3.978653e+00,3.983803e+00
1.678269e-01,3.109589e+00,2.264562e-01,3.962489e+00,3.979998e+00,3.983937e+00
1.680673e-01,3.114043e+00,2.266874e-01,3.966534e+00,3.980807e+00,3.984018e+00
1.683075e-01,3.118494e+00,2.268508e-01,3.969393e+00,3.982407e+00,4.007714e+00
1.685478e-01,3.122945e+00,2.270377e-01,3.972664e+00,4.000023e+00,4.014065e+00
1.687877e-01,3.127392e+00,2.273268e-01,3.977722e+00,4.007058e+00,4.014768e+00
1.690270e-01,3.131824e+00,2.277877e-01,3.985787e+00,4.009657e+00,4.015028e+00
1.692656e-01,3.136246e+00,2.281913e-01,3.992849e+00,4.011070e+00,4.015169e+00
1.695040e-01,3.140663e+00,2.284327e-01,3.997073e+00,4.011915e+00,4.015254e+00
1.697423e-01,3.145079e+00,2.286023e-01,4.000041e+00,4.012574e+00,4.015394e+00
1.699809e-01,3.149499e+00,2.287678e-01,4.002936e+00,4.027117e+00,4.044899e+00
1.702188e-01,3.153907e+00,2.290156e-01,4.007273e+00,4.037036e+00,4.045891e+00
1.704560e-01,3.158302e+00,2.293967e-01,4.013940e+00,4.040247e+00,4.046212e+00
1.706927e-01,3.162687e+00,2.298601e-01,4.022050e+00,4.041910e+00,4.046378e+00
1.709292e-01,3.167069e+00,2.301357e-01,4.026872e+00,4.042874e+00,4.046475e+00
1.711658e-01,3.171453e+00,2.303266e-01,4.030212e+00,4.043542e+00,4.046542e+00
1.714028e-01,3.175844e+00,2.304731e-01,4.032776e+00,4.046497e+00,4.074612e+00
1.716389e-01,3.180220e+00,2.306751e-01,4.036309e+00,4.065348e+00,4.076847e+00
1.718743e-01,3.184582e+00,2.309683e-01,4.041440e+00,4.070208e+00,4.077333e+00
1.721093e-01,3.188936e+00,2.314397e-01,4.049689e+00,4.072438e+00,4.077556e+00
1.723442e-01,3.193288e+00,2.317857e-01,4.055742e+00,4.073648e+00,4.077677e+00
1.725793e-01,3.197644e+00,2.320171e-01,4.059791e+00,4.074458e+00,4.077758e+00
1.728149e-01,3.202010e+00,2.321722e-01,4.062506e+00,4.075010e+00,4.077823e+00
1.730495e-01,3.206356e+00,2.323336e-01,4.065330e+00,4.088995e+00,4.107337e+00
1.732833e-01,3.210689e+00,2.325566e-01,4.069231e+00,4.098996e+00,4.108337e+00
1.735168e-01,3.215014e+00,2.329147e-01,4.075499e+00,4.102494e+00,4.108687e+00
1.737502e-01,3.219339e+00,2.333653e-01,4.083382e+00,4.104176e+00,4.108855e+00
1.739840e-01,3.223671e+00,2.336671e-01,4.088663e+00,4.105233e+00,4.108961e+00
1.742182e-01,3.228011e+00,2.338599e-01,4.092037e+00,4.105907e+00,4.109028e+00
1.744514e-01,3.232332e+00,2.340083e-01,4.094633e+00,4.107840e+00,4.134785e+00
1.746839e-01,3.236638e+00,2.341812e-01,4.097659e+00,4.125010e+00,4.139063e+00
1.749160e-01,3.240939e+00,2.344444e-01,4.102264e+00,4.131765e+00,4.139739e+00
1.751482e-01,3.245241e+00,2.348490e-01,4.109344e+00,4.134369e+00,4.139999e+00
1.753809e-01,3.249554e+00,2.352700e-01,4.116710e+00,4.135842e+00,4.140147e+00
1.756141e-01,3.253875e+00,2.355212e-01,4.121105e+00,4.136721e+00,4.140235e+00
1.758462e-01,3.258175e+00,2.357002e-01,4.124239e+00,4.137348e+00,4.140297e+00
1.760776e-01,3.262463e+00,2.358432e-01,4.126741e+00,4.140703e+00,4.168758e+00
1.763088e-01,3.266745e+00,2.360471e-01,4.130307e+00,4.159550e+00,4.170642e+00
1.765401e-01,3.271032e+00,2.363425e-01,4.135477e+00,4.164090e+00,4.171096e+00
1.767722e-01,3.275333e+00,2.368197e-01,4.143826e+00,4.166265e+00,4.171314e+00
1.770047e-01,3.279641e+00,2.371573e-01,4.149735e+00,4.167447e+00,4.171432e+00
1.772361e-01,3.283928e+00,2.373851e-01,4.153720e+00,4.168244e+00,4.171512e+00
1.774669e-01,3.288203e+00,2.375373e-01,4.156383e+00,4.168989e+00,4.171825e+00
1.776974e-01,3.292475e+00,2.377040e-01,4.159299e+00,4.183987e+00,4.201211e+00
1.779284e-01,3.296755e+00,2.379368e-01,4.163374e+00,4.193146e+00,4.202127e+00
1.781604e-01,3.301053e+00,2.383262e-01,4.170187e+00,4.196496e+00,4.202462e+00
1.783926e-01,3.305356e+00,2.387743e-01,4.178028e+00,4.198106e+00,4.202623e+00
1.786237e-01,3.309638e+00,2.390639e-01,4.183096e+00,4.199119e+00,4.202724e+00
1.788542e-01,3.313908e+00,2.392484e-01,4.186324e+00,4.199765e+00,4.202789e+00
1.790846e-01,3.318178e+00,2.393995e-01,4.188968e+00,4.202642e+00,4.230736e+00
1.793156e-01,3.322458e+00,2.395953e-01,4.192393e+00,4.221272e+00,4.233065e+00
1.795478e-01,3.326761e+00,2.399100e-01,4.197901e+00,4.226555e+00,4.233593e+00
1.797802e-01,3.331066e+00,2.403823e-01,4.206164e+00,4.228733e+00,4.233811e+00
1.800113e-01,3.335348e+00,2.407448e-01,4.212508e+00,4.230002e+00,4.233938e+00
1.802419e-01,3.339620e+00,2.409652e-01,4.216363e+00,4.230773e+00,4.234015e+00
1.804726e-01,3.343894e+00,2.411274e-01,4.219201e+00,4.232063e+00,4.254498e+00
1.807041e-01,3.348184e+00,2.413024e-01,4.222265e+00,4.248607e+00,4.263923e+00
1.809370e-01,3.352500e+00,2.415785e-01,4.227095e+00,4.256649e+00,4.264727e+00
1.811696e-01,3.356809e+00,2.420127e-01,4.234693e+00,4.259439e+00,4.265006e+00
1.814010e-01,3.361098e+00,2.424451e-01,4.242259e+00,4.260952e+00,4.265158e+00
1.816321e-01,3.365379e+00,2.426974e-01,4.246674e+00,4.261835e+00,4.265246e+00
1.818635e-01,3.369667e+00,2.428767e-01,4.249811e+00,4.262462e+00,4.265309e+00
1.820960e-01,3.373974e+00,2.430408e-01,4.252682e+00,4.275546e+00,4.294742e+00
1.823301e-01,3.378312e+00,2.432963e-01,4.257154e+00,4.286925e+00,4.295880e+00
1.825633e-01,3.382633e+00,2.436912e-01,4.264063e+00,4.290278e+00,4.296215e+00
1.827955e-01,3.386936e+00,2.441714e-01,4.272465e+00,4.291993e+00,4.296387e+00
1.830276e-01,3.391235e+00,2.444481e-01,4.277308e+00,4.292962e+00,4.296484e+00
1.832601e-01,3.395544e+00,2.446410e-01,4.280682e+00,4.293636e+00,4.296551e+00
1.834939e-01,3.399876e+00,2.448023e-01,4.283505e+00,4.303350e+00,4.325648e+00
1.837295e-01,3.404241e+00,2.450497e-01,4.287834e+00,4.317584e+00,4.327071e+00
1.839639e-01,3.408584e+00,2.454296e-01,4.294481e+00,4.321309e+00,4.327443e+00
1.841974e-01,3.412911e+00,2.459288e-01,4.303217e+00,4.323143e+00,4.327627e+00
1.844308e-01,3.417235e+00,2.462191e-01,4.308296e+00,4.324159e+00,4.327728e+00
1.846649e-01,3.421573e+00,2.464190e-01,4.311794e+00,4.324859e+00,4.327798e+00
1.849004e-01,3.425936e+00,2.465813e-01,4.314634e+00,4.333372e+00,4.356775e+00
1.851376e-01,3.430331e+00,2.468289e-01,4.318966e+00,4.348699e+00,4.358307e+00
1.853735e-01,3.434702e+00,2.472095e-01,4.325626e+00,4.352530e+00,4.358691e+00
1.856087e-01,3.439060e+00,2.477145e-01,4.334463e+00,4.354393e+00,4.358877e+00
1.858439e-01,3.443418e+00,2.480069e-01,4.339579e+00,4.355416e+00,4.358979e+00
1.860799e-01,3.447789e+00,2.482078e-01,4.343093e+00,4.356119e+00,4.359049e+00
1.863173e-01,3.452189e+00,2.483722e-01,4.345970e+00,4.365506e+00,4.388113e+00
1.865566e-01,3.456622e+00,2.486254e-01,4.350401e+00,4.380158e+00,4.389578e+00
1.867947e-01,3.461034e+00,2.490173e-01,4.357259e+00,4.383885e+00,4.389951e+00
1.870322e-01,3.465434e+00,2.495200e-01,4.366054e+00,4.385711e+00,4.390134e+00
1.872697e-01,3.469836e+00,2.498071e-01,4.371079e+00,4.386716e+00,4.390234e+00
1.875081e-01,3.474253e+00,2.500050e-01,4.374541e+00,4.387408e+00,4.390303e+00
1.877480e-01,3.478699e+00,2.501738e-01,4.377494e+00,4.399174e+00,4.419605e+00
1.879898e-01,3.483179e+00,2.504391e-01,4.382136e+00,4.411907e+00,4.420878e+00
1.882305e-01,3.487637e+00,2.508553e-01,4.389419e+00,4.415364e+00,4.421224e+00
1.884705e-01,3.492086e+00,2.513444e-01,4.397977e+00,4.417095e+00,4.421397e+00
1.887108e-01,3.496537e+00,2.516196e-01,4.402793e+00,4.418059e+00,4.421493e+00
1.889518e-01,3.501003e+00,2.518107e-01,4.406136e+00,4.418727e+00,4.421560e+00
1.891944e-01,3.505497e+00,2.519881e-01,4.409241e+00,4.433676e+00,4.451180e+00
1.894389e-01,3.510028e+00,2.522745e-01,4.414252e+00,4.443898e+00,4.452202e+00
1.896822e-01,3.514537e+00,2.527346e-01,4.422302e+00,4.446960e+00,4.452509e+00
1.899251e-01,3.519036e+00,2.531895e-01,4.430262e+00,4.448552e+00,4.452668e+00
1.901680e-01,3.523536e+00,2.534461e-01,4.434753e+00,4.449451e+00,4.452758e+00
1.904116e-01,3.528050e+00,2.536232e-01,4.437852e+00,4.450634e+00,4.470196e+00
1.906566e-01,3.532589e+00,2.538157e-01,4.441219e+00,4.468121e+00,4.482750e+00
1.909035e-01,3.537165e+00,2.541335e-01,4.446781e+00,4.475989e+00,4.483536e+00
1.911495e-01,3.541722e+00,2.546388e-01,4.455622e+00,4.478624e+00,4.483800e+00
1.913948e-01,3.546267e+00,2.550453e-01,4.462735e+00,4.480047e+00,4.483942e+00
1.916401e-01,3.550812e+00,2.552805e-01,4.466850e+00,4.480870e+00,4.484025e+00
1.918859e-01,3.555368e+00,2.554540e-01,4.469886e+00,4.483296e+00,4.511016e+00
1.921330e-01,3.559946e+00,2.556717e-01,4.473696e+00,4.502628e+00,4.514325e+00
1.923819e-01,3.564558e+00,2.560465e-01,4.480254e+00,4.508256e+00,4.514888e+00
1.926300e-01,3.569154e+00,2.565727e-01,4.489461e+00,4.510392e+00,4.515102e+00
1.928773e-01,3.573736e+00,2.569198e-01,4.495535e+00,4.511607e+00,4.515223e+00
1.931244e-01,3.578315e+00,2.571274e-01,4.499167e+00,4.512333e+00,4.515296e+00
1.933720e-01,3.582902e+00,2.573070e-01,4.502309e+00,4.522606e+00,4.544448e+00
1.936206e-01,3.587509e+00,2.575637e-01,4.506802e+00,4.536571e+00,4.545845e+00
1.938710e-01,3.592148e+00,2.580239e-01,4.514853e+00,4.540463e+00,4.546234e+00
1.941205e-01,3.596771e+00,2.585051e-01,4.523274e+00,4.542155e+00,4.546403e+00
1.943693e-01,3.601380e+00,2.587956e-01,4.528357e+00,4.543171e+00,4.546505e+00
1.946178e-01,3.605985e+00,2.589767e-01,4.531526e+00,4.544246e+00,4.560099e+00
1.948667e-01,3.610597e+00,2.591830e-01,4.535135e+00,4.562433e+00,4.576556e+00
1.951166e-01,3.615227e+00,2.594961e-01,4.540615e+00,4.569786e+00,4.577291e+00
1.953680e-01,3.619886e+00,2.600447e-01,4.550213e+00,4.572543e+00,4.577567e+00
1.956190e-01,3.624535e+00,2.604255e-01,4.556877e+00,4.573875e+00,4.577700e+00
1.958691e-01,3.629170e+00,2.606660e-01,4.561085e+00,4.574717e+00,4.577784e+00
1.961190e-01,3.633800e+00,2.608366e-01,4.564069e+00,4.577851e+00,4.605980e+00
1.963691e-01,3.638434e+00,2.610837e-01,4.568394e+00,4.597970e+00,4.608234e+00
1.966200e-01,3.643083e+00,2.614784e-01,4.575301e+00,4.602436e+00,4.608681e+00
1.968723e-01,3.647758e+00,2.620204e-01,4.584784e+00,4.604457e+00,4.608883e+00
1.971244e-01,3.652428e+00,2.623258e-01,4.590128e+00,4.605526e+00,4.608990e+00
1.973756e-01,3.657083e+00,2.625283e-01,4.593671e+00,4.606234e+00,4.609061e+00
1.976265e-01,3.661732e+00,2.627171e-01,4.596975e+00,4.622378e+00,4.638800e+00
1.978775e-01,3.666383e+00,2.630257e-01,4.602374e+00,4.631838e+00,4.639746e+00
1.981293e-01,3.671049e+00,2.635360e-01,4.611304e+00,4.634761e+00,4.640039e+00
1.983825e-01,3.675740e+00,2.639684e-01,4.618870e+00,4.636274e+00,4.640190e+00
1.986352e-01,3.680421e+00,2.642139e-01,4.623165e+00,4.637133e+00,4.640276e+00
1.988871e-01,3.685090e+00,2.643917e-01,4.626277e+00,4.639798e+00,4.667738e+00
1.991388e-01,3.689753e+00,2.646204e-01,4.630278e+00,4.659499e+00,4.670637e+00
1.993907e-01,3.694421e+00,2.650105e-01,4.637103e+00,4.664716e+00,4.671159e+00
1.996435e-01,3.699104e+00,2.655429e-01,4.646420e+00,4.666784e+00,4.671366e+00
1.998977e-01,3.703814e+00,2.658801e-01,4.652320e+00,4.667964e+00,4.671484e+00
2.001512e-01,3.708511e+00,2.660823e-01,4.655858e+00,4.668672e+00,4.671555e+00
2.004042e-01,3.713199e+00,2.662727e-01,4.659190e+00,4.683389e+00,4.701151e+00
2.006570e-01,3.717883e+00,2.665556e-01,4.664140e+00,4.693811e+00,4.702194e+00
2.009102e-01,3.722575e+00,2.670677e-01,4.673100e+00,4.697120e+00,4.702525e+00
2.011644e-01,3.727284e+00,2.675039e-01,4.680734e+00,4.698647e+00,4.702677e+00
2.014195e-01,3.732011e+00,2.677718e-01,4.685422e+00,4.699584e+00,4.702771e+00
2.016739e-01,3.736724e+00,2.679473e-01,4.688491e+00,4.701784e+00,4.729137e+00
2.019278e-01,3.741429e+00,2.681775e-01,4.692519e+00,4.721521e+00,4.733090e+00
2.021818e-01,3.746134e+00,2.685385e-01,4.698836e+00,4.726943e+00,4.733632e+00
2.024362e-01,3.750850e+00,2.690931e-01,4.708541e+00,4.729208e+00,4.733858e+00
2.026919e-01,3.755586e+00,2.694285e-01,4.714410e+00,4.730382e+00,4.733976e+00
2.029475e-01,3.760322e+00,2.696459e-01,4.718214e+00,4.731143e+00,4.734052e+00
2.032024e-01,3.765046e+00,2.698260e-01,4.721364e+00,4.743964e+00,4.763459e+00
2.034528e-01,3.769685e+00,2.701033e-01,4.726217e+00,4.755964e+00,4.764659e+00
2.036955e-01,3.774182e+00,2.705426e-01,4.733903e+00,4.759278e+00,4.764990e+00
2.039207e-01,3.778355e+00,2.709907e-01,4.741745e+00,4.760849e+00,4.765147e+00
2.041307e-01,3.782245e+00,2.712395e-01,4.746099e+00,4.761720e+00,4.765234e+00
2.043318e-01,3.785971e+00,2.714096e-01,4.749074e+00,4.762315e+00,4.765294e+00
2.045312e-01,3.789666e+00,2.715436e-01,4.751420e+00,4.765056e+00,4.793124e+00
2.047333e-01,3.793410e+00,2.717275e-01,4.754638e+00,4.783222e+00,4.795510e+00
2.049378e-01,3.797199e+00,2.719942e-01,4.759304e+00,4.788502e+00,4.796038e+00
2.051504e-01,3.801139e+00,2.724510e-01,4.767297e+00,4.790959e+00,4.796283e+00
2.053714e-01,3.805233e+00,2.728376e-01,4.774062e+00,4.792312e+00,4.796419e+00
2.055874e-01,3.809236e+00,2.730818e-01,4.778335e+00,4.793167e+00,4.796504e+00
2.057980e-01,3.813138e+00,2.732413e-01,4.781125e+00,4.793725e+00,4.796560e+00
2.060031e-01,3.816939e+00,2.733960e-01,4.783831e+00,4.806083e+00,4.825921e+00
2.062028e-01,3.820638e+00,2.736043e-01,4.787477e+00,4.817159e+00,4.827028e+00
2.063970e-01,3.824236e+00,2.739169e-01,4.792946e+00,4.820825e+00,4.827395e+00
2.065859e-01,3.827737e+00,2.743450e-01,4.800437e+00,4.822587e+00,4.827571e+00
2.067699e-01,3.831146e+00,2.746524e-01,4.805816e+00,4.823663e+00,4.827679e+00
2.069490e-01,3.834464e+00,2.748512e-01,4.809295e+00,4.824359e+00,4.827748e+00
2.071234e-01,3.837696e+00,2.749960e-01,4.811829e+00,4.824866e+00,4.827799e+00
2.072931e-01,3.840841e+00,2.751142e-01,4.813898e+00,4.827516e+00,4.855569e+00
2.074582e-01,3.843899e+00,2.752642e-01,4.816522e+00,4.844109e+00,4.857848e+00
2.076186e-01,3.846872e+00,2.754587e-01,4.819926e+00,4.849674e+00,4.858405e+00
2.077745e-01,3.849759e+00,2.757319e-01,4.824705e+00,4.852249e+00,4.858662e+00
2.079261e-01,3.852569e+00,2.760894e-01,4.830961e+00,4.853692e+00,4.858807e+00
2.080732e-01,3.855294e+00,2.763602e-01,4.835700e+00,4.854640e+00,4.858901e+00
2.082166e-01,3.857952e+00,2.765467e-01,4.838962e+00,4.855292e+00,4.858967e+00
2.083556e-01,3.860527e+00,2.766862e-01,4.841404e+00,4.855781e+00,4.859016e+00
2.084916e-01,3.863046e+00,2.767921e-01,4.843257e+00,4.856151e+00,4.859053e+00
2.086233e-01,3.865486e+00,2.768851e-01,4.844884e+00,4.858292e+00,4.886008e+00
2.087525e-01,3.867880e+00,2.769946e-01,4.846800e+00,4.871490e+00,4.888711e+00
2.088777e-01,3.870201e+00,2.771300e-01,4.849168e+00,4.878488e+00,4.889411e+00
2.090008e-01,3.872481e+00,2.772989e-01,4.852124e+00,4.881669e+00,4.889729e+00
2.091203e-01,3.874696e+00,2.775193e-01,4.855980e+00,4.883508e+00,4.889913e+00
2.092371e-01,3.876860e+00,2.778017e-01,4.860922e+00,4.884684e+00,4.890031e+00
2.093511e-01,3.878972e+00,2.780402e-01,4.865096e+00,4.885519e+00,4.890114e+00
2.094626e-01,3.881038e+00,2.782146e-01,4.868147e+00,4.886129e+00,4.890175e+00
2.095718e-01,3.883061e+00,2.783508e-01,4.870529e+00,4.886606e+00,4.890223e+00
2.096789e-01,3.885046e+00,2.784576e-01,4.872399e+00,4.886980e+00,4.890260e+00
2.097841e-01,3.886994e+00,2.785458e-01,4.873942e+00,4.887288e+00,4.890291e+00
2.098875e-01,3.888910e+00,2.786186e-01,4.875215e+00,4.887888e+00,4.898884e+00
2.099893e-01,3.890797e+00,2.786950e-01,4.876553e+00,4.890295e+00,4.918418e+00
2.100898e-01,3.892659e+00,2.787834e-01,4.878100e+00,4.903000e+00,4.919988e+00
2.101891e-01,3.894500e+00,2.788895e-01,4.879956e+00,4.908899e+00,4.920577e+00
2.102874e-01,3.896320e+00,2.790160e-01,4.882169e+00,4.911939e+00,4.920881e+00
2.103848e-01,3.898124e+00,2.791732e-01,4.884921e+00,4.913828e+00,4.921070e+00
2.104813e-01,3.899912e+00,2.793694e-01,4.888353e+00,4.915093e+00,4.921197e+00
2.105771e-01,3.901687e+00,2.796115e-01,4.892590e+00,4.916018e+00,4.921289e+00
2.106723e-01,3.903451e+00,2.798093e-01,4.896051e+00,4.916710e+00,4.921359e+00
2.107670e-01,3.905207e+00,2.799661e-01,4.898795e+00,4.917259e+00,4.921413e+00
2.108613e-01,3.906954e+00,2.800911e-01,4.900981e+00,4.917696e+00,4.921457e+00
2.109555e-01,3.908699e+00,2.801952e-01,4.902803e+00,4.918061e+00,4.921494e+00
2.110495e-01,3.910440e+00,2.802816e-01,4.904316e+00,4.918363e+00,4.921524e+00
2.111436e-01,3.912185e+00,2.803562e-01,4.905620e+00,4.918624e+00,4.921550e+00
2.112379e-01,3.913931e+00,2.804217e-01,4.906767e+00,4.919681e+00,4.943372e+00
2.113326e-01,3.915685e+00,2.804958e-01,4.908062e+00,4.923058e+00,4.950118e+00
2.114277e-01,3.917448e+00,2.805823e-01,4.909577e+00,4.935323e+00,4.951345e+00
2.115237e-01,3.919226e+00,2.806876e-01,4.911419e+00,4.940554e+00,4.951868e+00
2.116207e-01,3.921024e+00,2.808157e-01,4.913661e+00,4.943412e+00,4.952154e+00
2.117193e-01,3.922850e+00,2.809796e-01,4.916529e+00,4.945250e+00,4.952337e+00
2.118192e-01,3.924702e+00,2.811910e-01,4.920228e+00,4.946507e+00,4.952463e+00
2.119210e-01,3.926587e+00,2.814468e-01,4.924703e+00,4.947441e+00,4.952557e+00
2.120243e-01,3.928503e+00,2.816485e-01,4.928232e+00,4.948146e+00,4.952627e+00
2.121298e-01,3.930458e+00,2.818101e-01,4.931060e+00,4.948712e+00,4.952684e+00
2.122374e-01,3.932450e+00,2.819395e-01,4.933324e+00,4.949165e+00,4.952729e+00
2.123474e-01,3.934489e+00,2.820482e-01,4.935227e+00,4.949545e+00,4.952767e+00
2.124595e-01,3.936566e+00,2.821384e-01,4.936805e+00,4.949861e+00,4.952799e+00
2.125747e-01,3.938701e+00,2.822202e-01,4.938236e+00,4.951325e+00,4.977429e+00
2.126931e-01,3.940893e+00,2.823166e-01,4.939922e+00,4.961092e+00,4.982047e+00
2.128148e-01,3.943149e+00,2.824408e-01,4.942096e+00,4.970626e+00,4.983000e+00
2.129396e-01,3.945462e+00,2.826012e-01,4.944903e+00,4.974655e+00,4.983403e+00
2.130679e-01,3.947839e+00,2.828240e-01,4.948801e+00,4.976929e+00,4.983630e+00
2.131992e-01,3.950272e+00,2.831358e-01,4.954258e+00,4.978352e+00,4.983773e+00
2.133342e-01,3.952772e+00,2.834219e-01,4.959264e+00,4.979353e+00,4.983873e+00
2.134712e-01,3.955312e+00,2.836263e-01,4.962840e+00,4.980068e+00,4.983944e+00
2.136092e-01,3.957869e+00,2.837827e-01,4.965576e+00,4.980615e+00,4.983999e+00
2.137475e-01,3.960431e+00,2.839022e-01,4.967668e+00,4.981034e+00,4.984041e+00
2.138856e-01,3.962990e+00,2.840008e-01,4.969392e+00,4.982416e+00,5.007779e+00
2.140229e-01,3.965533e+00,2.841130e-01,4.971356e+00,4.993770e+00,5.013440e+00
2.141591e-01,3.968057e+00,2.842574e-01,4.973882e+00,5.002986e+00,5.014361e+00
2.142939e-01,3.970556e+00,2.844428e-01,4.977127e+00,5.006671e+00,5.014730e+00
2.144273e-01,3.973027e+00,2.846981e-01,4.981594e+00,5.008698e+00,5.014932e+00
2.145587e-01,3.975461e+00,2.850199e-01,4.987226e+00,5.009945e+00,5.015057e+00
2.146879e-01,3.977855e+00,2.852671e-01,4.991550e+00,5.010810e+00,5.015144e+00
2.148145e-01,3.980201e+00,2.854433e-01,4.994634e+00,5.011427e+00,5.015205e+00
2.149388e-01,3.982505e+00,2.855777e-01,4.996985e+00,5.011897e+00,5.015252e+00
2.150601e-01,3.984752e+00,2.856813e-01,4.998797e+00,5.012259e+00,5.015288e+00
2.151783e-01,3.986941e+00,2.857660e-01,5.000280e+00,5.013005e+00,5.029144e+00
2.152931e-01,3.989069e+00,2.858538e-01,5.001816e+00,5.016867e+00,5.043874e+00
2.154049e-01,3.991140e+00,2.859587e-01,5.003651e+00,5.030376e+00,5.045225e+00
2.155138e-01,3.993157e+00,2.860828e-01,5.005824e+00,5.035366e+00,5.045724e+00
2.156204e-01,3.995133e+00,2.862369e-01,5.008520e+00,5.038019e+00,5.045989e+00
2.157251e-01,3.997072e+00,2.864285e-01,5.011872e+00,5.039637e+00,5.046151e+00
2.158284e-01,3.998986e+00,2.866798e-01,5.016269e+00,5.040754e+00,5.046263e+00
2.159306e-01,4.000881e+00,2.869090e-01,5.020281e+00,5.041556e+00,5.046343e+00
2.160323e-01,4.002764e+00,2.870860e-01,5.023377e+00,5.042175e+00,5.046405e+00
2.161329e-01,4.004629e+00,2.872232e-01,5.025779e+00,5.042656e+00,5.046453e+00
2.162330e-01,4.006483e+00,2.873348e-01,5.027730e+00,5.043046e+00,5.046492e+00
2.163328e-01,4.008334e+00,2.874262e-01,5.029330e+00,5.043366e+00,5.046524e+00
2.164322e-01,4.010174e+00,2.875040e-01,5.030691e+00,5.043638e+00,5.046551e+00
2.165312e-01,4.012008e+00,2.875725e-01,5.031890e+00,5.044918e+00,5.070295e+00
2.166302e-01,4.013842e+00,2.876515e-01,5.033272e+00,5.050855e+00,5.075398e+00
2.167292e-01,4.015678e+00,2.877443e-01,5.034896e+00,5.061607e+00,5.076473e+00
2.168287e-01,4.017521e+00,2.878578e-01,5.036882e+00,5.066330e+00,5.076946e+00
2.169289e-01,4.019377e+00,2.879968e-01,5.039315e+00,5.068945e+00,5.077207e+00
2.170301e-01,4.021252e+00,2.881761e-01,5.042451e+00,5.070641e+00,5.077377e+00
2.171325e-01,4.023150e+00,2.884101e-01,5.046546e+00,5.071808e+00,5.077493e+00
2.172365e-01,4.025077e+00,2.886590e-01,5.050901e+00,5.072680e+00,5.077581e+00
2.173422e-01,4.027036e+00,2.888484e-01,5.054215e+00,5.073343e+00,5.077647e+00
2.174498e-01,4.029030e+00,2.890006e-01,5.056878e+00,5.073876e+00,5.077700e+00
2.175595e-01,4.031062e+00,2.891230e-01,5.059019e+00,5.074304e+00,5.077743e+00
2.176715e-01,4.033137e+00,2.892254e-01,5.060811e+00,5.074662e+00,5.077779e+00
2.177860e-01,4.035258e+00,2.893109e-01,5.062308e+00,5.074962e+00,5.077809e+00
2.179032e-01,4.037430e+00,2.893959e-01,5.063796e+00,5.077344e+00,5.105313e+00
2.180233e-01,4.039655e+00,2.895008e-01,5.065630e+00,5.090654e+00,5.107503e+00
2.181459e-01,4.041927e+00,2.896364e-01,5.068003e+00,5.097377e+00,5.108175e+00
2.182717e-01,4.044258e+00,2.898139e-01,5.071109e+00,5.100578e+00,5.108495e+00
2.184007e-01,4.046648e+00,2.900639e-01,5.075483e+00,5.102489e+00,5.108686e+00
2.185333e-01,4.049104e+00,2.903879e-01,5.081153e+00,5.103731e+00,5.108811e+00
2.186694e-01,4.051626e+00,2.906429e-01,5.085616e+00,5.104623e+00,5.108900e+00
2.188095e-01,4.054223e+00,2.908304e-01,5.088896e+00,5.105279e+00,5.108965e+00
2.189537e-01,4.056895e+00,2.909780e-01,5.091478e+00,5.105796e+00,5.109017e+00
2.191010e-01,4.059623e+00,2.910929e-01,5.093489e+00,5.106198e+00,5.109057e+00
2.192511e-01,4.062405e+00,2.912043e-01,5.095438e+00,5.109302e+00,5.137432e+00
2.194040e-01,4.065237e+00,2.913486e-01,5.097964e+00,5.125914e+00,5.139154e+00
2.195597e-01,4.068122e+00,2.915508e-01,5.101501e+00,5.131200e+00,5.139683e+00
2.197188e-01,4.071070e+00,2.918424e-01,5.106604e+00,5.133701e+00,5.139933e+00
2.198786e-01,4.074031e+00,2.922303e-01,5.113391e+00,5.135178e+00,5.140080e+00
2.200393e-01,4.077009e+00,2.925009e-01,5.118126e+00,5.136125e+00,5.140175e+00
2.202016e-01,4.080015e+00,2.926958e-01,5.121536e+00,5.136807e+00,5.140243e+00
2.203658e-01,4.083059e+00,2.928384e-01,5.124032e+00,5.137306e+00,5.140293e+00
2.205326e-01,4.086149e+00,2.929594e-01,5.126149e+00,5.139568e+00,5.167313e+00
2.207023e-01,4.089293e+00,2.931114e-01,5.128809e+00,5.155930e+00,5.170280e+00
2.208751e-01,4.092495e+00,2.933303e-01,5.132639e+00,5.162358e+00,5.170923e+00
2.210514e-01,4.095762e+00,2.936572e-01,5.138358e+00,5.165095e+00,5.171197e+00
2.212301e-01,4.099073e+00,2.940789e-01,5.145737e+00,5.166647e+00,5.171352e+00
2.214103e-01,4.102411e+00,2.943542e-01,5.150555e+00,5.167611e+00,5.171449e+00
2.215922e-01,4.105782e+00,2.945486e-01,5.153956e+00,5.168291e+00,5.171517e+00
2.217765e-01,4.109196e+00,2.946886e-01,5.156406e+00,5.169031e+00,5.171872e+00
2.219635e-01,4.112661e+00,2.948408e-01,5.159069e+00,5.182680e+00,5.201080e+00
2.221539e-01,4.116190e+00,2.950544e-01,5.162807e+00,5.192554e+00,5.202068e+00
2.223485e-01,4.119794e+00,2.953943e-01,5.168755e+00,5.196095e+00,5.202422e+00
2.225478e-01,4.123487e+00,2.958545e-01,5.176806e+00,5.197861e+00,5.202599e+00
2.227530e-01,4.127289e+00,2.961692e-01,5.182312e+00,5.198962e+00,5.202709e+00
2.229662e-01,4.131240e+00,2.963771e-01,5.185951e+00,5.199690e+00,5.202782e+00
2.231894e-01,4.135375e+00,2.965421e-01,5.188839e+00,5.202410e+00,5.230415e+00
2.234225e-01,4.139694e+00,2.967682e-01,5.192795e+00,5.222028e+00,5.233140e+00
2.236665e-01,4.144216e+00,2.971690e-01,5.199807e+00,5.227282e+00,5.233666e+00
2.239126e-01,4.148775e+00,2.977137e-01,5.209339e+00,5.229368e+00,5.233874e+00
2.241580e-01,4.153322e+00,2.980452e-01,5.215140e+00,5.230528e+00,5.233990e+00
2.244012e-01,4.157829e+00,2.982453e-01,5.218641e+00,5.231228e+00,5.234060e+00
2.246416e-01,4.162283e+00,2.984437e-01,5.222111e+00,5.247973e+00,5.263860e+00
2.248800e-01,4.166699e+00,2.987424e-01,5.227339e+00,5.256815e+00,5.264744e+00
2.251172e-01,4.171095e+00,2.992669e-01,5.236515e+00,5.259803e+00,5.265043e+00
2.253543e-01,4.175488e+00,2.996783e-01,5.243715e+00,5.261243e+00,5.265187e+00
2.255918e-01,4.179889e+00,2.999326e-01,5.248164e+00,5.262133e+00,5.265276e+00
2.258309e-01,4.184318e+00,3.001074e-01,5.251223e+00,5.264702e+00,5.292571e+00
2.260716e-01,4.188779e+00,3.003464e-01,5.255405e+00,5.284715e+00,5.295659e+00
2.263151e-01,4.193290e+00,3.007345e-01,5.262195e+00,5.289746e+00,5.296162e+00
2.265600e-01,4.197827e+00,3.012904e-01,5.271923e+00,5.291885e+00,5.296376e+00
2.268041e-01,4.202351e+00,3.016107e-01,5.277527e+00,5.293005e+00,5.296488e+00
2.270479e-01,4.206867e+00,3.018182e-01,5.281158e+00,5.293732e+00,5.296561e+00
2.272916e-01,4.211384e+00,3.020132e-01,5.284571e+00,5.310323e+00,5.326345e+00
2.275359e-01,4.215909e+00,3.023311e-01,5.290133e+00,5.319503e+00,5.327263e+00
2.277805e-01,4.220443e+00,3.028624e-01,5.299430e+00,5.322386e+00,5.327551e+00
2.280244e-01,4.224961e+00,3.032815e-01,5.306763e+00,5.323853e+00,5.327698e+00
2.282677e-01,4.229468e+00,3.035232e-01,5.310991e+00,5.324698e+00,5.327782e+00
2.285108e-01,4.233973e+00,3.037037e-01,5.314151e+00,5.327972e+00,5.356105e+00
2.287478e-01,4.238364e+00,3.039430e-01,5.318338e+00,5.347886e+00,5.358226e+00
2.289599e-01,4.242294e+00,3.042952e-01,5.324501e+00,5.352181e+00,5.358656e+00
2.291514e-01,4.245843e+00,3.047404e-01,5.332291e+00,5.353958e+00,5.358833e+00
2.293278e-01,4.249112e+00,3.050324e-01,5.337400e+00,5.354980e+00,5.358935e+00
2.294918e-01,4.252150e+00,3.052160e-01,5.340612e+00,5.355622e+00,5.359000e+00
2.296472e-01,4.255029e+00,3.053487e-01,5.342934e+00,5.356087e+00,5.359046e+00
2.298001e-01,4.257862e+00,3.054552e-01,5.344798e+00,5.358169e+00,5.385737e+00
2.299517e-01,4.260671e+00,3.055879e-01,5.347120e+00,5.373020e+00,5.388864e+00
2.301017e-01,4.263450e+00,3.057584e-01,5.350103e+00,5.379814e+00,5.389544e+00
2.302502e-01,4.266201e+00,3.059948e-01,5.354239e+00,5.382845e+00,5.389847e+00
2.303968e-01,4.268918e+00,3.063262e-01,5.360038e+00,5.384508e+00,5.390013e+00
2.305421e-01,4.271611e+00,3.066362e-01,5.365463e+00,5.385593e+00,5.390122e+00
2.306856e-01,4.274269e+00,3.068469e-01,5.369150e+00,5.386330e+00,5.390195e+00
2.308268e-01,4.276886e+00,3.070039e-01,5.371897e+00,5.386879e+00,5.390250e+00
2.309627e-01,4.279403e+00,3.071193e-01,5.373915e+00,5.387283e+00,5.390291e+00
2.310920e-01,4.281799e+00,3.072103e-01,5.375508e+00,5.388416e+00,5.411971e+00
2.312156e-01,4.284089e+00,3.073069e-01,5.377199e+00,5.396544e+00,5.419342e+00
2.313340e-01,4.286284e+00,3.074225e-01,5.379222e+00,5.407185e+00,5.420406e+00
2.314478e-01,4.288391e+00,3.075592e-01,5.381612e+00,5.411366e+00,5.420824e+00
2.315572e-01,4.290419e+00,3.077282e-01,5.384571e+00,5.413648e+00,5.421052e+00
2.316627e-01,4.292374e+00,3.079369e-01,5.388223e+00,5.415057e+00,5.421193e+00
2.317648e-01,4.294264e+00,3.081916e-01,5.392680e+00,5.416036e+00,5.421291e+00
2.318636e-01,4.296096e+00,3.083929e-01,5.396202e+00,5.416740e+00,5.421362e+00
2.319594e-01,4.297871e+00,3.085481e-01,5.398917e+00,5.417283e+00,5.421416e+00
2.320523e-01,4.299592e+00,3.086688e-01,5.401028e+00,5.417706e+00,5.421458e+00
2.321424e-01,4.301261e+00,3.087672e-01,5.402751e+00,5.418050e+00,5.421493e+00
2.322298e-01,4.302880e+00,3.088475e-01,5.404155e+00,5.418331e+00,5.421521e+00
2.323146e-01,4.304452e+00,3.089148e-01,5.405333e+00,5.418567e+00,5.421544e+00
2.323970e-01,4.305980e+00,3.089716e-01,5.406327e+00,5.418907e+00,5.421737e+00
2.324773e-01,4.307467e+00,3.090292e-01,5.407335e+00,5.420704e+00,5.448315e+00
2.325556e-01,4.308917e+00,3.090924e-01,5.408441e+00,5.427719e+00,5.450584e+00
2.326320e-01,4.310333e+00,3.091635e-01,5.409686e+00,5.435788e+00,5.451391e+00
2.327068e-01,4.311719e+00,3.092427e-01,5.411070e+00,5.439870e+00,5.451799e+00
2.327801e-01,4.313077e+00,3.093332e-01,5.412654e+00,5.442375e+00,5.452050e+00
2.328520e-01,4.314409e+00,3.094356e-01,5.414446e+00,5.444043e+00,5.452217e+00
2.329225e-01,4.315716e+00,3.095549e-01,5.416533e+00,5.445252e+00,5.452338e+00
2.329921e-01,4.317005e+00,3.096935e-01,5.418959e+00,5.446158e+00,5.452428e+00
2.330612e-01,4.318286e+00,3.098611e-01,5.421891e+00,5.446878e+00,5.452500e+00
2.331303e-01,4.319565e+00,3.100269e-01,5.424792e+00,5.447458e+00,5.452558e+00
2.331999e-01,4.320856e+00,3.101666e-01,5.427237e+00,5.447947e+00,5.452607e+00
2.332691e-01,4.322138e+00,3.102824e-01,5.429263e+00,5.448353e+00,5.452648e+00
2.333379e-01,4.323412e+00,3.103815e-01,5.430998e+00,5.448700e+00,5.452682e+00
2.334065e-01,4.324683e+00,3.104663e-01,5.432481e+00,5.448996e+00,5.452712e+00
2.334752e-01,4.325957e+00,3.105411e-01,5.433791e+00,5.449258e+00,5.452738e+00
2.335443e-01,4.327237e+00,3.106068e-01,5.434939e+00,5.449488e+00,5.452761e+00
2.336139e-01,4.328526e+00,3.106659e-01,5.435974e+00,5.449695e+00,5.452782e+00
2.336841e-01,4.329827e+00,3.107181e-01,5.436887e+00,5.449877e+00,5.452800e+00
2.337552e-01,4.331144e+00,3.107663e-01,5.437731e+00,5.450423e+00,5.463325e+00
2.338272e-01,4.332479e+00,3.108180e-01,5.438636e+00,5.452045e+00,5.479764e+00
2.339004e-01,4.333834e+00,3.108776e-01,5.439678e+00,5.458827e+00,5.481820e+00
2.339747e-01,4.335212e+00,3.109456e-01,5.440867e+00,5.466750e+00,5.482613e+00
2.340504e-01,4.336614e+00,3.110256e-01,5.442268e+00,5.471009e+00,5.483038e+00
2.341266e-01,4.338026e+00,3.111182e-01,5.443888e+00,5.473606e+00,5.483298e+00
2.342031e-01,4.339443e+00,3.112283e-01,5.445814e+00,5.475377e+00,5.483475e+00
2.342800e-01,4.340868e+00,3.113588e-01,5.448098e+00,5.476643e+00,5.483602e+00
2.343574e-01,4.342303e+00,3.115198e-01,5.450915e+00,5.477610e+00,5.483699e+00
2.344356e-01,4.343750e+00,3.117137e-01,5.454307e+00,5.478361e+00,5.483774e+00
2.345146e-01,4.345214e+00,3.118886e-01,5.457369e+00,5.478974e+00,5.483835e+00
2.345946e-01,4.346697e+00,3.120315e-01,5.459869e+00,5.479474e+00,5.483885e+00
2.346758e-01,4.348202e+00,3.121528e-01,5.461992e+00,5.479898e+00,5.483927e+00
2.347576e-01,4.349717e+00,3.122544e-01,5.463769e+00,5.480254e+00,5.483963e+00
2.348407e-01,4.351257e+00,3.123431e-01,5.465321e+00,5.480564e+00,5.483994e+00
2.349255e-01,4.352829e+00,3.124201e-01,5.466668e+00,5.480834e+00,5.484021e+00
2.350109e-01,4.354411e+00,3.124871e-01,5.467841e+00,5.481068e+00,5.484044e+00
2.350967e-01,4.356001e+00,3.125457e-01,5.468866e+00,5.481478e+00,5.484316e+00
2.351833e-01,4.357604e+00,3.126079e-01,5.469954e+00,5.483419e+00,5.511260e+00
2.352707e-01,4.359224e+00,3.126795e-01,5.471207e+00,5.492624e+00,5.513325e+00
2.353594e-01,4.360869e+00,3.127649e-01,5.472702e+00,5.500146e+00,5.514077e+00
2.354499e-01,4.362545e+00,3.128668e-01,5.474484e+00,5.503985e+00,5.514461e+00
2.355393e-01,4.364201e+00,3.129889e-01,5.476621e+00,5.506296e+00,5.514692e+00
2.356250e-01,4.365789e+00,3.131294e-01,5.479080e+00,5.507773e+00,5.514840e+00
2.357086e-01,4.367338e+00,3.133001e-01,5.482067e+00,5.508833e+00,5.514946e+00
2.357910e-01,4.368865e+00,3.135029e-01,5.485614e+00,5.509623e+00,5.515025e+00
2.358713e-01,4.370353e+00,3.136790e-01,5.488696e+00,5.510239e+00,5.515086e+00
2.359505e-01,4.371820e+00,3.138189e-01,5.491145e+00,5.510729e+00,5.515135e+00
2.360292e-01,4.373278e+00,3.139360e-01,5.493193e+00,5.511139e+00,5.515176e+00
2.361081e-01,4.374740e+00,3.140342e-01,5.494911e+00,5.511482e+00,5.515211e+00
2.361879e-01,4.376218e+00,3.141200e-01,5.496413e+00,5.511783e+00,5.515241e+00
2.362692e-01,4.377724e+00,3.141948e-01,5.497722e+00,5.512044e+00,5.515267e+00
2.363527e-01,4.379273e+00,3.142624e-01,5.498905e+00,5.512281e+00,5.515291e+00
2.364392e-01,4.380875e+00,3.143222e-01,5.499951e+00,5.512490e+00,5.515312e+00
2.365271e-01,4.382505e+00,3.143838e-01,5.501028e+00,5.514356e+00,5.541829e+00
2.366168e-01,4.384166e+00,3.144553e-01,5.502281e+00,5.522342e+00,5.544422e+00
2.367072e-01,4.385841e+00,3.145403e-01,5.503768e+00,5.530790e+00,5.545267e+00
2.367968e-01,4.387500e+00,3.146385e-01,5.505486e+00,5.534850e+00,5.545672e+00
2.368836e-01,4.389108e+00,3.147532e-01,5.507493e+00,5.537233e+00,5.545911e+00
2.369670e-01,4.390654e+00,3.148844e-01,5.509788e+00,5.538762e+00,5.546064e+00
2.370475e-01,4.392147e+00,3.150402e-01,5.512514e+00,5.539848e+00,5.546172e+00
2.371274e-01,4.393626e+00,3.152290e-01,5.515817e+00,5.540663e+00,5.546254e+00
2.372073e-01,4.395106e+00,3.154152e-01,5.519076e+00,5.541315e+00,5.546319e+00
2.372879e-01,4.396600e+00,3.155658e-01,5.521711e+00,5.541842e+00,5.546372e+00
2.373699e-01,4.398119e+00,3.156934e-01,5.523944e+00,5.542289e+00,5.546416e+00
2.374539e-01,4.399676e+00,3.158015e-01,5.525835e+00,5.542667e+00,5.546454e+00
2.375412e-01,4.401294e+00,3.158974e-01,5.527513e+00,5.543003e+00,5.546488e+00
2.376307e-01,4.402952e+00,3.159801e-01,5.528960e+00,5.543292e+00,5.546517e+00
2.377203e-01,4.404611e+00,3.160521e-01,5.530220e+00,5.543544e+00,5.546542e+00
2.378097e-01,4.406268e+00,3.161130e-01,5.531286e+00,5.543841e+00,5.546666e+00
2.378989e-01,4.407921e+00,3.161762e-01,5.532391e+00,5.545806e+00,5.573537e+00
2.379879e-01,4.409570e+00,3.162479e-01,5.533646e+00,5.554623e+00,5.575775e+00
2.380766e-01,4.411214e+00,3.163320e-01,5.535119e+00,5.562378e+00,5.576550e+00
2.381650e-01,4.412851e+00,3.164295e-01,5.536824e+00,5.566240e+00,5.576936e+00
2.382510e-01,4.414445e+00,3.165437e-01,5.538822e+00,5.568551e+00,5.577168e+00
2.383338e-01,4.415979e+00,3.166743e-01,5.541107e+00,5.570046e+00,5.577317e+00
2.384118e-01,4.417425e+00,3.168250e-01,5.543745e+00,5.571092e+00,5.577422e+00
2.384866e-01,4.418810e+00,3.169997e-01,5.546801e+00,5.571860e+00,5.577499e+00
2.385597e-01,4.420165e+00,3.171739e-01,5.549850e+00,5.572470e+00,5.577560e+00
2.386323e-01,4.421511e+00,3.173151e-01,5.552320e+00,5.572964e+00,5.577609e+00
2.387055e-01,4.422866e+00,3.174354e-01,5.554425e+00,5.573385e+00,5.577651e+00
2.387797e-01,4.424242e+00,3.175380e-01,5.556220e+00,5.573744e+00,5.577687e+00
2.388552e-01,4.425640e+00,3.176282e-01,5.557799e+00,5.574060e+00,5.577718e+00
2.389305e-01,4.427035e+00,3.177055e-01,5.559151e+00,5.574330e+00,5.577746e+00
2.390061e-01,4.428435e+00,3.177740e-01,5.560349e+00,5.574570e+00,5.577769e+00
2.390818e-01,4.429838e+00,3.178330e-01,5.561382e+00,5.574776e+00,5.577790e+00
2.391580e-01,4.431250e+00,3.178864e-01,5.562316e+00,5.574963e+00,5.577809e+00
2.392355e-01,4.432686e+00,3.179387e-01,5.563232e+00,5.576320e+00,5.602402e+00
2.393135e-01,4.434132e+00,3.179986e-01,5.564279e+00,5.578810e+00,5.606318e+00
2.393922e-01,4.435589e+00,3.180664e-01,5.565467e+00,5.589792e+00,5.607417e+00
2.394714e-01,4.437058e+00,3.181458e-01,5.566856e+00,5.595042e+00,5.607942e+00
2.395513e-01,4.438538e+00,3.182378e-01,5.568465e+00,5.598064e+00,5.608244e+00
2.396297e-01,4.439991e+00,3.183450e-01,5.570341e+00,5.600022e+00,5.608440e+00
2.397060e-01,4.441404e+00,3.184673e-01,5.572481e+00,5.601358e+00,5.608573e+00
2.397800e-01,4.442775e+00,3.186108e-01,5.574992e+00,5.602341e+00,5.608672e+00
2.398517e-01,4.444103e+00,3.187776e-01,5.577911e+00,5.603082e+00,5.608746e+00
2.399211e-01,4.445390e+00,3.189453e-01,5.580844e+00,5.603669e+00,5.608804e+00
2.399886e-01,4.446640e+00,3.190795e-01,5.583194e+00,5.604139e+00,5.608851e+00
2.400542e-01,4.447856e+00,3.191915e-01,5.585152e+00,5.604530e+00,5.608891e+00
2.401183e-01,4.449044e+00,3.192848e-01,5.586786e+00,5.604857e+00,5.608923e+00
2.401811e-01,4.450206e+00,3.193654e-01,5.588196e+00,5.605139e+00,5.608951e+00
2.402427e-01,4.451349e+00,3.194348e-01,5.589411e+00,5.605382e+00,5.608976e+00
2.403036e-01,4.452477e+00,3.194964e-01,5.590488e+00,5.605598e+00,5.608997e+00
2.403639e-01,4.453594e+00,3.195508e-01,5.591440e+00,5.605788e+00,5.609016e+00
2.404242e-01,4.454711e+00,3.195995e-01,5.592293e+00,5.605959e+00,5.609033e+00
2.404845e-01,4.455828e+00,3.196435e-01,5.593063e+00,5.606113e+00,5.609049e+00
2.405452e-01,4.456954e+00,3.196844e-01,5.593778e+00,5.606310e+00,5.609129e+00
2.406079e-01,4.458115e+00,3.197273e-01,5.594529e+00,5.607652e+00,5.634045e+00
2.406738e-01,4.459337e+00,3.197776e-01,5.595409e+00,5.609236e+00,5.637369e+00
2.407414e-01,4.460589e+00,3.198346e-01,5.596406e+00,5.619117e+00,5.638474e+00
2.408113e-01,4.461884e+00,3.199016e-01,5.597579e+00,5.624746e+00,5.639037e+00
2.408836e-01,4.463223e+00,3.199798e-01,5.598946e+00,5.628103e+00,5.639373e+00
2.409569e-01,4.464582e+00,3.200722e-01,5.600564e+00,5.630334e+00,5.639596e+00
2.410314e-01,4.465962e+00,3.201809e-01,5.602466e+00,5.631898e+00,5.639752e+00
2.411059e-01,4.467342e+00,3.203111e-01,5.604744e+00,5.633058e+00,5.639868e+00
2.411804e-01,4.468723e+00,3.204664e-01,5.607461e+00,5.633939e+00,5.639956e+00
2.412551e-01,4.470106e+00,3.206525e-01,5.610717e+00,5.634643e+00,5.640027e+00
2.413301e-01,4.471496e+00,3.208144e-01,5.613551e+00,5.635210e+00,5.640084e+00
2.414056e-01,4.472895e+00,3.209504e-01,5.615930e+00,5.635686e+00,5.640131e+00
2.414818e-01,4.474307e+00,3.210642e-01,5.617921e+00,5.636084e+00,5.640171e+00
2.415582e-01,4.475722e+00,3.211621e-01,5.619635e+00,5.636427e+00,5.640205e+00
2.416346e-01,4.477139e+00,3.212455e-01,5.621094e+00,5.636719e+00,5.640234e+00
2.417113e-01,4.478559e+00,3.213190e-01,5.622379e+00,5.636976e+00,5.640260e+00
2.417882e-01,4.479985e+00,3.213830e-01,5.623499e+00,5.637200e+00,5.640282e+00
2.418657e-01,4.481420e+00,3.214396e-01,5.624489e+00,5.637398e+00,5.640302e+00
2.419438e-01,4.482867e+00,3.214910e-01,5.625389e+00,5.638224e+00,5.659468e+00
2.420226e-01,4.484327e+00,3.215488e-01,5.626400e+00,5.640022e+00,5.668077e+00
2.421023e-01,4.485804e+00,3.216146e-01,5.627551e+00,5.649611e+00,5.669649e+00
2.421831e-01,4.487301e+00,3.216919e-01,5.628904e+00,5.656244e+00,5.670312e+00
2.422651e-01,4.488820e+00,3.217821e-01,5.630483e+00,5.659845e+00,5.670672e+00
2.423482e-01,4.490359e+00,3.218911e-01,5.632389e+00,5.662142e+00,5.670902e+00
2.424318e-01,4.491909e+00,3.220209e-01,5.634662e+00,5.663696e+00,5.671057e+00
2.425160e-01,4.493469e+00,3.221825e-01,5.637490e+00,5.664840e+00,5.671172e+00
2.426010e-01,4.495044e+00,3.223836e-01,5.641008e+00,5.665702e+00,5.671258e+00
2.426864e-01,4.496626e+00,3.225787e-01,5.644421e+00,5.666384e+00,5.671326e+00
2.427718e-01,4.498210e+00,3.227333e-01,5.647127e+00,5.666925e+00,5.671380e+00
2.428575e-01,4.499796e+00,3.228617e-01,5.649373e+00,5.667375e+00,5.671425e+00
2.429431e-01,4.501383e+00,3.229675e-01,5.651224e+00,5.667745e+00,5.671462e+00
2.430272e-01,4.502941e+00,3.230566e-01,5.652784e+00,5.668057e+00,5.671493e+00
2.431094e-01,4.504464e+00,3.231307e-01,5.654081e+00,5.668316e+00,5.671519e+00
2.431895e-01,4.505948e+00,3.231935e-01,5.655180e+00,5.668536e+00,5.671541e+00
2.432675e-01,4.507394e+00,3.232471e-01,5.656118e+00,5.668724e+00,5.671560e+00
2.433436e-01,4.508803e+00,3.232986e-01,5.657019e+00,5.670147e+00,5.696524e+00
2.434174e-01,4.510172e+00,3.233545e-01,5.657997e+00,5.672061e+00,5.700019e+00
2.434893e-01,4.511503e+00,3.234164e-01,5.659080e+00,5.682745e+00,5.701087e+00
2.435594e-01,4.512803e+00,3.234841e-01,5.660264e+00,5.687835e+00,5.701596e+00
2.436283e-01,4.514079e+00,3.235603e-01,5.661598e+00,5.690869e+00,5.701899e+00
2.436962e-01,4.515337e+00,3.236455e-01,5.663088e+00,5.692859e+00,5.702098e+00
2.437631e-01,4.516576e+00,3.237430e-01,5.664794e+00,5.694285e+00,5.702241e+00
2.438290e-01,4.517798e+00,3.238537e-01,5.666732e+00,5.695342e+00,5.702347e+00
2.438943e-01,4.519007e+00,3.239835e-01,5.669003e+00,5.696171e+00,5.702430e+00
2.439591e-01,4.520208e+00,3.241355e-01,5.671662e+00,5.696832e+00,5.702496e+00
2.440238e-01,4.521407e+00,3.242922e-01,5.674404e+00,5.697381e+00,5.702551e+00
2.440886e-01,4.522608e+00,3.244229e-01,5.676692e+00,5.697838e+00,5.702596e+00
2.441537e-01,4.523814e+00,3.245356e-01,5.678664e+00,5.698233e+00,5.702636e+00
2.442191e-01,4.525026e+00,3.246323e-01,5.680356e+00,5.698571e+00,5.702670e+00
2.442850e-01,4.526246e+00,3.247177e-01,5.681849e+00,5.698870e+00,5.702699e+00
2.443513e-01,4.527475e+00,3.247924e-01,5.683157e+00,5.699131e+00,5.702726e+00
2.444182e-01,4.528715e+00,3.248596e-01,5.684332e+00,5.699366e+00,5.702749e+00
2.444857e-01,4.529965e+00,3.249192e-01,5.685375e+00,5.699575e+00,5.702770e+00
2.445516e-01,4.531185e+00,3.249709e-01,5.686280e+00,5.699756e+00,5.702788e+00
2.446157e-01,4.532373e+00,3.250160e-01,5.687070e+00,5.699914e+00,5.702804e+00
2.446784e-01,4.533536e+00,3.250573e-01,5.687791e+00,5.700538e+00,5.717761e+00
2.447399e-01,4.534676e+00,3.251005e-01,5.688548e+00,5.701888e+00,5.729407e+00
2.448006e-01,4.535799e+00,3.251479e-01,5.689377e+00,5.705230e+00,5.731461e+00
2.448605e-01,4.536909e+00,3.251991e-01,5.690273e+00,5.713641e+00,5.732302e+00
2.449199e-01,4.538010e+00,3.252559e-01,5.691266e+00,5.718286e+00,5.732766e+00
2.449783e-01,4.539091e+00,3.253174e-01,5.692343e+00,5.721168e+00,5.733054e+00
2.450353e-01,4.540148e+00,3.253851e-01,5.693527e+00,5.723149e+00,5.733252e+00
2.450912e-01,4.541185e+00,3.254590e-01,5.694821e+00,5.724580e+00,5.733396e+00
2.451464e-01,4.542207e+00,3.255417e-01,5.696268e+00,5.725681e+00,5.733506e+00
2.452010e-01,4.543219e+00,3.256338e-01,5.697879e+00,5.726545e+00,5.733592e+00
2.452552e-01,4.544223e+00,3.257388e-01,5.699717e+00,5.727253e+00,5.733663e+00
2.453091e-01,4.545221e+00,3.258581e-01,5.701805e+00,5.727837e+00,5.733721e+00
2.453628e-01,4.546217e+00,3.259932e-01,5.704168e+00,5.728334e+00,5.733771e+00
2.454165e-01,4.547211e+00,3.261141e-01,5.706284e+00,5.728757e+00,5.733813e+00
2.454701e-01,4.548205e+00,3.262198e-01,5.708133e+00,5.729127e+00,5.733850e+00
2.455237e-01,4.549198e+00,3.263117e-01,5.709742e+00,5.729448e+00,5.733882e+00
2.455773e-01,4.550191e+00,3.263936e-01,5.711174e+00,5.729735e+00,5.733911e+00
2.456310e-01,4.551185e+00,3.264660e-01,5.712440e+00,5.729988e+00,5.733936e+00
2.456846e-01,4.552179e+00,3.265313e-01,5.713583e+00,5.730217e+00,5.733959e+00
2.457383e-01,4.553174e+00,3.265897e-01,5.714606e+00,5.730421e+00,5.733980e+00
2.457920e-01,4.554168e+00,3.266430e-01,5.715538e+00,5.730608e+00,5.733998e+00
2.458456e-01,4.555162e+00,3.266904e-01,5.716367e+00,5.730773e+00,5.734015e+00
2.458992e-01,4.556154e+00,3.267340e-01,5.717131e+00,5.730926e+00,5.734030e+00
2.459526e-01,4.557145e+00,3.267738e-01,5.717827e+00,5.731065e+00,5.734044e+00
2.460060e-01,4.558133e+00,3.268106e-01,5.718471e+00,5.731194e+00,5.734057e+00
2.460591e-01,4.559118e+00,3.268451e-01,5.719075e+00,5.731851e+00,5.750729e+00
2.461121e-01,4.560100e+00,3.268826e-01,5.719730e+00,5.733014e+00,5.760331e+00
2.461649e-01,4.561078e+00,3.269228e-01,5.720434e+00,5.734282e+00,5.762413e+00
2.462174e-01,4.562052e+00,3.269668e-01,5.721204e+00,5.742599e+00,5.763322e+00
2.462698e-01,4.563021e+00,3.270143e-01,5.722035e+00,5.747637e+00,5.763826e+00
2.463219e-01,4.563987e+00,3.270666e-01,5.722950e+00,5.750874e+00,5.764150e+00
2.463738e-01,4.564948e+00,3.271235e-01,5.723946e+00,5.753104e+00,5.764373e+00
2.464255e-01,4.565906e+00,3.271867e-01,5.725052e+00,5.754752e+00,5.764538e+00
2.464770e-01,4.566860e+00,3.272563e-01,5.726269e+00,5.756006e+00,5.764663e+00
2.465283e-01,4.567811e+00,3.273342e-01,5.727633e+00,5.757003e+00,5.764763e+00
2.465794e-01,4.568758e+00,3.274210e-01,5.729151e+00,5.757806e+00,5.764843e+00
2.466304e-01,4.569703e+00,3.275196e-01,5.730876e+00,5.758473e+00,5.764910e+00
2.466812e-01,4.570644e+00,3.276309e-01,5.732825e+00,5.759031e+00,5.764966e+00
2.467318e-01,4.571582e+00,3.277579e-01,5.735047e+00,5.759509e+00,5.765013e+00
2.467823e-01,4.572518e+00,3.278751e-01,5.737097e+00,5.759919e+00,5.765054e+00
2.468327e-01,4.573452e+00,3.279780e-01,5.738897e+00,5.760279e+00,5.765090e+00
2.468830e-01,4.574384e+00,3.280679e-01,5.740470e+00,5.760594e+00,5.765122e+00
2.469333e-01,4.575316e+00,3.281482e-01,5.741875e+00,5.760875e+00,5.765150e+00
2.469835e-01,4.576246e+00,3.282194e-01,5.743122e+00,5.761124e+00,5.765175e+00
2.470338e-01,4.577177e+00,3.282840e-01,5.744253e+00,5.761351e+00,5.765198e+00
2.470841e-01,4.578109e+00,3.283421e-01,5.745269e+00,5.761554e+00,5.765218e+00
2.471345e-01,4.579043e+00,3.283954e-01,5.746201e+00,5.761740e+00,5.765237e+00
2.471851e-01,4.579980e+00,3.284438e-01,5.747048e+00,5.761910e+00,5.765253e+00
2.472358e-01,4.580921e+00,3.284879e-01,5.747820e+00,5.762064e+00,5.765269e+00
2.472869e-01,4.581866e+00,3.285285e-01,5.748529e+00,5.762206e+00,5.765283e+00
2.473382e-01,4.582817e+00,3.285663e-01,5.749192e+00,5.762338e+00,5.765296e+00
2.473897e-01,4.583772e+00,3.286013e-01,5.749805e+00,5.762461e+00,5.765309e+00
2.474413e-01,4.584728e+00,3.286357e-01,5.750406e+00,5.763231e+00,5.784532e+00
2.474931e-01,4.585687e+00,3.286725e-01,5.751050e+00,5.764389e+00,5.791910e+00
2.475450e-01,4.586650e+00,3.287128e-01,5.751755e+00,5.765927e+00,5.793780e+00
2.475972e-01,4.587616e+00,3.287566e-01,5.752521e+00,5.774385e+00,5.794626e+00
2.476497e-01,4.588589e+00,3.288051e-01,5.753370e+00,5.779263e+00,5.795114e+00
2.477025e-01,4.589568e+00,3.288585e-01,5.754304e+00,5.782404e+00,5.795428e+00
2.477558e-01,4.590555e+00,3.289182e-01,5.755349e+00,5.784622e+00,5.795650e+00
2.478095e-01,4.591550e+00,3.289847e-01,5.756513e+00,5.786253e+00,5.795813e+00
2.478636e-01,4.592553e+00,3.290603e-01,5.757836e+00,5.787519e+00,5.795939e+00
2.479183e-01,4.593566e+00,3.291457e-01,5.759331e+00,5.788517e+00,5.796039e+00
2.479735e-01,4.594589e+00,3.292445e-01,5.761059e+00,5.789335e+00,5.796121e+00
2.480292e-01,4.595622e+00,3.293584e-01,5.763051e+00,5.790009e+00,5.796188e+00
2.480855e-01,4.596665e+00,3.294930e-01,5.765407e+00,5.790581e+00,5.796246e+00
2.481424e-01,4.597718e+00,3.296314e-01,5.767829e+00,5.791066e+00,5.796294e+00
2.481997e-01,4.598781e+00,3.297520e-01,5.769939e+00,5.791488e+00,5.796336e+00
2.482577e-01,4.599855e+00,3.298565e-01,5.771767e+00,5.791853e+00,5.796373e+00
2.483163e-01,4.600940e+00,3.299492e-01,5.773390e+00,5.792178e+00,5.796405e+00
2.483753e-01,4.602033e+00,3.300306e-01,5.774814e+00,5.792463e+00,5.796434e+00
2.484345e-01,4.603131e+00,3.301036e-01,5.776090e+00,5.792718e+00,5.796459e+00
2.484941e-01,4.604234e+00,3.301682e-01,5.777222e+00,5.792944e+00,5.796482e+00
2.485537e-01,4.605339e+00,3.302259e-01,5.778232e+00,5.793146e+00,5.796502e+00
2.486134e-01,4.606445e+00,3.302776e-01,5.779136e+00,5.793327e+00,5.796520e+00
2.486730e-01,4.607550e+00,3.303249e-01,5.779963e+00,5.793493e+00,5.796537e+00
2.487326e-01,4.608653e+00,3.303675e-01,5.780709e+00,5.793642e+00,5.796552e+00
2.487919e-01,4.609753e+00,3.304069e-01,5.781398e+00,5.794027e+00,5.796869e+00
2.488511e-01,4.610849e+00,3.304479e-01,5.782115e+00,5.795307e+00,5.822168e+00
2.489099e-01,4.611939e+00,3.304929e-01,5.782903e+00,5.796725e+00,5.824858e+00
2.489684e-01,4.613022e+00,3.305418e-01,5.783758e+00,5.805534e+00,5.825866e+00
2.490265e-01,4.614099e+00,3.305959e-01,5.784705e+00,5.810868e+00,5.826399e+00
2.490842e-01,4.615169e+00,3.306551e-01,5.785742e+00,5.814129e+00,5.826725e+00
2.491418e-01,4.616235e+00,3.307215e-01,5.786902e+00,5.816361e+00,5.826949e+00
2.491991e-01,4.617298e+00,3.307951e-01,5.788191e+00,5.817965e+00,5.827109e+00
2.492565e-01,4.618361e+00,3.308789e-01,5.789657e+00,5.819192e+00,5.827232e+00
2.493139e-01,4.619424e+00,3.309736e-01,5.791314e+00,5.820148e+00,5.827327e+00
2.493714e-01,4.620489e+00,3.310834e-01,5.793236e+00,5.820926e+00,5.827405e+00
2.494287e-01,4.621552e+00,3.312096e-01,5.795443e+00,5.821560e+00,5.827468e+00
2.494857e-01,4.622607e+00,3.313532e-01,5.797956e+00,5.822091e+00,5.827522e+00
2.495423e-01,4.623657e+00,3.314807e-01,5.800188e+00,5.822538e+00,5.827566e+00
2.495988e-01,4.624703e+00,3.315911e-01,5.802118e+00,5.822924e+00,5.827605e+00
2.496551e-01,4.625747e+00,3.316862e-01,5.803783e+00,5.823257e+00,5.827638e+00
2.497115e-01,4.626791e+00,3.317705e-01,5.805257e+00,5.823551e+00,5.827668e+00
2.497679e-01,4.627836e+00,3.318446e-01,5.806555e+00,5.823811e+00,5.827694e+00
2.498245e-01,4.628885e+00,3.319114e-01,5.807724e+00,5.824045e+00,5.827717e+00
2.498813e-01,4.629939e+00,3.319712e-01,5.808770e+00,5.824254e+00,5.827738e+00
2.499386e-01,4.630999e+00,3.320251e-01,5.809712e+00,5.824442e+00,5.827757e+00
2.499961e-01,4.632065e+00,3.320738e-01,5.810565e+00,5.824613e+00,5.827774e+00
2.500536e-01,4.633130e+00,3.321185e-01,5.811347e+00,5.824769e+00,5.827789e+00
2.501110e-01,4.634194e+00,3.321590e-01,5.812057e+00,5.824911e+00,5.827804e+00
2.501685e-01,4.635258e+00,3.321970e-01,5.812720e+00,5.825407e+00,5.837501e+00
2.502259e-01,4.636322e+00,3.322370e-01,5.813421e+00,5.826659e+00,5.853764e+00
2.502834e-01,4.637389e+00,3.322813e-01,5.814196e+00,5.828053e+00,5.856184e+00
2.503413e-01,4.638460e+00,3.323299e-01,5.815046e+00,5.837071e+00,5.857145e+00
2.503995e-01,4.639539e+00,3.323843e-01,5.815997e+00,5.842289e+00,5.857666e+00
2.504571e-01,4.640606e+00,3.324435e-01,5.817035e+00,5.845483e+00,5.857986e+00
2.505116e-01,4.641616e+00,3.325064e-01,5.818134e+00,5.847584e+00,5.858196e+00
2.505634e-01,4.642577e+00,3.325723e-01,5.819288e+00,5.849057e+00,5.858343e+00
2.506130e-01,4.643496e+00,3.326430e-01,5.820525e+00,5.850165e+00,5.858454e+00
2.506608e-01,4.644380e+00,3.327182e-01,5.821841e+00,5.851023e+00,5.858540e+00
2.507070e-01,4.645237e+00,3.328000e-01,5.823273e+00,5.851718e+00,5.858609e+00
2.507516e-01,4.646063e+00,3.328878e-01,5.824808e+00,5.852283e+00,5.858666e+00
2.507946e-01,4.646860e+00,3.329833e-01,5.826480e+00,5.852757e+00,5.858713e+00
2.508364e-01,4.647634e+00,3.330867e-01,5.828289e+00,5.853158e+00,5.858753e+00
2.508770e-01,4.648386e+00,3.331860e-01,5.830027e+00,5.853505e+00,5.858788e+00
2.509166e-01,4.649121e+00,3.332724e-01,5.831537e+00,5.853807e+00,5.858818e+00
2.509555e-01,4.649841e+00,3.333491e-01,5.832880e+00,5.854076e+00,5.858845e+00
2.509936e-01,4.650548e+00,3.334172e-01,5.834072e+00,5.854314e+00,5.858869e+00
2.510312e-01,4.651244e+00,3.334788e-01,5.835150e+00,5.854530e+00,5.858890e+00
2.510683e-01,4.651931e+00,3.335344e-01,5.836122e+00,5.854724e+00,5.858910e+00
2.511049e-01,4.652610e+00,3.335853e-01,5.837013e+00,5.854903e+00,5.858928e+00
2.511412e-01,4.653282e+00,3.336317e-01,5.837826e+00,5.855065e+00,5.858944e+00
2.511772e-01,4.653948e+00,3.336748e-01,5.838579e+00,5.855216e+00,5.858959e+00
2.512129e-01,4.654610e+00,3.337144e-01,5.839272e+00,5.855354e+00,5.858973e+00
2.512484e-01,4.655268e+00,3.337509e-01,5.839911e+00,5.855482e+00,5.858986e+00
2.512837e-01,4.655922e+00,3.337848e-01,5.840504e+00,5.855601e+00,5.858998e+00
2.513190e-01,4.656576e+00,3.338169e-01,5.841065e+00,5.855713e+00,5.859009e+00
2.513544e-01,4.657232e+00,3.338470e-01,5.841592e+00,5.855818e+00,5.859019e+00
2.513900e-01,4.657892e+00,3.338757e-01,5.842095e+00,5.855919e+00,5.859029e+00
2.514259e-01,4.658558e+00,3.339030e-01,5.842572e+00,5.856014e+00,5.859039e+00
2.514623e-01,4.659231e+00,3.339292e-01,5.843031e+00,5.856106e+00,5.859048e+00
2.514991e-01,4.659913e+00,3.339542e-01,5.843468e+00,5.856194e+00,5.859057e+00
2.515364e-01,4.660604e+00,3.339785e-01,5.843894e+00,5.856516e+00,5.859356e+00
2.515743e-01,4.661307e+00,3.340043e-01,5.844344e+00,5.857319e+00,5.882092e+00
2.516129e-01,4.662022e+00,3.340322e-01,5.844832e+00,5.858198e+00,5.885800e+00
2.516522e-01,4.662750e+00,3.340622e-01,5.845358e+00,5.859144e+00,5.887276e+00
2.516923e-01,4.663492e+00,3.340950e-01,5.845932e+00,5.865126e+00,5.888075e+00
2.517331e-01,4.664248e+00,3.341306e-01,5.846555e+00,5.870094e+00,5.888572e+00
2.517743e-01,4.665013e+00,3.341695e-01,5.847235e+00,5.873489e+00,5.888911e+00
2.518160e-01,4.665784e+00,3.342115e-01,5.847970e+00,5.875929e+00,5.889155e+00
2.518582e-01,4.666566e+00,3.342578e-01,5.848780e+00,5.877793e+00,5.889342e+00
2.519012e-01,4.667363e+00,3.343087e-01,5.849670e+00,5.879252e+00,5.889488e+00
2.519451e-01,4.668177e+00,3.343657e-01,5.850669e+00,5.880443e+00,5.889607e+00
2.519890e-01,4.668991e+00,3.344280e-01,5.851758e+00,5.881403e+00,5.889703e+00
2.520330e-01,4.669806e+00,3.344971e-01,5.852967e+00,5.882202e+00,5.889783e+00
2.520773e-01,4.670627e+00,3.345736e-01,5.854307e+00,5.882875e+00,5.889850e+00
2.521222e-01,4.671457e+00,3.346606e-01,5.855829e+00,5.883458e+00,5.889908e+00
2.521677e-01,4.672302e+00,3.347593e-01,5.857556e+00,5.883963e+00,5.889959e+00
2.522135e-01,4.673150e+00,3.348724e-01,5.859534e+00,5.884407e+00,5.890003e+00
2.522586e-01,4.673986e+00,3.349810e-01,5.861435e+00,5.884787e+00,5.890041e+00
2.523031e-01,4.674810e+00,3.350764e-01,5.863104e+00,5.885121e+00,5.890075e+00
2.523470e-01,4.675624e+00,3.351599e-01,5.864566e+00,5.885413e+00,5.890104e+00
2.523906e-01,4.676431e+00,3.352348e-01,5.865875e+00,5.885675e+00,5.890130e+00
2.524337e-01,4.677230e+00,3.353015e-01,5.867042e+00,5.885908e+00,5.890153e+00
2.524766e-01,4.678025e+00,3.353622e-01,5.868104e+00,5.886121e+00,5.890175e+00
2.525193e-01,4.678817e+00,3.354170e-01,5.869064e+00,5.886313e+00,5.890194e+00
2.525620e-01,4.679607e+00,3.354676e-01,5.869949e+00,5.886490e+00,5.890211e+00
2.526047e-01,4.680399e+00,3.355140e-01,5.870761e+00,5.886652e+00,5.890228e+00
2.526478e-01,4.681196e+00,3.355568e-01,5.871511e+00,5.886802e+00,5.890243e+00
2.526912e-01,4.682001e+00,3.355967e-01,5.872208e+00,5.886942e+00,5.890257e+00
2.527347e-01,4.682807e+00,3.356340e-01,5.872860e+00,5.887072e+00,5.890270e+00
2.527778e-01,4.683606e+00,3.356681e-01,5.873458e+00,5.887192e+00,5.890282e+00
2.528207e-01,4.684400e+00,3.357002e-01,5.874018e+00,5.887304e+00,5.890293e+00
2.528635e-01,4.685193e+00,3.357299e-01,5.874539e+00,5.887408e+00,5.890303e+00
2.529063e-01,4.685987e+00,3.357581e-01,5.875032e+00,5.887564e+00,5.890384e+00
2.529495e-01,4.686787e+00,3.357869e-01,5.875537e+00,5.888466e+00,5.912466e+00
2.529931e-01,4.687595e+00,3.358182e-01,5.876085e+00,5.889452e+00,5.917061e+00
2.530372e-01,4.688413e+00,3.358520e-01,5.876675e+00,5.890515e+00,5.918647e+00
2.530820e-01,4.689243e+00,3.358890e-01,5.877323e+00,5.897731e+00,5.919461e+00
2.531269e-01,4.690074e+00,3.359287e-01,5.878018e+00,5.902572e+00,5.919945e+00
2.531715e-01,4.690900e+00,3.359717e-01,5.878770e+00,5.905797e+00,5.920267e+00
2.532158e-01,4.691720e+00,3.360176e-01,5.879573e+00,5.908073e+00,5.920495e+00
2.532597e-01,4.692535e+00,3.360674e-01,5.880445e+00,5.909783e+00,5.920666e+00
2.533033e-01,4.693342e+00,3.361210e-01,5.881382e+00,5.911099e+00,5.920797e+00
2.533465e-01,4.694144e+00,3.361793e-01,5.882403e+00,5.912155e+00,5.920903e+00
2.533894e-01,4.694938e+00,3.362425e-01,5.883507e+00,5.913011e+00,5.920989e+00
2.534320e-01,4.695727e+00,3.363118e-01,5.884721e+00,5.913727e+00,5.921060e+00
2.534743e-01,4.696511e+00,3.363874e-01,5.886044e+00,5.914329e+00,5.921120e+00
2.535163e-01,4.697289e+00,3.364713e-01,5.887513e+00,5.914848e+00,5.921172e+00
2.535581e-01,4.698063e+00,3.365638e-01,5.889131e+00,5.915294e+00,5.921217e+00
2.535996e-01,4.698833e+00,3.366673e-01,5.890941e+00,5.915688e+00,5.921256e+00
2.536410e-01,4.699600e+00,3.367660e-01,5.892669e+00,5.916034e+00,5.921291e+00
2.536824e-01,4.700367e+00,3.368550e-01,5.894225e+00,5.916345e+00,5.921322e+00
2.537241e-01,4.701139e+00,3.369348e-01,5.895622e+00,5.916624e+00,5.921350e+00
2.537662e-01,4.701918e+00,3.370080e-01,5.896903e+00,5.916881e+00,5.921376e+00
2.538085e-01,4.702704e+00,3.370745e-01,5.898066e+00,5.917113e+00,5.921399e+00
2.538509e-01,4.703488e+00,3.371353e-01,5.899130e+00,5.917326e+00,5.921420e+00
2.538932e-01,4.704272e+00,3.371905e-01,5.900096e+00,5.917519e+00,5.921439e+00
2.539354e-01,4.705055e+00,3.372414e-01,5.900987e+00,5.917697e+00,5.921457e+00
2.539777e-01,4.705838e+00,3.372880e-01,5.901803e+00,5.917861e+00,5.921474e+00
2.540199e-01,4.706620e+00,3.373309e-01,5.902552e+00,5.918010e+00,5.921489e+00
2.540622e-01,4.707404e+00,3.373704e-01,5.903243e+00,5.918149e+00,5.921502e+00
2.541045e-01,4.708188e+00,3.374074e-01,5.903891e+00,5.918278e+00,5.921515e+00
2.541469e-01,4.708973e+00,3.374418e-01,5.904493e+00,5.918399e+00,5.921527e+00
2.541894e-01,4.709761e+00,3.374742e-01,5.905061e+00,5.918512e+00,5.921539e+00
2.542321e-01,4.710552e+00,3.375045e-01,5.905591e+00,5.918618e+00,5.921549e+00
2.542752e-01,4.711350e+00,3.375334e-01,5.906097e+00,5.918719e+00,5.921559e+00
2.543188e-01,4.712159e+00,3.375617e-01,5.906591e+00,5.919373e+00,5.938717e+00
2.543632e-01,4.712981e+00,3.375926e-01,5.907133e+00,5.920339e+00,5.947282e+00
2.544086e-01,4.713821e+00,3.376264e-01,5.907723e+00,5.921401e+00,5.949497e+00
2.544550e-01,4.714682e+00,3.376638e-01,5.908378e+00,5.927053e+00,5.950518e+00
2.545020e-01,4.715553e+00,3.377045e-01,5.909090e+00,5.932805e+00,5.951093e+00
2.545497e-01,4.716436e+00,3.377495e-01,5.909878e+00,5.936540e+00,5.951466e+00
2.545969e-01,4.717312e+00,3.377978e-01,5.910722e+00,5.939082e+00,5.951721e+00
2.546441e-01,4.718185e+00,3.378507e-01,5.911649e+00,5.940955e+00,5.951908e+00
2.546896e-01,4.719029e+00,3.379064e-01,5.912623e+00,5.942338e+00,5.952046e+00
2.547328e-01,4.719828e+00,3.379645e-01,5.913639e+00,5.943392e+00,5.952152e+00
2.547754e-01,4.720617e+00,3.380269e-01,5.914731e+00,5.944242e+00,5.952237e+00
2.548170e-01,4.721389e+00,3.380943e-01,5.915910e+00,5.944946e+00,5.952307e+00
2.548589e-01,4.722166e+00,3.381688e-01,5.917214e+00,5.945547e+00,5.952367e+00
2.549020e-01,4.722964e+00,3.382543e-01,5.918710e+00,5.946081e+00,5.952421e+00
2.549467e-01,4.723793e+00,3.383531e-01,5.920439e+00,5.946559e+00,5.952468e+00
2.549933e-01,4.724655e+00,3.384693e-01,5.922472e+00,5.946994e+00,5.952512e+00
2.550390e-01,4.725503e+00,3.385758e-01,5.924336e+00,5.947367e+00,5.952549e+00
2.550839e-01,4.726335e+00,3.386691e-01,5.925968e+00,5.947694e+00,5.952582e+00
2.551280e-01,4.727152e+00,3.387503e-01,5.927390e+00,5.947978e+00,5.952610e+00
2.551715e-01,4.727957e+00,3.388229e-01,5.928659e+00,5.948232e+00,5.952636e+00
2.552143e-01,4.728750e+00,3.388873e-01,5.929787e+00,5.948457e+00,5.952658e+00
2.552567e-01,4.729535e+00,3.389458e-01,5.930810e+00,5.948662e+00,5.952679e+00
2.552986e-01,4.730312e+00,3.389985e-01,5.931733e+00,5.948847e+00,5.952697e+00
2.553402e-01,4.731084e+00,3.390470e-01,5.932580e+00,5.949016e+00,5.952714e+00
2.553816e-01,4.731849e+00,3.390911e-01,5.933353e+00,5.949171e+00,5.952730e+00
2.554224e-01,4.732606e+00,3.391314e-01,5.934057e+00,5.949311e+00,5.952744e+00
2.554628e-01,4.733354e+00,3.391682e-01,5.934702e+00,5.949440e+00,5.952757e+00
2.555027e-01,4.734094e+00,3.392025e-01,5.935301e+00,5.949560e+00,5.952769e+00
2.555422e-01,4.734827e+00,3.392340e-01,5.935854e+00,5.949671e+00,5.952780e+00
2.555814e-01,4.735552e+00,3.392636e-01,5.936372e+00,5.949774e+00,5.952790e+00
2.556203e-01,4.736273e+00,3.392912e-01,5.936853e+00,5.949871e+00,5.952800e+00
2.556589e-01,4.736988e+00,3.393171e-01,5.937307e+00,5.949961e+00,5.952809e+00
2.556968e-01,4.737690e+00,3.393415e-01,5.937734e+00,5.950429e+00,5.963642e+00
2.557339e-01,4.738378e+00,3.393669e-01,5.938178e+00,5.951221e+00,5.976865e+00
2.557704e-01,4.739054e+00,3.393932e-01,5.938638e+00,5.952049e+00,5.979773e+00
2.558063e-01,4.739719e+00,3.394207e-01,5.939119e+00,5.952915e+00,5.981047e+00
2.558416e-01,4.740373e+00,3.394492e-01,5.939619e+00,5.958202e+00,5.981758e+00
2.558764e-01,4.741018e+00,3.394792e-01,5.940143e+00,5.962775e+00,5.982215e+00
2.559107e-01,4.741654e+00,3.395103e-01,5.940688e+00,5.965933e+00,5.982531e+00
2.559444e-01,4.742278e+00,3.395430e-01,5.941259e+00,5.968261e+00,5.982764e+00
2.559775e-01,4.742892e+00,3.395769e-01,5.941853e+00,5.970032e+00,5.982941e+00
2.560101e-01,4.743496e+00,3.396125e-01,5.942476e+00,5.971437e+00,5.983081e+00
2.560421e-01,4.744089e+00,3.396496e-01,5.943125e+00,5.972569e+00,5.983194e+00
2.560736e-01,4.744672e+00,3.396886e-01,5.943807e+00,5.973508e+00,5.983288e+00
2.561045e-01,4.745245e+00,3.397292e-01,5.944517e+00,5.974292e+00,5.983367e+00
2.561349e-01,4.745807e+00,3.397719e-01,5.945265e+00,5.974962e+00,5.983434e+00
2.561647e-01,4.746359e+00,3.398165e-01,5.946045e+00,5.975536e+00,5.983491e+00
2.561940e-01,4.746903e+00,3.398636e-01,5.946870e+00,5.976039e+00,5.983541e+00
2.562229e-01,4.747439e+00,3.399131e-01,5.947736e+00,5.976480e+00,5.983585e+00
2.562515e-01,4.747969e+00,3.399658e-01,5.948657e+00,5.976874e+00,5.983625e+00
2.562799e-01,4.748494e+00,3.400216e-01,5.949634e+00,5.977226e+00,5.983660e+00
2.563080e-01,4.749015e+00,3.400814e-01,5.950681e+00,5.977546e+00,5.983692e+00
2.563360e-01,4.749535e+00,3.401454e-01,5.951801e+00,5.977836e+00,5.983721e+00
2.563640e-01,4.750053e+00,3.402148e-01,5.953015e+00,5.978103e+00,5.983748e+00
2.563921e-01,4.750573e+00,3.402850e-01,5.954244e+00,5.978349e+00,5.983772e+00
2.564203e-01,4.751096e+00,3.403506e-01,5.955391e+00,5.978578e+00,5.983795e+00
2.564484e-01,4.751616e+00,3.404108e-01,5.956444e+00,5.978789e+00,5.983816e+00
2.564763e-01,4.752133e+00,3.404666e-01,5.957421e+00,5.978984e+00,5.983836e+00
2.565041e-01,4.752648e+00,3.405183e-01,5.958325e+00,5.979165e+00,5.983854e+00
2.565318e-01,4.753162e+00,3.405667e-01,5.959173e+00,5.979335e+00,5.983871e+00
2.565596e-01,4.753677e+00,3.406120e-01,5.959966e+00,5.979493e+00,5.983887e+00
2.565876e-01,4.754195e+00,3.406550e-01,5.960717e+00,5.979643e+00,5.983902e+00
2.566158e-01,4.754718e+00,3.406956e-01,5.961427e+00,5.979785e+00,5.983916e+00
2.566443e-01,4.755247e+00,3.407344e-01,5.962106e+00,5.979921e+00,5.983930e+00
2.566731e-01,4.755780e+00,3.407711e-01,5.962749e+00,5.980050e+00,5.983942e+00
2.567015e-01,4.756306e+00,3.408054e-01,5.963350e+00,5.980170e+00,5.983954e+00
2.567295e-01,4.756826e+00,3.408374e-01,5.963909e+00,5.980282e+00,5.983966e+00
2.567573e-01,4.757340e+00,3.408672e-01,5.964430e+00,5.980386e+00,5.983976e+00
2.567848e-01,4.757850e+00,3.408951e-01,5.964919e+00,5.980484e+00,5.983986e+00
2.568120e-01,4.758354e+00,3.409215e-01,5.965381e+00,5.980576e+00,5.983995e+00
2.568389e-01,4.758851e+00,3.409463e-01,5.965814e+00,5.980663e+00,5.984004e+00
2.568655e-01,4.759344e+00,3.409698e-01,5.966226e+00,5.980745e+00,5.984012e+00
2.568918e-01,4.759832e+00,3.409920e-01,5.966615e+00,5.980823e+00,5.984020e+00
2.569180e-01,4.760317e+00,3.410133e-01,5.966987e+00,5.980897e+00,5.984027e+00
2.569441e-01,4.760801e+00,3.410335e-01,5.967341e+00,5.980968e+00,5.984034e+00
2.569698e-01,4.761278e+00,3.410528e-01,5.967678e+00,5.981036e+00,5.984041e+00
2.569952e-01,4.761748e+00,3.410710e-01,5.967996e+00,5.981099e+00,5.984047e+00
2.570203e-01,4.762213e+00,3.410883e-01,5.968299e+00,5.981160e+00,5.984053e+00
2.570451e-01,4.762672e+00,3.411048e-01,5.968588e+00,5.981218e+00,5.984059e+00
2.570697e-01,4.763129e+00,3.411208e-01,5.968867e+00,5.981466e+00,5.984300e+00
2.570943e-01,4.763585e+00,3.411372e-01,5.969155e+00,5.981980e+00,6.003272e+00
2.571190e-01,4.764042e+00,3.411544e-01,5.969457e+00,5.982522e+00,6.008403e+00
2.571439e-01,4.764502e+00,3.411724e-01,5.969771e+00,5.983088e+00,6.010530e+00
2.571690e-01,4.764968e+00,3.411914e-01,5.970102e+00,5.983684e+00,6.011702e+00
2.571945e-01,4.765441e+00,3.412113e-01,5.970452e+00,5.984313e+00,6.012443e+00
2.572202e-01,4.765917e+00,3.412324e-01,5.970820e+00,5.988910e+00,6.012953e+00
2.572460e-01,4.766394e+00,3.412543e-01,5.971204e+00,5.992600e+00,6.013322e+00
2.572719e-01,4.766874e+00,3.412774e-01,5.971608e+00,5.995418e+00,6.013604e+00
2.572980e-01,4.767358e+00,3.413018e-01,5.972034e+00,5.997633e+00,6.013826e+00
2.573245e-01,4.767849e+00,3.413277e-01,5.972488e+00,5.999438e+00,6.014006e+00
2.573514e-01,4.768348e+00,3.413553e-01,5.972971e+00,6.000932e+00,6.014156e+00
2.573789e-01,4.768858e+00,3.413850e-01,5.973492e+00,6.002202e+00,6.014283e+00
2.574072e-01,4.769381e+00,3.414171e-01,5.974053e+00,6.003292e+00,6.014392e+00
2.574362e-01,4.769920e+00,3.414522e-01,5.974667e+00,6.004248e+00,6.014487e+00
2.574657e-01,4.770465e+00,3.414898e-01,5.975324e+00,6.005073e+00,6.014570e+00
2.574956e-01,4.771019e+00,3.415305e-01,5.976036e+00,6.005799e+00,6.014642e+00
2.575260e-01,4.771582e+00,3.415745e-01,5.976806e+00,6.006439e+00,6.014706e+00
2.575570e-01,4.772158e+00,3.416229e-01,5.977653e+00,6.007016e+00,6.014764e+00
2.575889e-01,4.772749e+00,3.416760e-01,5.978583e+00,6.007534e+00,6.014816e+00
2.576218e-01,4.773357e+00,3.417354e-01,5.979622e+00,6.008009e+00,6.014863e+00
2.576557e-01,4.773985e+00,3.418016e-01,5.980781e+00,6.008441e+00,6.014907e+00
2.576908e-01,4.774636e+00,3.418771e-01,5.982101e+00,6.008843e+00,6.014947e+00
2.577273e-01,4.775312e+00,3.419630e-01,5.983604e+00,6.009213e+00,6.014984e+00
2.577642e-01,4.775996e+00,3.420572e-01,5.985253e+00,6.009551e+00,6.015018e+00
2.578014e-01,4.776685e+00,3.421440e-01,5.986772e+00,6.009854e+00,6.015048e+00
2.578388e-01,4.777379e+00,3.422237e-01,5.988166e+00,6.010133e+00,6.015076e+00
2.578768e-01,4.778083e+00,3.422964e-01,5.989438e+00,6.010388e+00,6.015101e+00
2.579154e-01,4.778799e+00,3.423642e-01,5.990625e+00,6.010625e+00,6.015125e+00
2.579539e-01,4.779511e+00,3.424256e-01,5.991698e+00,6.010840e+00,6.015146e+00
2.579919e-01,4.780215e+00,3.424814e-01,5.992676e+00,6.011035e+00,6.015166e+00
2.580297e-01,4.780916e+00,3.425324e-01,5.993568e+00,6.011214e+00,6.015184e+00
2.580678e-01,4.781621e+00,3.425801e-01,5.994403e+00,6.011381e+00,6.015201e+00
2.581053e-01,4.782316e+00,3.426235e-01,5.995162e+00,6.011532e+00,6.015216e+00
2.581422e-01,4.783000e+00,3.426635e-01,5.995861e+00,6.011672e+00,6.015230e+00
2.581787e-01,4.783676e+00,3.426997e-01,5.996495e+00,6.011799e+00,6.015242e+00
2.582149e-01,4.784346e+00,3.427336e-01,5.997089e+00,6.011918e+00,6.015254e+00
2.582508e-01,4.785013e+00,3.427652e-01,5.997640e+00,6.012028e+00,6.015265e+00
2.582866e-01,4.785676e+00,3.427949e-01,5.998160e+00,6.012132e+00,6.015276e+00
2.583221e-01,4.786334e+00,3.428226e-01,5.998645e+00,6.012229e+00,6.015285e+00
2.583575e-01,4.786988e+00,3.428487e-01,5.999103e+00,6.012321e+00,6.015295e+00
2.583925e-01,4.787638e+00,3.428732e-01,5.999532e+00,6.012406e+00,6.015303e+00
2.584273e-01,4.788282e+00,3.428964e-01,5.999937e+00,6.012487e+00,6.015311e+00
2.584617e-01,4.788920e+00,3.429191e-01,6.000335e+00,6.013106e+00,6.032059e+00
2.584958e-01,4.789553e+00,3.429430e-01,6.000752e+00,6.013854e+00,6.040074e+00
2.585296e-01,4.790179e+00,3.429678e-01,6.001186e+00,6.014635e+00,6.042446e+00
2.585630e-01,4.790797e+00,3.429938e-01,6.001641e+00,6.015453e+00,6.043586e+00
2.585960e-01,4.791408e+00,3.430207e-01,6.002112e+00,6.020628e+00,6.044250e+00
2.586285e-01,4.792010e+00,3.430489e-01,6.002605e+00,6.025007e+00,6.044688e+00
2.586606e-01,4.792605e+00,3.430782e-01,6.003118e+00,6.028091e+00,6.044997e+00
2.586924e-01,4.793194e+00,3.431090e-01,6.003658e+00,6.030401e+00,6.045228e+00
2.587239e-01,4.793778e+00,3.431413e-01,6.004222e+00,6.032184e+00,6.045406e+00
2.587551e-01,4.794357e+00,3.431753e-01,6.004818e+00,6.033615e+00,6.045549e+00
2.587861e-01,4.794931e+00,3.432110e-01,6.005443e+00,6.034778e+00,6.045665e+00
2.588169e-01,4.795501e+00,3.432488e-01,6.006104e+00,6.035750e+00,6.045763e+00
2.588474e-01,4.796066e+00,3.432886e-01,6.006800e+00,6.036569e+00,6.045844e+00
2.588777e-01,4.796628e+00,3.433310e-01,6.007541e+00,6.037275e+00,6.045915e+00
2.589080e-01,4.797189e+00,3.433759e-01,6.008327e+00,6.037886e+00,6.045976e+00
2.589382e-01,4.797748e+00,3.434241e-01,6.009171e+00,6.038426e+00,6.046030e+00
2.589684e-01,4.798308e+00,3.434757e-01,6.010074e+00,6.038903e+00,6.046078e+00
2.589987e-01,4.798870e+00,3.435316e-01,6.011052e+00,6.039332e+00,6.046121e+00
2.590292e-01,4.799435e+00,3.435920e-01,6.012108e+00,6.039717e+00,6.046159e+00
2.590594e-01,4.799995e+00,3.436570e-01,6.013246e+00,6.040064e+00,6.046194e+00
2.590893e-01,4.800549e+00,3.437266e-01,6.014464e+00,6.040374e+00,6.046225e+00
2.591191e-01,4.801100e+00,3.438021e-01,6.015786e+00,6.040657e+00,6.046253e+00
2.591488e-01,4.801651e+00,3.438758e-01,6.017075e+00,6.040915e+00,6.046279e+00
2.591783e-01,4.802198e+00,3.439436e-01,6.018260e+00,6.041152e+00,6.046303e+00
2.592075e-01,4.802738e+00,3.440051e-01,6.019337e+00,6.041367e+00,6.046324e+00
2.592363e-01,4.803272e+00,3.440618e-01,6.020328e+00,6.041566e+00,6.046344e+00
2.592648e-01,4.803800e+00,3.441136e-01,6.021236e+00,6.041747e+00,6.046362e+00
2.592925e-01,4.804314e+00,3.441610e-01,6.022065e+00,6.041913e+00,6.046379e+00
2.593198e-01,4.804820e+00,3.442047e-01,6.022829e+00,6.042066e+00,6.046394e+00
2.593470e-01,4.805323e+00,3.442455e-01,6.023544e+00,6.042209e+00,6.046408e+00
2.593740e-01,4.805823e+00,3.442837e-01,6.024212e+00,6.042342e+00,6.046422e+00
2.594005e-01,4.806315e+00,3.443194e-01,6.024836e+00,6.042467e+00,6.046434e+00
2.594268e-01,4.806802e+00,3.443526e-01,6.025417e+00,6.042583e+00,6.046446e+00
2.594530e-01,4.807287e+00,3.443841e-01,6.025969e+00,6.042694e+00,6.046457e+00
2.594792e-01,4.807774e+00,3.444140e-01,6.026492e+00,6.042798e+00,6.046467e+00
2.595056e-01,4.808262e+00,3.444424e-01,6.026988e+00,6.042898e+00,6.046477e+00
2.595321e-01,4.808753e+00,3.444694e-01,6.027461e+00,6.042992e+00,6.046487e+00
2.595588e-01,4.809247e+00,3.444954e-01,6.027916e+00,6.043083e+00,6.046496e+00
2.595853e-01,4.809738e+00,3.445200e-01,6.028347e+00,6.043169e+00,6.046504e+00
2.596115e-01,4.810224e+00,3.445434e-01,6.028755e+00,6.043251e+00,6.046513e+00
2.596376e-01,4.810707e+00,3.445655e-01,6.029142e+00,6.043328e+00,6.046520e+00
2.596634e-01,4.811185e+00,3.445866e-01,6.029511e+00,6.043402e+00,6.046528e+00
2.596889e-01,4.811657e+00,3.446064e-01,6.029859e+00,6.043472e+00,6.046535e+00
2.597141e-01,4.812125e+00,3.446254e-01,6.030191e+00,6.043538e+00,6.046541e+00
2.597391e-01,4.812588e+00,3.446434e-01,6.030507e+00,6.043601e+00,6.046548e+00
2.597640e-01,4.813050e+00,3.446608e-01,6.030810e+00,6.043662e+00,6.046554e+00
2.597889e-01,4.813511e+00,3.446775e-01,6.031102e+00,6.043720e+00,6.046560e+00
2.598138e-01,4.813972e+00,3.446937e-01,6.031387e+00,6.044000e+00,6.046838e+00
2.598388e-01,4.814436e+00,3.447107e-01,6.031683e+00,6.044530e+00,6.066539e+00
2.598638e-01,4.814898e+00,3.447283e-01,6.031991e+00,6.045083e+00,6.071220e+00
2.598886e-01,4.815359e+00,3.447464e-01,6.032309e+00,6.045655e+00,6.073200e+00
2.599135e-01,4.815820e+00,3.447654e-01,6.032641e+00,6.046253e+00,6.074301e+00
2.599385e-01,4.816282e+00,3.447852e-01,6.032986e+00,6.046876e+00,6.075000e+00
2.599636e-01,4.816747e+00,3.448059e-01,6.033349e+00,6.051741e+00,6.075487e+00
2.599888e-01,4.817215e+00,3.448276e-01,6.033729e+00,6.055306e+00,6.075843e+00
2.600143e-01,4.817687e+00,3.448506e-01,6.034131e+00,6.058050e+00,6.076118e+00
2.600399e-01,4.818162e+00,3.448747e-01,6.034553e+00,6.060215e+00,6.076334e+00
2.600656e-01,4.818637e+00,3.449000e-01,6.034996e+00,6.061965e+00,6.076509e+00
2.600912e-01,4.819112e+00,3.449264e-01,6.035458e+00,6.063396e+00,6.076652e+00
2.601165e-01,4.819582e+00,3.449540e-01,6.035940e+00,6.064588e+00,6.076771e+00
2.601417e-01,4.820048e+00,3.449825e-01,6.036440e+00,6.065591e+00,6.076872e+00
2.601667e-01,4.820511e+00,3.450124e-01,6.036963e+00,6.066454e+00,6.076958e+00
2.601916e-01,4.820972e+00,3.450436e-01,6.037509e+00,6.067199e+00,6.077032e+00
2.602164e-01,4.821431e+00,3.450765e-01,6.038084e+00,6.067855e+00,6.077098e+00
2.602411e-01,4.821890e+00,3.451109e-01,6.038687e+00,6.068434e+00,6.077156e+00
2.602659e-01,4.822349e+00,3.451474e-01,6.039325e+00,6.068953e+00,6.077208e+00
2.602907e-01,4.822809e+00,3.451860e-01,6.040000e+00,6.069420e+00,6.077254e+00
2.603157e-01,4.823272e+00,3.452272e-01,6.040721e+00,6.069844e+00,6.077297e+00
2.603408e-01,4.823737e+00,3.452710e-01,6.041488e+00,6.070231e+00,6.077336e+00
2.603659e-01,4.824203e+00,3.453178e-01,6.042306e+00,6.070584e+00,6.077371e+00
2.603911e-01,4.824668e+00,3.453675e-01,6.043176e+00,6.070906e+00,6.077403e+00
2.604163e-01,4.825135e+00,3.454209e-01,6.044110e+00,6.071203e+00,6.077433e+00
2.604416e-01,4.825604e+00,3.454780e-01,6.045110e+00,6.071477e+00,6.077460e+00
2.604671e-01,4.826076e+00,3.455399e-01,6.046193e+00,6.071732e+00,6.077486e+00
2.604927e-01,4.826552e+00,3.456061e-01,6.047351e+00,6.071970e+00,6.077510e+00
2.605187e-01,4.827033e+00,3.456700e-01,6.048470e+00,6.072194e+00,6.077532e+00
2.605450e-01,4.827520e+00,3.457299e-01,6.049517e+00,6.072403e+00,6.077553e+00
2.605715e-01,4.828011e+00,3.457864e-01,6.050506e+00,6.072601e+00,6.077573e+00
2.605983e-01,4.828507e+00,3.458395e-01,6.051434e+00,6.072787e+00,6.077591e+00
2.606253e-01,4.829008e+00,3.458897e-01,6.052314e+00,6.072963e+00,6.077609e+00
2.606525e-01,4.829513e+00,3.459369e-01,6.053139e+00,6.073128e+00,6.077625e+00
2.606797e-01,4.830017e+00,3.459813e-01,6.053916e+00,6.073283e+00,6.077641e+00
2.607069e-01,4.830521e+00,3.460228e-01,6.054642e+00,6.073428e+00,6.077655e+00
2.607340e-01,4.831023e+00,3.460619e-01,6.055326e+00,6.073565e+00,6.077669e+00
2.607610e-01,4.831523e+00,3.460985e-01,6.055967e+00,6.073693e+00,6.077682e+00
2.607879e-01,4.832022e+00,3.461331e-01,6.056573e+00,6.073815e+00,6.077694e+00
2.608148e-01,4.832519e+00,3.461657e-01,6.057143e+00,6.073929e+00,6.077705e+00
2.608417e-01,4.833017e+00,3.461968e-01,6.057686e+00,6.074037e+00,6.077716e+00
2.608687e-01,4.833517e+00,3.462262e-01,6.058202e+00,6.074140e+00,6.077727e+00
2.608957e-01,4.834019e+00,3.462542e-01,6.058691e+00,6.074238e+00,6.077736e+00
2.609228e-01,4.834521e+00,3.462807e-01,6.059154e+00,6.074331e+00,6.077746e+00
2.609499e-01,4.835023e+00,3.463060e-01,6.059598e+00,6.074420e+00,6.077754e+00
2.609771e-01,4.835526e+00,3.463301e-01,6.060020e+00,6.074504e+00,6.077763e+00
2.610042e-01,4.836030e+00,3.463533e-01,6.060426e+00,6.074585e+00,6.077771e+00
2.610315e-01,4.836534e+00,3.463755e-01,6.060813e+00,6.074663e+00,6.077779e+00
2.610586e-01,4.837037e+00,3.463966e-01,6.061183e+00,6.074737e+00,6.077786e+00
2.610856e-01,4.837537e+00,3.464167e-01,6.061535e+00,6.074807e+00,6.077793e+00
2.611125e-01,4.838035e+00,3.464360e-01,6.061873e+00,6.074875e+00,6.077800e+00
2.611393e-01,4.838532e+00,3.464544e-01,6.062195e+00,6.074939e+00,6.077806e+00
2.611660e-01,4.839027e+00,3.464721e-01,6.062504e+00,6.075011e+00,6.077825e+00
2.611926e-01,4.839520e+00,3.464899e-01,6.062816e+00,6.075568e+00,6.093600e+00
2.612192e-01,4.840013e+00,3.465085e-01,6.063141e+00,6.076153e+00,6.101440e+00
2.612458e-01,4.840505e+00,3.465277e-01,6.063477e+00,6.076759e+00,6.104066e+00
2.612721e-01,4.840992e+00,3.465477e-01,6.063826e+00,6.077387e+00,6.105381e+00
2.612980e-01,4.841473e+00,3.465682e-01,6.064185e+00,6.078032e+00,6.106164e+00
2.613237e-01,4.841949e+00,3.465893e-01,6.064555e+00,6.082494e+00,6.106687e+00
2.613491e-01,4.842419e+00,3.466112e-01,6.064937e+00,6.086215e+00,6.107059e+00
2.613743e-01,4.842887e+00,3.466339e-01,6.065334e+00,6.089022e+00,6.107340e+00
2.613994e-01,4.843351e+00,3.466574e-01,6.065746e+00,6.091207e+00,6.107558e+00
2.614243e-01,4.843813e+00,3.466819e-01,6.066175e+00,6.092963e+00,6.107734e+00
2.614490e-01,4.844270e+00,3.467072e-01,6.066618e+00,6.094391e+00,6.107877e+00
2.614734e-01,4.844723e+00,3.467335e-01,6.067079e+00,6.095586e+00,6.107996e+00
2.614977e-01,4.845173e+00,3.467609e-01,6.067557e+00,6.096594e+00,6.108097e+00
2.615218e-01,4.845620e+00,3.467894e-01,6.068057e+00,6.097463e+00,6.108184e+00
2.615459e-01,4.846065e+00,3.468192e-01,6.068578e+00,6.098216e+00,6.108259e+00
2.615698e-01,4.846509e+00,3.468505e-01,6.069126e+00,6.098880e+00,6.108326e+00
2.615935e-01,4.846947e+00,3.468829e-01,6.069692e+00,6.099460e+00,6.108384e+00
2.616165e-01,4.847374e+00,3.469161e-01,6.070273e+00,6.099969e+00,6.108434e+00
2.616391e-01,4.847793e+00,3.469503e-01,6.070872e+00,6.100417e+00,6.108479e+00
2.616614e-01,4.848205e+00,3.469859e-01,6.071494e+00,6.100821e+00,6.108520e+00
2.616835e-01,4.848615e+00,3.470230e-01,6.072143e+00,6.101187e+00,6.108556e+00
2.617056e-01,4.849025e+00,3.470622e-01,6.072830e+00,6.101523e+00,6.108590e+00
2.617278e-01,4.849436e+00,3.471036e-01,6.073554e+00,6.101833e+00,6.108621e+00
2.617498e-01,4.849844e+00,3.471472e-01,6.074318e+00,6.102118e+00,6.108649e+00
2.617717e-01,4.850250e+00,3.471930e-01,6.075118e+00,6.102380e+00,6.108676e+00
2.617924e-01,4.850634e+00,3.472389e-01,6.075921e+00,6.102612e+00,6.108699e+00
2.618121e-01,4.850999e+00,3.472849e-01,6.076727e+00,6.102818e+00,6.108719e+00
2.618311e-01,4.851350e+00,3.473318e-01,6.077547e+00,6.103005e+00,6.108738e+00
2.618494e-01,4.851690e+00,3.473793e-01,6.078378e+00,6.103176e+00,6.108755e+00
2.618672e-01,4.852020e+00,3.474244e-01,6.079167e+00,6.103333e+00,6.108771e+00
2.618846e-01,4.852342e+00,3.474661e-01,6.079897e+00,6.103479e+00,6.108785e+00
2.619017e-01,4.852658e+00,3.475052e-01,6.080580e+00,6.103616e+00,6.108799e+00
2.619184e-01,4.852968e+00,3.475417e-01,6.081220e+00,6.103744e+00,6.108812e+00
2.619349e-01,4.853273e+00,3.475762e-01,6.081823e+00,6.103865e+00,6.108824e+00
2.619512e-01,4.853575e+00,3.476087e-01,6.082393e+00,6.103979e+00,6.108835e+00
2.619672e-01,4.853872e+00,3.476397e-01,6.082934e+00,6.104087e+00,6.108846e+00
2.619831e-01,4.854167e+00,3.476690e-01,6.083447e+00,6.104189e+00,6.108856e+00
2.619989e-01,4.854459e+00,3.476971e-01,6.083939e+00,6.104288e+00,6.108866e+00
2.620146e-01,4.854750e+00,3.477239e-01,6.084407e+00,6.104381e+00,6.108876e+00
2.620302e-01,4.855039e+00,3.477496e-01,6.084858e+00,6.104472e+00,6.108885e+00
2.620457e-01,4.855327e+00,3.477743e-01,6.085290e+00,6.104558e+00,6.108893e+00
2.620613e-01,4.855615e+00,3.477982e-01,6.085707e+00,6.104641e+00,6.108902e+00
2.620768e-01,4.855902e+00,3.478211e-01,6.086109e+00,6.104722e+00,6.108910e+00
2.620923e-01,4.856190e+00,3.478434e-01,6.086499e+00,6.104800e+00,6.108917e+00
2.621079e-01,4.856479e+00,3.478650e-01,6.086876e+00,6.104875e+00,6.108925e+00
2.621236e-01,4.856769e+00,3.478860e-01,6.087244e+00,6.104949e+00,6.108932e+00
2.621394e-01,4.857062e+00,3.479064e-01,6.087602e+00,6.105020e+00,6.108940e+00
2.621553e-01,4.857357e+00,3.479264e-01,6.087951e+00,6.105090e+00,6.108947e+00
2.621711e-01,4.857649e+00,3.479456e-01,6.088286e+00,6.105157e+00,6.108953e+00
2.621867e-01,4.857939e+00,3.479640e-01,6.088608e+00,6.105222e+00,6.108960e+00
2.622022e-01,4.858227e+00,3.479815e-01,6.088915e+00,6.105283e+00,6.108966e+00
2.622177e-01,4.858514e+00,3.479985e-01,6.089213e+00,6.105343e+00,6.108972e+00
2.622333e-01,4.858802e+00,3.480151e-01,6.089503e+00,6.105401e+00,6.108978e+00
2.622489e-01,4.859091e+00,3.480312e-01,6.089785e+00,6.105457e+00,6.108983e+00
2.622645e-01,4.859380e+00,3.480469e-01,6.090059e+00,6.105512e+00,6.108989e+00
2.622802e-01,4.859671e+00,3.480623e-01,6.090328e+00,6.105566e+00,6.108994e+00
2.622961e-01,4.859966e+00,3.480774e-01,6.090593e+00,6.105619e+00,6.108999e+00
2.623123e-01,4.860266e+00,3.480924e-01,6.090855e+00,6.105671e+00,6.109005e+00
2.623289e-01,4.860574e+00,3.481073e-01,6.091116e+00,6.105723e+00,6.109010e+00
2.623460e-01,4.860891e+00,3.481222e-01,6.091377e+00,6.105775e+00,6.109015e+00
2.623637e-01,4.861219e+00,3.481372e-01,6.091639e+00,6.105828e+00,6.109020e+00
2.623822e-01,4.861561e+00,3.481524e-01,6.091905e+00,6.105881e+00,6.109026e+00
2.624014e-01,4.861917e+00,3.481677e-01,6.092173e+00,6.105935e+00,6.109031e+00
2.624215e-01,4.862290e+00,3.481833e-01,6.092446e+00,6.105989e+00,6.109036e+00
2.624427e-01,4.862682e+00,3.481991e-01,6.092722e+00,6.106044e+00,6.109042e+00
2.624644e-01,4.863083e+00,3.482148e-01,6.092997e+00,6.106099e+00,6.109047e+00
2.624862e-01,4.863489e+00,3.482300e-01,6.093264e+00,6.106153e+00,6.109053e+00
2.625084e-01,4.863899e+00,3.482450e-01,6.093527e+00,6.106205e+00,6.109058e+00
2.625308e-01,4.864315e+00,3.482597e-01,6.093783e+00,6.106314e+00,6.109134e+00
2.625532e-01,4.864730e+00,3.482747e-01,6.094045e+00,6.106782e+00,6.123783e+00
2.625756e-01,4.865145e+00,3.482902e-01,6.094316e+00,6.107269e+00,6.131684e+00
2.625982e-01,4.865563e+00,3.483063e-01,6.094599e+00,6.107777e+00,6.134558e+00
2.626210e-01,4.865986e+00,3.483232e-01,6.094894e+00,6.108309e+00,6.136044e+00
2.626441e-01,4.866414e+00,3.483410e-01,6.095205e+00,6.108869e+00,6.136957e+00
2.626674e-01,4.866846e+00,3.483595e-01,6.095530e+00,6.110070e+00,6.137569e+00
2.626911e-01,4.867284e+00,3.483792e-01,6.095873e+00,6.114502e+00,6.138013e+00
2.627147e-01,4.867722e+00,3.483995e-01,6.096229e+00,6.117807e+00,6.138343e+00
2.627385e-01,4.868163e+00,3.484209e-01,6.096604e+00,6.120394e+00,6.138602e+00
2.627626e-01,4.868610e+00,3.484435e-01,6.097000e+00,6.122475e+00,6.138810e+00
2.627872e-01,4.869066e+00,3.484676e-01,6.097421e+00,6.124201e+00,6.138983e+00
2.628124e-01,4.869531e+00,3.484933e-01,6.097871e+00,6.125652e+00,6.139128e+00
2.628373e-01,4.869993e+00,3.485201e-01,6.098340e+00,6.126862e+00,6.139249e+00
2.628619e-01,4.870449e+00,3.485478e-01,6.098824e+00,6.127877e+00,6.139350e+00
2.628864e-01,4.870902e+00,3.485767e-01,6.099330e+00,6.128750e+00,6.139438e+00
2.629107e-01,4.871354e+00,3.486069e-01,6.099858e+00,6.129506e+00,6.139513e+00
2.629351e-01,4.871805e+00,3.486387e-01,6.100415e+00,6.130173e+00,6.139580e+00
2.629595e-01,4.872257e+00,3.486722e-01,6.101000e+00,6.130765e+00,6.139639e+00
2.629840e-01,4.872712e+00,3.487077e-01,6.101622e+00,6.131298e+00,6.139692e+00
2.630087e-01,4.873170e+00,3.487454e-01,6.102282e+00,6.131777e+00,6.139740e+00
2.630337e-01,4.873632e+00,3.487858e-01,6.102989e+00,6.132215e+00,6.139784e+00
2.630585e-01,4.874093e+00,3.488284e-01,6.103733e+00,6.132609e+00,6.139823e+00
2.630831e-01,4.874548e+00,3.488732e-01,6.104518e+00,6.132965e+00,6.139859e+00
2.631075e-01,4.875000e+00,3.489203e-01,6.105342e+00,6.133288e+00,6.139891e+00
2.631318e-01,4.875451e+00,3.489704e-01,6.106219e+00,6.133584e+00,6.139921e+00
2.631561e-01,4.875900e+00,3.490236e-01,6.107149e+00,6.133856e+00,6.139948e+00
2.631803e-01,4.876349e+00,3.490805e-01,6.108146e+00,6.134108e+00,6.139973e+00
2.632043e-01,4.876794e+00,3.491408e-01,6.109201e+00,6.134340e+00,6.139996e+00
2.632281e-01,4.877235e+00,3.492020e-01,6.110271e+00,6.134554e+00,6.140018e+00
2.632518e-01,4.877673e+00,3.492586e-01,6.111262e+00,6.134752e+00,6.140038e+00
2.632753e-01,4.878109e+00,3.493116e-01,6.112189e+00,6.134938e+00,6.140056e+00
2.632988e-01,4.878545e+00,3.493612e-01,6.113056e+00,6.135111e+00,6.140074e+00
2.633223e-01,4.878981e+00,3.494080e-01,6.113875e+00,6.135275e+00,6.140090e+00
2.633459e-01,4.879418e+00,3.494520e-01,6.114647e+00,6.135429e+00,6.140105e+00
2.633696e-01,4.879857e+00,3.494940e-01,6.115380e+00,6.135576e+00,6.140120e+00
2.633935e-01,4.880299e+00,3.495337e-01,6.116075e+00,6.135715e+00,6.140134e+00
2.634175e-01,4.880743e+00,3.495716e-01,6.116738e+00,6.135848e+00,6.140147e+00
2.634416e-01,4.881189e+00,3.496076e-01,6.117368e+00,6.135974e+00,6.140160e+00
2.634657e-01,4.881637e+00,3.496420e-01,6.117969e+00,6.136094e+00,6.140172e+00
2.634900e-01,4.882087e+00,3.496746e-01,6.118540e+00,6.136208e+00,6.140183e+00
2.635144e-01,4.882539e+00,3.497059e-01,6.119088e+00,6.136318e+00,6.140194e+00
2.635389e-01,4.882993e+00,3.497357e-01,6.119610e+00,6.136422e+00,6.140205e+00
2.635636e-01,4.883451e+00,3.497644e-01,6.120112e+00,6.136522e+00,6.140215e+00
2.635885e-01,4.883912e+00,3.497919e-01,6.120593e+00,6.136619e+00,6.140224e+00
2.636135e-01,4.884375e+00,3.498180e-01,6.121050e+00,6.136710e+00,6.140234e+00
2.636384e-01,4.884837e+00,3.498429e-01,6.121485e+00,6.136797e+00,6.140242e+00
2.636633e-01,4.885298e+00,3.498667e-01,6.121902e+00,6.136880e+00,6.140251e+00
2.636883e-01,4.885761e+00,3.498895e-01,6.122301e+00,6.136960e+00,6.140259e+00
2.637133e-01,4.886225e+00,3.499115e-01,6.122685e+00,6.137037e+00,6.140266e+00
2.637385e-01,4.886691e+00,3.499326e-01,6.123054e+00,6.137111e+00,6.140274e+00
2.637638e-01,4.887160e+00,3.499530e-01,6.123412e+00,6.137182e+00,6.140281e+00
2.637892e-01,4.887632e+00,3.499727e-01,6.123756e+00,6.137251e+00,6.140288e+00
2.638149e-01,4.888107e+00,3.499918e-01,6.124091e+00,6.137318e+00,6.140294e+00
2.638408e-01,4.888586e+00,3.500103e-01,6.124414e+00,6.137383e+00,6.140301e+00
2.638669e-01,4.889070e+00,3.500282e-01,6.124728e+00,6.137446e+00,6.140307e+00
2.638930e-01,4.889554e+00,3.500455e-01,6.125030e+00,6.137559e+00,6.140378e+00
2.639192e-01,4.890039e+00,3.500632e-01,6.125340e+00,6.138111e+00,6.157185e+00
2.639454e-01,4.890526e+00,3.500816e-01,6.125662e+00,6.138691e+00,6.164182e+00
2.639718e-01,4.891014e+00,3.501009e-01,6.126000e+00,6.139299e+00,6.166678e+00
2.639983e-01,4.891505e+00,3.501211e-01,6.126353e+00,6.139935e+00,6.167953e+00
2.640249e-01,4.891998e+00,3.501423e-01,6.126725e+00,6.140604e+00,6.168731e+00
2.640517e-01,4.892495e+00,3.501646e-01,6.127114e+00,6.145657e+00,6.169253e+00
2.640786e-01,4.892994e+00,3.501881e-01,6.127526e+00,6.149422e+00,6.169630e+00
2.641057e-01,4.893495e+00,3.502129e-01,6.127959e+00,6.152248e+00,6.169912e+00
2.641330e-01,4.894000e+00,3.502391e-01,6.128418e+00,6.154463e+00,6.170134e+00
2.641604e-01,4.894508e+00,3.502667e-01,6.128901e+00,6.156232e+00,6.170311e+00
2.641879e-01,4.895019e+00,3.502960e-01,6.129414e+00,6.157688e+00,6.170456e+00
2.642156e-01,4.895531e+00,3.503270e-01,6.129956e+00,6.158897e+00,6.170577e+00
2.642433e-01,4.896045e+00,3.503598e-01,6.130531e+00,6.159921e+00,6.170680e+00
2.642710e-01,4.896559e+00,3.503945e-01,6.131138e+00,6.160794e+00,6.170767e+00
2.642988e-01,4.897073e+00,3.504314e-01,6.131783e+00,6.161552e+00,6.170843e+00
2.643266e-01,4.897587e+00,3.504705e-01,6.132467e+00,6.162211e+00,6.170909e+00
2.643543e-01,4.898102e+00,3.505122e-01,6.133196e+00,6.162793e+00,6.170967e+00
2.643821e-01,4.898617e+00,3.505564e-01,6.133971e+00,6.163307e+00,6.171018e+00
2.644099e-01,4.899132e+00,3.506039e-01,6.134801e+00,6.163768e+00,6.171064e+00
2.644377e-01,4.899647e+00,3.506545e-01,6.135687e+00,6.164181e+00,6.171106e+00
2.644655e-01,4.900162e+00,3.507091e-01,6.136642e+00,6.164556e+00,6.171143e+00
2.644934e-01,4.900679e+00,3.507676e-01,6.137666e+00,6.164895e+00,6.171177e+00
2.645213e-01,4.901195e+00,3.508310e-01,6.138775e+00,6.165205e+00,6.171208e+00
2.645492e-01,4.901713e+00,3.508995e-01,6.139974e+00,6.165489e+00,6.171236e+00
2.645772e-01,4.902231e+00,3.509726e-01,6.141252e+00,6.165750e+00,6.171263e+00
2.646050e-01,4.902747e+00,3.510410e-01,6.142450e+00,6.165990e+00,6.171287e+00
2.646329e-01,4.903263e+00,3.511045e-01,6.143560e+00,6.166212e+00,6.171309e+00
2.646607e-01,4.903779e+00,3.511631e-01,6.144586e+00,6.166417e+00,6.171329e+00
2.646885e-01,4.904294e+00,3.512178e-01,6.145543e+00,6.166609e+00,6.171348e+00
2.647164e-01,4.904811e+00,3.512687e-01,6.146434e+00,6.166787e+00,6.171366e+00
2.647444e-01,4.905329e+00,3.513166e-01,6.147272e+00,6.166954e+00,6.171383e+00
2.647724e-01,4.905849e+00,3.513614e-01,6.148056e+00,6.167111e+00,6.171399e+00
2.648006e-01,4.906371e+00,3.514038e-01,6.148798e+00,6.167260e+00,6.171413e+00
2.648289e-01,4.906894e+00,3.514436e-01,6.149494e+00,6.167399e+00,6.171427e+00
2.648572e-01,4.907419e+00,3.514813e-01,6.150153e+00,6.167531e+00,6.171441e+00
2.648855e-01,4.907944e+00,3.515167e-01,6.150774e+00,6.167655e+00,6.171453e+00
2.649140e-01,4.908472e+00,3.515505e-01,6.151365e+00,6.167773e+00,6.171465e+00
2.649427e-01,4.909003e+00,3.515824e-01,6.151924e+00,6.167885e+00,6.171476e+00
2.649715e-01,4.909536e+00,3.516127e-01,6.152454e+00,6.167991e+00,6.171487e+00
2.650005e-01,4.910074e+00,3.516415e-01,6.152957e+00,6.168091e+00,6.171497e+00
2.650297e-01,4.910615e+00,3.516692e-01,6.153441e+00,6.168188e+00,6.171506e+00
2.650591e-01,4.911161e+00,3.516955e-01,6.153902e+00,6.168280e+00,6.171516e+00
2.650888e-01,4.911711e+00,3.517209e-01,6.154347e+00,6.168369e+00,6.171524e+00
2.651188e-01,4.912267e+00,3.517452e-01,6.154772e+00,6.168454e+00,6.171533e+00
2.651491e-01,4.912828e+00,3.517687e-01,6.155183e+00,6.168537e+00,6.171541e+00
2.651796e-01,4.913394e+00,3.517912e-01,6.155576e+00,6.168615e+00,6.171549e+00
2.652104e-01,4.913964e+00,3.518129e-01,6.155956e+00,6.168691e+00,6.171557e+00
2.652415e-01,4.914540e+00,3.518337e-01,6.156321e+00,6.168883e+00,6.171710e+00
2.652729e-01,4.915121e+00,3.518555e-01,6.156701e+00,6.169562e+00,6.191988e+00
2.653046e-01,4.915709e+00,3.518785e-01,6.157103e+00,6.170286e+00,6.197091e+00
2.653367e-01,4.916304e+00,3.519031e-01,6.157534e+00,6.171061e+00,6.199010e+00
2.653692e-01,4.916906e+00,3.519293e-01,6.157992e+00,6.171974e+00,6.200010e+00
2.654020e-01,4.917514e+00,3.519573e-01,6.158483e+00,6.178137e+00,6.200626e+00
2.654352e-01,4.918128e+00,3.519872e-01,6.159006e+00,6.182285e+00,6.201041e+00
2.654686e-01,4.918747e+00,3.520194e-01,6.159569e+00,6.185288e+00,6.201341e+00
2.655023e-01,4.919373e+00,3.520537e-01,6.160171e+00,6.187546e+00,6.201567e+00
2.655362e-01,4.920000e+00,3.520907e-01,6.160818e+00,6.189310e+00,6.201743e+00
2.655697e-01,4.920621e+00,3.521297e-01,6.161499e+00,6.190697e+00,6.201882e+00
2.656029e-01,4.921236e+00,3.521711e-01,6.162224e+00,6.191826e+00,6.201995e+00
2.656358e-01,4.921845e+00,3.522149e-01,6.162990e+00,6.192756e+00,6.202088e+00
2.656683e-01,4.922449e+00,3.522617e-01,6.163810e+00,6.193541e+00,6.202167e+00
2.657007e-01,4.923048e+00,3.523115e-01,6.164681e+00,6.194209e+00,6.202233e+00
2.657329e-01,4.923644e+00,3.523652e-01,6.165620e+00,6.194789e+00,6.202291e+00
2.657648e-01,4.924235e+00,3.524225e-01,6.166622e+00,6.195293e+00,6.202342e+00
2.657965e-01,4.924823e+00,3.524844e-01,6.167706e+00,6.195738e+00,6.202386e+00
2.658279e-01,4.925406e+00,3.525510e-01,6.168871e+00,6.196131e+00,6.202426e+00
2.658589e-01,4.925979e+00,3.526225e-01,6.170123e+00,6.196480e+00,6.202461e+00
2.658893e-01,4.926543e+00,3.526991e-01,6.171462e+00,6.196790e+00,6.202492e+00
2.659193e-01,4.927098e+00,3.527782e-01,6.172847e+00,6.197069e+00,6.202519e+00
2.659488e-01,4.927646e+00,3.528501e-01,6.174105e+00,6.197321e+00,6.202545e+00
2.659781e-01,4.928187e+00,3.529158e-01,6.175254e+00,6.197551e+00,6.202568e+00
2.660070e-01,4.928724e+00,3.529757e-01,6.176302e+00,6.197760e+00,6.202589e+00
2.660358e-01,4.929256e+00,3.530310e-01,6.177270e+00,6.197954e+00,6.202608e+00
2.660643e-01,4.929785e+00,3.530819e-01,6.178162e+00,6.198132e+00,6.202626e+00
2.660927e-01,4.930311e+00,3.531294e-01,6.178993e+00,6.198299e+00,6.202642e+00
2.661209e-01,4.930835e+00,3.531736e-01,6.179765e+00,6.198453e+00,6.202658e+00
2.661492e-01,4.931358e+00,3.532150e-01,6.180490e+00,6.198598e+00,6.202672e+00
2.661774e-01,4.931880e+00,3.532538e-01,6.181168e+00,6.198734e+00,6.202686e+00
2.662055e-01,4.932402e+00,3.532904e-01,6.181809e+00,6.198862e+00,6.202699e+00
2.662337e-01,4.932924e+00,3.533248e-01,6.182412e+00,6.198982e+00,6.202711e+00
2.662620e-01,4.933447e+00,3.533576e-01,6.182984e+00,6.199097e+00,6.202722e+00
2.662903e-01,4.933972e+00,3.533882e-01,6.183520e+00,6.199204e+00,6.202733e+00
2.663186e-01,4.934498e+00,3.534174e-01,6.184032e+00,6.199306e+00,6.202743e+00
2.663469e-01,4.935022e+00,3.534450e-01,6.184514e+00,6.199403e+00,6.202753e+00
2.663748e-01,4.935538e+00,3.534709e-01,6.184968e+00,6.199494e+00,6.202762e+00
2.664023e-01,4.936048e+00,3.534952e-01,6.185393e+00,6.199579e+00,6.202770e+00
2.664295e-01,4.936553e+00,3.535183e-01,6.185796e+00,6.199659e+00,6.202778e+00
2.664565e-01,4.937052e+00,3.535400e-01,6.186177e+00,6.199735e+00,6.202786e+00
2.664833e-01,4.937548e+00,3.535607e-01,6.186539e+00,6.199808e+00,6.202793e+00
2.665099e-01,4.938041e+00,3.535804e-01,6.186883e+00,6.199877e+00,6.202800e+00
2.665363e-01,4.938531e+00,3.535992e-01,6.187213e+00,6.199943e+00,6.202807e+00
2.665627e-01,4.939020e+00,3.536172e-01,6.187527e+00,6.200054e+00,6.202872e+00
2.665890e-01,4.939508e+00,3.536355e-01,6.187848e+00,6.200626e+00,6.220017e+00
2.666153e-01,4.939995e+00,3.536545e-01,6.188180e+00,6.201225e+00,6.226887e+00
2.666417e-01,4.940483e+00,3.536745e-01,6.188529e+00,6.201853e+00,6.229319e+00
2.666681e-01,4.940973e+00,3.536953e-01,6.188894e+00,6.202509e+00,6.230559e+00
2.666946e-01,4.941464e+00,3.537172e-01,6.189278e+00,6.203781e+00,6.231316e+00
2.667213e-01,4.941958e+00,3.537402e-01,6.189680e+00,6.208852e+00,6.231823e+00
2.667481e-01,4.942455e+00,3.537645e-01,6.190106e+00,6.212510e+00,6.232188e+00
2.667745e-01,4.942945e+00,3.537896e-01,6.190545e+00,6.215214e+00,6.232459e+00
2.668007e-01,4.943430e+00,3.538158e-01,6.191003e+00,6.217310e+00,6.232668e+00
2.668266e-01,4.943910e+00,3.538430e-01,6.191478e+00,6.218975e+00,6.232835e+00
2.668524e-01,4.944387e+00,3.538714e-01,6.191975e+00,6.220339e+00,6.232971e+00
2.668780e-01,4.944861e+00,3.539010e-01,6.192494e+00,6.221473e+00,6.233085e+00
2.669035e-01,4.945334e+00,3.539323e-01,6.193041e+00,6.222437e+00,6.233181e+00
2.669289e-01,4.945806e+00,3.539651e-01,6.193614e+00,6.223264e+00,6.233264e+00
2.669544e-01,4.946277e+00,3.539998e-01,6.194222e+00,6.223986e+00,6.233336e+00
2.669799e-01,4.946750e+00,3.540365e-01,6.194864e+00,6.224619e+00,6.233399e+00
2.670055e-01,4.947224e+00,3.540756e-01,6.195548e+00,6.225183e+00,6.233456e+00
2.670312e-01,4.947701e+00,3.541172e-01,6.196277e+00,6.225687e+00,6.233506e+00
2.670571e-01,4.948181e+00,3.541620e-01,6.197061e+00,6.226143e+00,6.233552e+00
2.670832e-01,4.948664e+00,3.542100e-01,6.197899e+00,6.226555e+00,6.233593e+00
2.671090e-01,4.949143e+00,3.542609e-01,6.198791e+00,6.226925e+00,6.233630e+00
2.671347e-01,4.949618e+00,3.543148e-01,6.199734e+00,6.227259e+00,6.233663e+00
2.671601e-01,4.950089e+00,3.543724e-01,6.200742e+00,6.227563e+00,6.233694e+00
2.671855e-01,4.950559e+00,3.544339e-01,6.201818e+00,6.227840e+00,6.233721e+00
2.672107e-01,4.951027e+00,3.545002e-01,6.202978e+00,6.228095e+00,6.233747e+00
2.672360e-01,4.951495e+00,3.545674e-01,6.204154e+00,6.228331e+00,6.233771e+00
2.672613e-01,4.951964e+00,3.546301e-01,6.205252e+00,6.228550e+00,6.233793e+00
2.672867e-01,4.952434e+00,3.546885e-01,6.206272e+00,6.228754e+00,6.233813e+00
2.673122e-01,4.952906e+00,3.547433e-01,6.207231e+00,6.228946e+00,6.233832e+00
2.673378e-01,4.953382e+00,3.547946e-01,6.208130e+00,6.229126e+00,6.233850e+00
2.673637e-01,4.953861e+00,3.548432e-01,6.208981e+00,6.229296e+00,6.233867e+00
2.673895e-01,4.954339e+00,3.548885e-01,6.209772e+00,6.229454e+00,6.233883e+00
2.674151e-01,4.954813e+00,3.549309e-01,6.210514e+00,6.229603e+00,6.233898e+00
2.674406e-01,4.955286e+00,3.549705e-01,6.211207e+00,6.229741e+00,6.233912e+00
2.674660e-01,4.955757e+00,3.550079e-01,6.211862e+00,6.229872e+00,6.233925e+00
2.674914e-01,4.956227e+00,3.550431e-01,6.212477e+00,6.229995e+00,6.233937e+00
2.675168e-01,4.956697e+00,3.550765e-01,6.213062e+00,6.230112e+00,6.233949e+00
2.675422e-01,4.957168e+00,3.551081e-01,6.213615e+00,6.230223e+00,6.233960e+00
2.675676e-01,4.957639e+00,3.551382e-01,6.214142e+00,6.230328e+00,6.233970e+00
2.675931e-01,4.958112e+00,3.551668e-01,6.214643e+00,6.230429e+00,6.233980e+00
2.676187e-01,4.958586e+00,3.551940e-01,6.215118e+00,6.230524e+00,6.233990e+00
2.676442e-01,4.959058e+00,3.552197e-01,6.215568e+00,6.230614e+00,6.233999e+00
2.676694e-01,4.959526e+00,3.552441e-01,6.215996e+00,6.230699e+00,6.234007e+00
2.676945e-01,4.959990e+00,3.552672e-01,6.216399e+00,6.230780e+00,6.234015e+00
2.677194e-01,4.960451e+00,3.552892e-01,6.216784e+00,6.230857e+00,6.234023e+00
2.677441e-01,4.960909e+00,3.553101e-01,6.217150e+00,6.230930e+00,6.234030e+00
2.677687e-01,4.961364e+00,3.553301e-01,6.217500e+00,6.231000e+00,6.234037e+00
2.677931e-01,4.961818e+00,3.553492e-01,6.217833e+00,6.231067e+00,6.234044e+00
2.678175e-01,4.962269e+00,3.553675e-01,6.218154e+00,6.231131e+00,6.234051e+00
2.678418e-01,4.962719e+00,3.553850e-01,6.218460e+00,6.231192e+00,6.234057e+00
2.678660e-01,4.963168e+00,3.554019e-01,6.218755e+00,6.231262e+00,6.234076e+00
2.678902e-01,4.963616e+00,3.554188e-01,6.219052e+00,6.231794e+00,6.249149e+00
2.679143e-01,4.964064e+00,3.554365e-01,6.219361e+00,6.232350e+00,6.257324e+00
2.679385e-01,4.964511e+00,3.554548e-01,6.219682e+00,6.232927e+00,6.260073e+00
2.679626e-01,4.964958e+00,3.554740e-01,6.220017e+00,6.233530e+00,6.261458e+00
2.679868e-01,4.965406e+00,3.554939e-01,6.220365e+00,6.234158e+00,6.262290e+00
2.680110e-01,4.965855e+00,3.555148e-01,6.220731e+00,6.237852e+00,6.262848e+00
2.680353e-01,4.966305e+00,3.555366e-01,6.221113e+00,6.241836e+00,6.263246e+00
2.680598e-01,4.966758e+00,3.555596e-01,6.221515e+00,6.244842e+00,6.263547e+00
2.680843e-01,4.967213e+00,3.555837e-01,6.221937e+00,6.247180e+00,6.263781e+00
2.681087e-01,4.967666e+00,3.556089e-01,6.222378e+00,6.249042e+00,6.263967e+00
2.681330e-01,4.968115e+00,3.556351e-01,6.222836e+00,6.250550e+00,6.264118e+00
2.681572e-01,4.968563e+00,3.556625e-01,6.223316e+00,6.251805e+00,6.264243e+00
2.681812e-01,4.969008e+00,3.556911e-01,6.223816e+00,6.252861e+00,6.264349e+00
2.682052e-01,4.969452e+00,3.557211e-01,6.224341e+00,6.253767e+00,6.264439e+00
2.682291e-01,4.969896e+00,3.557526e-01,6.224892e+00,6.254550e+00,6.264517e+00
2.682530e-01,4.970339e+00,3.557858e-01,6.225474e+00,6.255238e+00,6.264586e+00
2.682770e-01,4.970783e+00,3.558209e-01,6.226087e+00,6.255845e+00,6.264647e+00
2.683010e-01,4.971228e+00,3.558581e-01,6.226739e+00,6.256388e+00,6.264701e+00
2.683251e-01,4.971675e+00,3.558976e-01,6.227430e+00,6.256875e+00,6.264750e+00
2.683494e-01,4.972124e+00,3.559399e-01,6.228169e+00,6.257316e+00,6.264794e+00
2.683738e-01,4.972577e+00,3.559849e-01,6.228958e+00,6.257717e+00,6.264834e+00
2.683984e-01,4.973032e+00,3.560335e-01,6.229807e+00,6.258084e+00,6.264871e+00
2.684232e-01,4.973491e+00,3.560856e-01,6.230719e+00,6.258420e+00,6.264905e+00
2.684478e-01,4.973949e+00,3.561413e-01,6.231695e+00,6.258728e+00,6.264935e+00
2.684724e-01,4.974404e+00,3.562007e-01,6.232733e+00,6.259008e+00,6.264963e+00
2.684969e-01,4.974857e+00,3.562645e-01,6.233850e+00,6.259266e+00,6.264989e+00
2.685213e-01,4.975309e+00,3.563314e-01,6.235020e+00,6.259504e+00,6.265013e+00
2.685457e-01,4.975761e+00,3.563945e-01,6.236125e+00,6.259725e+00,6.265035e+00
2.685701e-01,4.976214e+00,3.564532e-01,6.237151e+00,6.259930e+00,6.265056e+00
2.685945e-01,4.976667e+00,3.565082e-01,6.238113e+00,6.260123e+00,6.265075e+00
2.686191e-01,4.977121e+00,3.565595e-01,6.239012e+00,6.260302e+00,6.265093e+00
2.686437e-01,4.977578e+00,3.566080e-01,6.239860e+00,6.260472e+00,6.265110e+00
2.686684e-01,4.978036e+00,3.566535e-01,6.240657e+00,6.260631e+00,6.265126e+00
2.686933e-01,4.978497e+00,3.566967e-01,6.241412e+00,6.260782e+00,6.265141e+00
2.687183e-01,4.978960e+00,3.567374e-01,6.242125e+00,6.260925e+00,6.265155e+00
2.687435e-01,4.979426e+00,3.567762e-01,6.242803e+00,6.261061e+00,6.265169e+00
2.687688e-01,4.979896e+00,3.568129e-01,6.243446e+00,6.261189e+00,6.265181e+00
2.687942e-01,4.980366e+00,3.568478e-01,6.244057e+00,6.261311e+00,6.265194e+00
2.688195e-01,4.980835e+00,3.568806e-01,6.244630e+00,6.261426e+00,6.265205e+00
2.688447e-01,4.981301e+00,3.569117e-01,6.245174e+00,6.261535e+00,6.265216e+00
2.688698e-01,4.981767e+00,3.569410e-01,6.245687e+00,6.261637e+00,6.265226e+00
2.688948e-01,4.982231e+00,3.569689e-01,6.246175e+00,6.261735e+00,6.265236e+00
2.689199e-01,4.982695e+00,3.569952e-01,6.246635e+00,6.261827e+00,6.265245e+00
2.689449e-01,4.983159e+00,3.570203e-01,6.247074e+00,6.261915e+00,6.265254e+00
2.689700e-01,4.983623e+00,3.570442e-01,6.247493e+00,6.261999e+00,6.265262e+00
2.689950e-01,4.984087e+00,3.570672e-01,6.247895e+00,6.262079e+00,6.265270e+00
2.690201e-01,4.984553e+00,3.570891e-01,6.248279e+00,6.262156e+00,6.265278e+00
2.690453e-01,4.985019e+00,3.571103e-01,6.248648e+00,6.262230e+00,6.265285e+00
2.690704e-01,4.985484e+00,3.571304e-01,6.249001e+00,6.262300e+00,6.265293e+00
2.690955e-01,4.985950e+00,3.571498e-01,6.249340e+00,6.262368e+00,6.265299e+00
2.691208e-01,4.986417e+00,3.571684e-01,6.249666e+00,6.262433e+00,6.265306e+00
2.691460e-01,4.986885e+00,3.571864e-01,6.249981e+00,6.262496e+00,6.265312e+00
2.691713e-01,4.987353e+00,3.572044e-01,6.250296e+00,6.263034e+00,6.280106e+00
2.691964e-01,4.987819e+00,3.572232e-01,6.250624e+00,6.263624e+00,6.288742e+00
2.692212e-01,4.988278e+00,3.572424e-01,6.250961e+00,6.264229e+00,6.291480e+00
2.692458e-01,4.988734e+00,3.572623e-01,6.251309e+00,6.264857e+00,6.292833e+00
2.692704e-01,4.989190e+00,3.572831e-01,6.251673e+00,6.265512e+00,6.293644e+00
2.692952e-01,4.989649e+00,3.573050e-01,6.252056e+00,6.270005e+00,6.294188e+00
2.693196e-01,4.990102e+00,3.573276e-01,6.252451e+00,6.273829e+00,6.294570e+00
2.693438e-01,4.990549e+00,3.573509e-01,6.252859e+00,6.276673e+00,6.294855e+00
2.693676e-01,4.990991e+00,3.573750e-01,6.253281e+00,6.278867e+00,6.295074e+00
2.693913e-01,4.991430e+00,3.574001e-01,6.253721e+00,6.280626e+00,6.295250e+00
2.694147e-01,4.991863e+00,3.574261e-01,6.254174e+00,6.282053e+00,6.295393e+00
2.694379e-01,4.992293e+00,3.574531e-01,6.254647e+00,6.283242e+00,6.295512e+00
2.694610e-01,4.992722e+00,3.574813e-01,6.255141e+00,6.284253e+00,6.295613e+00
2.694844e-01,4.993155e+00,3.575113e-01,6.255667e+00,6.285133e+00,6.295701e+00
2.695078e-01,4.993588e+00,3.575429e-01,6.256219e+00,6.285898e+00,6.295777e+00
2.695309e-01,4.994017e+00,3.575758e-01,6.256795e+00,6.286564e+00,6.295844e+00
2.695539e-01,4.994442e+00,3.576102e-01,6.257396e+00,6.287148e+00,6.295902e+00
2.695766e-01,4.994864e+00,3.576463e-01,6.258028e+00,6.287667e+00,6.295954e+00
2.695994e-01,4.995285e+00,3.576843e-01,6.258692e+00,6.288133e+00,6.296001e+00
2.696219e-01,4.995703e+00,3.577242e-01,6.259391e+00,6.288550e+00,6.296043e+00
2.696443e-01,4.996118e+00,3.577661e-01,6.260124e+00,6.288927e+00,6.296080e+00
2.696667e-01,4.996533e+00,3.578107e-01,6.260905e+00,6.289272e+00,6.296115e+00
2.696892e-01,4.996950e+00,3.578582e-01,6.261736e+00,6.289589e+00,6.296146e+00
2.697119e-01,4.997370e+00,3.579094e-01,6.262631e+00,6.289884e+00,6.296176e+00
2.697345e-01,4.997789e+00,3.579636e-01,6.263580e+00,6.290154e+00,6.296203e+00
2.697570e-01,4.998206e+00,3.580215e-01,6.264593e+00,6.290404e+00,6.296228e+00
2.697794e-01,4.998621e+00,3.580831e-01,6.265672e+00,6.290634e+00,6.296251e+00
2.698018e-01,4.999035e+00,3.581444e-01,6.266743e+00,6.290849e+00,6.296272e+00
2.698240e-01,4.999447e+00,3.582011e-01,6.267736e+00,6.291047e+00,6.296292e+00
2.698461e-01,4.999856e+00,3.582541e-01,6.268664e+00,6.291233e+00,6.296311e+00
2.698681e-01,5.000264e+00,3.583035e-01,6.269528e+00,6.291406e+00,6.296328e+00
2.698901e-01,5.000671e+00,3.583500e-01,6.270342e+00,6.291568e+00,6.296344e+00
2.699120e-01,5.001077e+00,3.583937e-01,6.271105e+00,6.291721e+00,6.296360e+00
2.699338e-01,5.001481e+00,3.584347e-01,6.271823e+00,6.291865e+00,6.296374e+00
2.699554e-01,5.001882e+00,3.584732e-01,6.272496e+00,6.291999e+00,6.296387e+00
2.699769e-01,5.002280e+00,3.585095e-01,6.273133e+00,6.292127e+00,6.296400e+00
2.699984e-01,5.002678e+00,3.585438e-01,6.273733e+00,6.292247e+00,6.296412e+00
2.700198e-01,5.003075e+00,3.585765e-01,6.274305e+00,6.292361e+00,6.296424e+00
2.700413e-01,5.003473e+00,3.586076e-01,6.274848e+00,6.292470e+00,6.296434e+00
2.700626e-01,5.003868e+00,3.586370e-01,6.275364e+00,6.292573e+00,6.296445e+00
2.700838e-01,5.004260e+00,3.586649e-01,6.275852e+00,6.292670e+00,6.296455e+00
2.701048e-01,5.004650e+00,3.586914e-01,6.276316e+00,6.292763e+00,6.296464e+00
2.701257e-01,5.005036e+00,3.587166e-01,6.276756e+00,6.292851e+00,6.296473e+00
2.701464e-01,5.005421e+00,3.587406e-01,6.277176e+00,6.292935e+00,6.296481e+00
2.701670e-01,5.005803e+00,3.587632e-01,6.277571e+00,6.293014e+00,6.296489e+00
2.701875e-01,5.006182e+00,3.587849e-01,6.277950e+00,6.293090e+00,6.296497e+00
2.702079e-01,5.006560e+00,3.588055e-01,6.278312e+00,6.293162e+00,6.296504e+00
2.702282e-01,5.006936e+00,3.588254e-01,6.278660e+00,6.293232e+00,6.296511e+00
2.702485e-01,5.007312e+00,3.588445e-01,6.278994e+00,6.293299e+00,6.296517e+00
2.702688e-01,5.007689e+00,3.588630e-01,6.279317e+00,6.293363e+00,6.296524e+00
2.702891e-01,5.008065e+00,3.588807e-01,6.279628e+00,6.293426e+00,6.296530e+00
2.703094e-01,5.008441e+00,3.588979e-01,6.279928e+00,6.293486e+00,6.296536e+00
2.703297e-01,5.008818e+00,3.589145e-01,6.280218e+00,6.293544e+00,6.296542e+00
2.703500e-01,5.009193e+00,3.589305e-01,6.280498e+00,6.293600e+00,6.296547e+00
2.703701e-01,5.009565e+00,3.589458e-01,6.280766e+00,6.293653e+00,6.296553e+00
2.703900e-01,5.009934e+00,3.589605e-01,6.281023e+00,6.293705e+00,6.296558e+00
2.704097e-01,5.010299e+00,3.589746e-01,6.281270e+00,6.293790e+00,6.296606e+00
2.704293e-01,5.010662e+00,3.589888e-01,6.281519e+00,6.294234e+00,6.309662e+00
2.704487e-01,5.011022e+00,3.590034e-01,6.281774e+00,6.294692e+00,6.318486e+00
2.704680e-01,5.011379e+00,3.590183e-01,6.282035e+00,6.295164e+00,6.321595e+00
2.704872e-01,5.011735e+00,3.590337e-01,6.282304e+00,6.295647e+00,6.323180e+00
2.705063e-01,5.012089e+00,3.590495e-01,6.282581e+00,6.296146e+00,6.324144e+00
2.705254e-01,5.012443e+00,3.590658e-01,6.282867e+00,6.296660e+00,6.324792e+00
2.705445e-01,5.012796e+00,3.590827e-01,6.283162e+00,6.299468e+00,6.325259e+00
2.705635e-01,5.013149e+00,3.591002e-01,6.283468e+00,6.302983e+00,6.325611e+00
2.705825e-01,5.013501e+00,3.591183e-01,6.283784e+00,6.305733e+00,6.325886e+00
2.706015e-01,5.013853e+00,3.591370e-01,6.284111e+00,6.307936e+00,6.326106e+00
2.706205e-01,5.014205e+00,3.591564e-01,6.284451e+00,6.309747e+00,6.326287e+00
2.706394e-01,5.014555e+00,3.591764e-01,6.284802e+00,6.311253e+00,6.326438e+00
2.706582e-01,5.014903e+00,3.591971e-01,6.285164e+00,6.312524e+00,6.326565e+00
2.706768e-01,5.015248e+00,3.592184e-01,6.285536e+00,6.313608e+00,6.326673e+00
2.706953e-01,5.015590e+00,3.592404e-01,6.285920e+00,6.314545e+00,6.326767e+00
2.707136e-01,5.015930e+00,3.592630e-01,6.286316e+00,6.315362e+00,6.326849e+00
2.707318e-01,5.016267e+00,3.592863e-01,6.286725e+00,6.316082e+00,6.326921e+00
2.707498e-01,5.016601e+00,3.593105e-01,6.287147e+00,6.316720e+00,6.326985e+00
2.707678e-01,5.016934e+00,3.593355e-01,6.287585e+00,6.317292e+00,6.327042e+00
2.707856e-01,5.017264e+00,3.593613e-01,6.288037e+00,6.317806e+00,6.327093e+00
2.708034e-01,5.017594e+00,3.593882e-01,6.288507e+00,6.318272e+00,6.327140e+00
2.708211e-01,5.017922e+00,3.594161e-01,6.288995e+00,6.318696e+00,6.327182e+00
2.708388e-01,5.018250e+00,3.594452e-01,6.289505e+00,6.319085e+00,6.327221e+00
2.708564e-01,5.018576e+00,3.594754e-01,6.290033e+00,6.319441e+00,6.327257e+00
2.708740e-01,5.018901e+00,3.595070e-01,6.290586e+00,6.319770e+00,6.327289e+00
2.708915e-01,5.019226e+00,3.595399e-01,6.291161e+00,6.320073e+00,6.327320e+00
2.709090e-01,5.019550e+00,3.595743e-01,6.291764e+00,6.320356e+00,6.327348e+00
2.709264e-01,5.019873e+00,3.596102e-01,6.292392e+00,6.320618e+00,6.327374e+00
2.709438e-01,5.020195e+00,3.596479e-01,6.293052e+00,6.320863e+00,6.327399e+00
2.709611e-01,5.020517e+00,3.596874e-01,6.293743e+00,6.321091e+00,6.327422e+00
2.709784e-01,5.020837e+00,3.597288e-01,6.294467e+00,6.321306e+00,6.327443e+00
2.709956e-01,5.021155e+00,3.597720e-01,6.295224e+00,6.321506e+00,6.327463e+00
2.710127e-01,5.021471e+00,3.598174e-01,6.296017e+00,6.321693e+00,6.327482e+00
2.710296e-01,5.021785e+00,3.598648e-01,6.296846e+00,6.321869e+00,6.327499e+00
2.710465e-01,5.022097e+00,3.599121e-01,6.297675e+00,6.322035e+00,6.327516e+00
2.710632e-01,5.022407e+00,3.599567e-01,6.298454e+00,6.322191e+00,6.327532e+00
2.710798e-01,5.022715e+00,3.599988e-01,6.299192e+00,6.322338e+00,6.327546e+00
2.710964e-01,5.023022e+00,3.600387e-01,6.299890e+00,6.322478e+00,6.327560e+00
2.711128e-01,5.023327e+00,3.600765e-01,6.300552e+00,6.322610e+00,6.327574e+00
2.711292e-01,5.023630e+00,3.601124e-01,6.301179e+00,6.322736e+00,6.327586e+00
2.711454e-01,5.023931e+00,3.601464e-01,6.301775e+00,6.322855e+00,6.327598e+00
2.711616e-01,5.024231e+00,3.601788e-01,6.302342e+00,6.322968e+00,6.327609e+00
2.711777e-01,5.024529e+00,3.602098e-01,6.302883e+00,6.323077e+00,6.327620e+00
2.711937e-01,5.024826e+00,3.602393e-01,6.303400e+00,6.323180e+00,6.327630e+00
2.712098e-01,5.025123e+00,3.602676e-01,6.303896e+00,6.323279e+00,6.327640e+00
2.712258e-01,5.025420e+00,3.602948e-01,6.304371e+00,6.323374e+00,6.327650e+00
2.712418e-01,5.025716e+00,3.603210e-01,6.304829e+00,6.323466e+00,6.327659e+00
2.712577e-01,5.026012e+00,3.603460e-01,6.305267e+00,6.323553e+00,6.327668e+00
2.712736e-01,5.026307e+00,3.603701e-01,6.305688e+00,6.323638e+00,6.327676e+00
2.712895e-01,5.026600e+00,3.603931e-01,6.306092e+00,6.323718e+00,6.327684e+00
2.713051e-01,5.026889e+00,3.604152e-01,6.306477e+00,6.323795e+00,6.327692e+00
2.713205e-01,5.027175e+00,3.604361e-01,6.306844e+00,6.323869e+00,6.327699e+00
2.713358e-01,5.027459e+00,3.604562e-01,6.307195e+00,6.323939e+00,6.327706e+00
2.713509e-01,5.027739e+00,3.604754e-01,6.307532e+00,6.324006e+00,6.327713e+00
2.713659e-01,5.028017e+00,3.604939e-01,6.307855e+00,6.324071e+00,6.327720e+00
2.713809e-01,5.028293e+00,3.605117e-01,6.308166e+00,6.324133e+00,6.327726e+00
2.713957e-01,5.028569e+00,3.605289e-01,6.308467e+00,6.324193e+00,6.327732e+00
2.714105e-01,5.028843e+00,3.605454e-01,6.308756e+00,6.324251e+00,6.327738e+00
2.714253e-01,5.029116e+00,3.605614e-01,6.309035e+00,6.324307e+00,6.327743e+00
2.714399e-01,5.029388e+00,3.605767e-01,6.309304e+00,6.324361e+00,6.327749e+00
2.714545e-01,5.029658e+00,3.605916e-01,6.309565e+00,6.324413e+00,6.327754e+00
2.714690e-01,5.029926e+00,3.606060e-01,6.309817e+00,6.324463e+00,6.327759e+00
2.714834e-01,5.030194e+00,3.606200e-01,6.310061e+00,6.324512e+00,6.327764e+00
2.714978e-01,5.030461e+00,3.606335e-01,6.310298e+00,6.324560e+00,6.327768e+00
2.715122e-01,5.030727e+00,3.606467e-01,6.310529e+00,6.324606e+00,6.327773e+00
2.715265e-01,5.030992e+00,3.606595e-01,6.310753e+00,6.324651e+00,6.327778e+00
2.715409e-01,5.031258e+00,3.606720e-01,6.310972e+00,6.324694e+00,6.327782e+00
2.715552e-01,5.031524e+00,3.606842e-01,6.311185e+00,6.324737e+00,6.327786e+00
2.715695e-01,5.031789e+00,3.606961e-01,6.311393e+00,6.324779e+00,6.327790e+00
2.715838e-01,5.032053e+00,3.607076e-01,6.311594e+00,6.324819e+00,6.327794e+00
2.715980e-01,5.032316e+00,3.607188e-01,6.311790e+00,6.324858e+00,6.327798e+00
2.716121e-01,5.032578e+00,3.607297e-01,6.311981e+00,6.324896e+00,6.327802e+00
2.716262e-01,5.032840e+00,3.607404e-01,6.312167e+00,6.324933e+00,6.327806e+00
2.716403e-01,5.033100e+00,3.607507e-01,6.312348e+00,6.324970e+00,6.327809e+00
2.716543e-01,5.033360e+00,3.607608e-01,6.312525e+00,6.325047e+00,6.327865e+00
2.716684e-01,5.033620e+00,3.607711e-01,6.312704e+00,6.325368e+00,6.335166e+00
2.716824e-01,5.033880e+00,3.607815e-01,6.312888e+00,6.325698e+00,6.346478e+00
2.716964e-01,5.034140e+00,3.607923e-01,6.313076e+00,6.326036e+00,6.350583e+00
2.717104e-01,5.034399e+00,3.608033e-01,6.313268e+00,6.326382e+00,6.352702e+00
2.717243e-01,5.034657e+00,3.608144e-01,6.313463e+00,6.326734e+00,6.353994e+00
2.717382e-01,5.034914e+00,3.608259e-01,6.313663e+00,6.327094e+00,6.354865e+00
2.717520e-01,5.035170e+00,3.608375e-01,6.313867e+00,6.327461e+00,6.355491e+00
2.717658e-01,5.035425e+00,3.608494e-01,6.314076e+00,6.327837e+00,6.355964e+00
2.717796e-01,5.035680e+00,3.608616e-01,6.314289e+00,6.328962e+00,6.356334e+00
2.717933e-01,5.035935e+00,3.608742e-01,6.314508e+00,6.331939e+00,6.356631e+00
2.718071e-01,5.036191e+00,3.608870e-01,6.314733e+00,6.334385e+00,6.356876e+00
2.718209e-01,5.036446e+00,3.609002e-01,6.314964e+00,6.336436e+00,6.357081e+00
2.718346e-01,5.036701e+00,3.609137e-01,6.315200e+00,6.338168e+00,6.357254e+00
2.718483e-01,5.036955e+00,3.609275e-01,6.315442e+00,6.339655e+00,6.357403e+00
2.718620e-01,5.037208e+00,3.609417e-01,6.315690e+00,6.340942e+00,6.357532e+00
2.718756e-01,5.037460e+00,3.609562e-01,6.315944e+00,6.342070e+00,6.357645e+00
2.718892e-01,5.037712e+00,3.609710e-01,6.316204e+00,6.343067e+00,6.357744e+00
2.719028e-01,5.037965e+00,3.609864e-01,6.316472e+00,6.343956e+00,6.357833e+00
2.719165e-01,5.038217e+00,3.610021e-01,6.316747e+00,6.344753e+00,6.357913e+00
2.719301e-01,5.038470e+00,3.610184e-01,6.317032e+00,6.345475e+00,6.357985e+00
2.719438e-01,5.038723e+00,3.610350e-01,6.317323e+00,6.346127e+00,6.358050e+00
2.719573e-01,5.038975e+00,3.610522e-01,6.317623e+00,6.346719e+00,6.358109e+00
2.719709e-01,5.039225e+00,3.610697e-01,6.317930e+00,6.347258e+00,6.358163e+00
2.719844e-01,5.039476e+00,3.610878e-01,6.318247e+00,6.347753e+00,6.358213e+00
2.719979e-01,5.039726e+00,3.611064e-01,6.318572e+00,6.348208e+00,6.358258e+00
2.720114e-01,5.039976e+00,3.611256e-01,6.318907e+00,6.348630e+00,6.358300e+00
2.720249e-01,5.040226e+00,3.611454e-01,6.319254e+00,6.349020e+00,6.358340e+00
2.720384e-01,5.040477e+00,3.611659e-01,6.319613e+00,6.349385e+00,6.358376e+00
2.720520e-01,5.040729e+00,3.611871e-01,6.319984e+00,6.349725e+00,6.358410e+00
2.720655e-01,5.040979e+00,3.612089e-01,6.320366e+00,6.350043e+00,6.358442e+00
2.720790e-01,5.041229e+00,3.612314e-01,6.320760e+00,6.350338e+00,6.358471e+00
2.720925e-01,5.041479e+00,3.612547e-01,6.321167e+00,6.350616e+00,6.358499e+00
2.721060e-01,5.041729e+00,3.612788e-01,6.321588e+00,6.350877e+00,6.358525e+00
2.721195e-01,5.041979e+00,3.613037e-01,6.322025e+00,6.351124e+00,6.358550e+00
2.721330e-01,5.042229e+00,3.613296e-01,6.322478e+00,6.351357e+00,6.358573e+00
2.721466e-01,5.042481e+00,3.613566e-01,6.322951e+00,6.351578e+00,6.358595e+00
2.721602e-01,5.042733e+00,3.613846e-01,6.323441e+00,6.351787e+00,6.358616e+00
2.721738e-01,5.042985e+00,3.614137e-01,6.323950e+00,6.351986e+00,6.358636e+00
2.721873e-01,5.043236e+00,3.614439e-01,6.324478e+00,6.352173e+00,6.358655e+00
2.722009e-01,5.043488e+00,3.614753e-01,6.325028e+00,6.352352e+00,6.358673e+00
2.722145e-01,5.043740e+00,3.615081e-01,6.325601e+00,6.352523e+00,6.358690e+00
2.722282e-01,5.043993e+00,3.615423e-01,6.326200e+00,6.352686e+00,6.358706e+00
2.722418e-01,5.044245e+00,3.615779e-01,6.326822e+00,6.352841e+00,6.358722e+00
2.722554e-01,5.044497e+00,3.616150e-01,6.327471e+00,6.352989e+00,6.358736e+00
2.722690e-01,5.044748e+00,3.616536e-01,6.328147e+00,6.353129e+00,6.358750e+00
2.722825e-01,5.045000e+00,3.616921e-01,6.328821e+00,6.353264e+00,6.358764e+00
2.722961e-01,5.045251e+00,3.617290e-01,6.329467e+00,6.353393e+00,6.358777e+00
2.723097e-01,5.045503e+00,3.617645e-01,6.330088e+00,6.353518e+00,6.358789e+00
2.723233e-01,5.045755e+00,3.617985e-01,6.330683e+00,6.353637e+00,6.358801e+00
2.723369e-01,5.046007e+00,3.618312e-01,6.331254e+00,6.353751e+00,6.358813e+00
2.723504e-01,5.046257e+00,3.618624e-01,6.331800e+00,6.353860e+00,6.358823e+00
2.723639e-01,5.046508e+00,3.618924e-01,6.332325e+00,6.353965e+00,6.358834e+00
2.723774e-01,5.046757e+00,3.619212e-01,6.332829e+00,6.354066e+00,6.358844e+00
2.723909e-01,5.047007e+00,3.619489e-01,6.333314e+00,6.354163e+00,6.358854e+00
2.724043e-01,5.047257e+00,3.619756e-01,6.333782e+00,6.354256e+00,6.358863e+00
2.724178e-01,5.047506e+00,3.620015e-01,6.334234e+00,6.354347e+00,6.358872e+00
2.724313e-01,5.047757e+00,3.620264e-01,6.334670e+00,6.354434e+00,6.358881e+00
2.724448e-01,5.048007e+00,3.620505e-01,6.335093e+00,6.354519e+00,6.358889e+00
2.724583e-01,5.048257e+00,3.620738e-01,6.335500e+00,6.354600e+00,6.358897e+00
2.724718e-01,5.048506e+00,3.620963e-01,6.335893e+00,6.354679e+00,6.358905e+00
2.724852e-01,5.048756e+00,3.621180e-01,6.336274e+00,6.354755e+00,6.358913e+00
2.724987e-01,5.049006e+00,3.621391e-01,6.336642e+00,6.354828e+00,6.358920e+00
2.725122e-01,5.049255e+00,3.621595e-01,6.336999e+00,6.354900e+00,6.358927e+00
2.725257e-01,5.049506e+00,3.621793e-01,6.337346e+00,6.354969e+00,6.358934e+00
2.725392e-01,5.049756e+00,3.621986e-01,6.337683e+00,6.355037e+00,6.358941e+00
2.725528e-01,5.050008e+00,3.622173e-01,6.338010e+00,6.355102e+00,6.358948e+00
2.725664e-01,5.050259e+00,3.622354e-01,6.338328e+00,6.355166e+00,6.358954e+00
2.725799e-01,5.050511e+00,3.622531e-01,6.338637e+00,6.355227e+00,6.358960e+00
2.725936e-01,5.050763e+00,3.622702e-01,6.338937e+00,6.355287e+00,6.358966e+00
2.726072e-01,5.051016e+00,3.622870e-01,6.339230e+00,6.355346e+00,6.358972e+00
2.726209e-01,5.051270e+00,3.623033e-01,6.339515e+00,6.355403e+00,6.358978e+00
2.726347e-01,5.051524e+00,3.623192e-01,6.339793e+00,6.355459e+00,6.358983e+00
2.726484e-01,5.051779e+00,3.623347e-01,6.340064e+00,6.355513e+00,6.358989e+00
2.726622e-01,5.052035e+00,3.623497e-01,6.340327e+00,6.355565e+00,6.358994e+00
2.726761e-01,5.052292e+00,3.623643e-01,6.340583e+00,6.355617e+00,6.358999e+00
2.726900e-01,5.052550e+00,3.623787e-01,6.340834e+00,6.355667e+00,6.359004e+00
2.727040e-01,5.052809e+00,3.623926e-01,6.341078e+00,6.355716e+00,6.359009e+00
2.727180e-01,5.053068e+00,3.624063e-01,6.341317e+00,6.355763e+00,6.359014e+00
2.727320e-01,5.053328e+00,3.624196e-01,6.341551e+00,6.355810e+00,6.359019e+00
2.727461e-01,5.053590e+00,3.624327e-01,6.341780e+00,6.355856e+00,6.359023e+00
2.727603e-01,5.053852e+00,3.624455e-01,6.342003e+00,6.355901e+00,6.359028e+00
2.727745e-01,5.054115e+00,3.624579e-01,6.342221e+00,6.355944e+00,6.359032e+00
2.727887e-01,5.054378e+00,3.624701e-01,6.342435e+00,6.355987e+00,6.359036e+00
2.728030e-01,5.054643e+00,3.624821e-01,6.342644e+00,6.356029e+00,6.359040e+00
2.728173e-01,5.054908e+00,3.624938e-01,6.342848e+00,6.356070e+00,6.359044e+00
2.728316e-01,5.055173e+00,3.625052e-01,6.343048e+00,6.356110e+00,6.359048e+00
2.728460e-01,5.055440e+00,3.625164e-01,6.343243e+00,6.356149e+00,6.359052e+00
2.728604e-01,5.055707e+00,3.625273e-01,6.343435e+00,6.356187e+00,6.359056e+00
2.728748e-01,5.055975e+00,3.625380e-01,6.343622e+00,6.356224e+00,6.359060e+00
2.728893e-01,5.056243e+00,3.625485e-01,6.343806e+00,6.356353e+00,6.359177e+00
2.729038e-01,5.056512e+00,3.625593e-01,6.343994e+00,6.356690e+00,6.370324e+00
2.729184e-01,5.056781e+00,3.625703e-01,6.344188e+00,6.357038e+00,6.379157e+00
2.729329e-01,5.057051e+00,3.625817e-01,6.344386e+00,6.357395e+00,6.382635e+00
2.729475e-01,5.057321e+00,3.625933e-01,6.344590e+00,6.357761e+00,6.384497e+00
2.729621e-01,5.057591e+00,3.626052e-01,6.344798e+00,6.358137e+00,6.385655e+00
2.729767e-01,5.057862e+00,3.626175e-01,6.345013e+00,6.358524e+00,6.386448e+00
2.729913e-01,5.058132e+00,3.626301e-01,6.345233e+00,6.358920e+00,6.387021e+00
2.730058e-01,5.058402e+00,3.626430e-01,6.345459e+00,6.359327e+00,6.387456e+00
2.730204e-01,5.058671e+00,3.626562e-01,6.345690e+00,6.362335e+00,6.387796e+00
2.730349e-01,5.058940e+00,3.626698e-01,6.345928e+00,6.365081e+00,6.388071e+00
2.730494e-01,5.059209e+00,3.626837e-01,6.346172e+00,6.367341e+00,6.388297e+00
2.730639e-01,5.059477e+00,3.626980e-01,6.346422e+00,6.369228e+00,6.388485e+00
2.730783e-01,5.059744e+00,3.627126e-01,6.346678e+00,6.370823e+00,6.388645e+00
2.730926e-01,5.060009e+00,3.627276e-01,6.346939e+00,6.372191e+00,6.388782e+00
2.731068e-01,5.060272e+00,3.627429e-01,6.347207e+00,6.373375e+00,6.388900e+00
2.731209e-01,5.060534e+00,3.627585e-01,6.347481e+00,6.374412e+00,6.389004e+00
2.731350e-01,5.060795e+00,3.627746e-01,6.347761e+00,6.375328e+00,6.389095e+00
2.731492e-01,5.061057e+00,3.627911e-01,6.348051e+00,6.376149e+00,6.389177e+00
2.731633e-01,5.061318e+00,3.628082e-01,6.348349e+00,6.376884e+00,6.389251e+00
2.731773e-01,5.061578e+00,3.628257e-01,6.348655e+00,6.377546e+00,6.389317e+00
2.731913e-01,5.061837e+00,3.628436e-01,6.348969e+00,6.378144e+00,6.389377e+00
2.732052e-01,5.062095e+00,3.628620e-01,6.349291e+00,6.378689e+00,6.389431e+00
2.732191e-01,5.062353e+00,3.628810e-01,6.349623e+00,6.379187e+00,6.389481e+00
2.732330e-01,5.062610e+00,3.629006e-01,6.349967e+00,6.379646e+00,6.389527e+00
2.732469e-01,5.062868e+00,3.629208e-01,6.350320e+00,6.380068e+00,6.389569e+00
2.732607e-01,5.063124e+00,3.629416e-01,6.350684e+00,6.380458e+00,6.389608e+00
2.732745e-01,5.063379e+00,3.629630e-01,6.351058e+00,6.380819e+00,6.389644e+00
2.732882e-01,5.063633e+00,3.629850e-01,6.351444e+00,6.381154e+00,6.389678e+00
2.733019e-01,5.063887e+00,3.630078e-01,6.351842e+00,6.381466e+00,6.389709e+00
2.733156e-01,5.064140e+00,3.630313e-01,6.352254e+00,6.381758e+00,6.389738e+00
2.733292e-01,5.064394e+00,3.630557e-01,6.352680e+00,6.382032e+00,6.389766e+00
2.733429e-01,5.064647e+00,3.630809e-01,6.353122e+00,6.382290e+00,6.389792e+00
2.733565e-01,5.064900e+00,3.631070e-01,6.353578e+00,6.382532e+00,6.389816e+00
2.733701e-01,5.065152e+00,3.631340e-01,6.354050e+00,6.382759e+00,6.389838e+00
2.733837e-01,5.065403e+00,3.631619e-01,6.354539e+00,6.382974e+00,6.389860e+00
2.733973e-01,5.065655e+00,3.631910e-01,6.355048e+00,6.383178e+00,6.389880e+00
2.734109e-01,5.065908e+00,3.632212e-01,6.355577e+00,6.383372e+00,6.389900e+00
2.734246e-01,5.066160e+00,3.632528e-01,6.356129e+00,6.383555e+00,6.389918e+00
2.734381e-01,5.066411e+00,3.632854e-01,6.356699e+00,6.383729e+00,6.389935e+00
2.734516e-01,5.066662e+00,3.633192e-01,6.357292e+00,6.383894e+00,6.389952e+00
2.734651e-01,5.066911e+00,3.633544e-01,6.357907e+00,6.384051e+00,6.389968e+00
2.734785e-01,5.067160e+00,3.633911e-01,6.358549e+00,6.384201e+00,6.389983e+00
2.734920e-01,5.067410e+00,3.634293e-01,6.359219e+00,6.384343e+00,6.389997e+00
2.735054e-01,5.067658e+00,3.634683e-01,6.359900e+00,6.384480e+00,6.390010e+00
2.735188e-01,5.067906e+00,3.635054e-01,6.360549e+00,6.384610e+00,6.390023e+00
2.735321e-01,5.068152e+00,3.635409e-01,6.361170e+00,6.384734e+00,6.390036e+00
2.735453e-01,5.068398e+00,3.635747e-01,6.361763e+00,6.384853e+00,6.390048e+00
2.735586e-01,5.068643e+00,3.636073e-01,6.362332e+00,6.384966e+00,6.390059e+00
2.735718e-01,5.068888e+00,3.636385e-01,6.362878e+00,6.385076e+00,6.390070e+00
2.735850e-01,5.069133e+00,3.636685e-01,6.363404e+00,6.385181e+00,6.390081e+00
2.735983e-01,5.069379e+00,3.636975e-01,6.363911e+00,6.385282e+00,6.390091e+00
2.736115e-01,5.069623e+00,3.637254e-01,6.364398e+00,6.385380e+00,6.390100e+00
2.736246e-01,5.069867e+00,3.637521e-01,6.364866e+00,6.385473e+00,6.390110e+00
2.736377e-01,5.070110e+00,3.637778e-01,6.365317e+00,6.385563e+00,6.390119e+00
2.736508e-01,5.070353e+00,3.638026e-01,6.365751e+00,6.385650e+00,6.390128e+00
2.736639e-01,5.070595e+00,3.638266e-01,6.366170e+00,6.385734e+00,6.390136e+00
2.736770e-01,5.070838e+00,3.638498e-01,6.366575e+00,6.385815e+00,6.390144e+00
2.736901e-01,5.071081e+00,3.638722e-01,6.366968e+00,6.385894e+00,6.390152e+00
2.737032e-01,5.071324e+00,3.638940e-01,6.367348e+00,6.385970e+00,6.390159e+00
2.737163e-01,5.071566e+00,3.639149e-01,6.367716e+00,6.386043e+00,6.390167e+00
2.737293e-01,5.071807e+00,3.639352e-01,6.368070e+00,6.386114e+00,6.390174e+00
2.737423e-01,5.072048e+00,3.639548e-01,6.368413e+00,6.386183e+00,6.390181e+00
2.737553e-01,5.072288e+00,3.639737e-01,6.368744e+00,6.386249e+00,6.390187e+00
2.737682e-01,5.072528e+00,3.639921e-01,6.369066e+00,6.386313e+00,6.390194e+00
2.737812e-01,5.072767e+00,3.640099e-01,6.369377e+00,6.386375e+00,6.390200e+00
2.737941e-01,5.073007e+00,3.640272e-01,6.369680e+00,6.386436e+00,6.390206e+00
2.738070e-01,5.073246e+00,3.640440e-01,6.369975e+00,6.386495e+00,6.390212e+00
2.738199e-01,5.073486e+00,3.640604e-01,6.370261e+00,6.386552e+00,6.390218e+00
2.738328e-01,5.073725e+00,3.640763e-01,6.370538e+00,6.386608e+00,6.390223e+00
2.738457e-01,5.073963e+00,3.640917e-01,6.370808e+00,6.386662e+00,6.390229e+00
2.738585e-01,5.074201e+00,3.641066e-01,6.371070e+00,6.386714e+00,6.390234e+00
2.738714e-01,5.074439e+00,3.641212e-01,6.371325e+00,6.386765e+00,6.390239e+00
2.738842e-01,5.074676e+00,3.641353e-01,6.371571e+00,6.386814e+00,6.390244e+00
2.738970e-01,5.074914e+00,3.641490e-01,6.371812e+00,6.386862e+00,6.390249e+00
2.739099e-01,5.075152e+00,3.641624e-01,6.372046e+00,6.386909e+00,6.390253e+00
2.739227e-01,5.075389e+00,3.641755e-01,6.372274e+00,6.386955e+00,6.390258e+00
2.739354e-01,5.075625e+00,3.641881e-01,6.372496e+00,6.386999e+00,6.390262e+00
2.739481e-01,5.075861e+00,3.642004e-01,6.372711e+00,6.387042e+00,6.390267e+00
2.739608e-01,5.076096e+00,3.642124e-01,6.372921e+00,6.387084e+00,6.390271e+00
2.739734e-01,5.076330e+00,3.642241e-01,6.373126e+00,6.387125e+00,6.390275e+00
2.739861e-01,5.076564e+00,3.642356e-01,6.373326e+00,6.387165e+00,6.390279e+00
2.739987e-01,5.076798e+00,3.642467e-01,6.373521e+00,6.387204e+00,6.390283e+00
2.740113e-01,5.077032e+00,3.642576e-01,6.373712e+00,6.387242e+00,6.390287e+00
2.740240e-01,5.077266e+00,3.642683e-01,6.373899e+00,6.387280e+00,6.390290e+00
2.740366e-01,5.077500e+00,3.642787e-01,6.374081e+00,6.387316e+00,6.390294e+00
2.740492e-01,5.077734e+00,3.642889e-01,6.374260e+00,6.387352e+00,6.390298e+00
2.740618e-01,5.077967e+00,3.642989e-01,6.374433e+00,6.387387e+00,6.390301e+00
2.740743e-01,5.078199e+00,3.643086e-01,6.374603e+00,6.387421e+00,6.390305e+00
2.740867e-01,5.078429e+00,3.643180e-01,6.374768e+00,6.387454e+00,6.390308e+00
2.740991e-01,5.078658e+00,3.643272e-01,6.374929e+00,6.387486e+00,6.390311e+00
2.741114e-01,5.078886e+00,3.643362e-01,6.375087e+00,6.387657e+00,6.390486e+00
2.741236e-01,5.079113e+00,3.643454e-01,6.375247e+00,6.387945e+00,6.401829e+00
2.741358e-01,5.079338e+00,3.643547e-01,6.375411e+00,6.388239e+00,6.409676e+00
2.741479e-01,5.079563e+00,3.643642e-01,6.375577e+00,6.388539e+00,6.413101e+00
2.741600e-01,5.079787e+00,3.643739e-01,6.375746e+00,6.388843e+00,6.415018e+00
2.741721e-01,5.080011e+00,3.643837e-01,6.375918e+00,6.389153e+00,6.416245e+00
2.741841e-01,5.080233e+00,3.643937e-01,6.376093e+00,6.389468e+00,6.417097e+00
2.741961e-01,5.080455e+00,3.644039e-01,6.376272e+00,6.389789e+00,6.417724e+00
2.742080e-01,5.080675e+00,3.644143e-01,6.376453e+00,6.390115e+00,6.418202e+00
2.742198e-01,5.080895e+00,3.644248e-01,6.376638e+00,6.390448e+00,6.418581e+00
2.742316e-01,5.081113e+00,3.644355e-01,6.376825e+00,6.391994e+00,6.418887e+00
2.742433e-01,5.081331e+00,3.644465e-01,6.377016e+00,6.394529e+00,6.419140e+00
2.742550e-01,5.081547e+00,3.644576e-01,6.377210e+00,6.396657e+00,6.419353e+00
2.742667e-01,5.081763e+00,3.644689e-01,6.377408e+00,6.398472e+00,6.419535e+00
2.742782e-01,5.081978e+00,3.644804e-01,6.377609e+00,6.400036e+00,6.419691e+00
2.742898e-01,5.082191e+00,3.644921e-01,6.377814e+00,6.401400e+00,6.419827e+00
2.743013e-01,5.082404e+00,3.645040e-01,6.378023e+00,6.402597e+00,6.419947e+00
2.743127e-01,5.082616e+00,3.645162e-01,6.378236e+00,6.403660e+00,6.420053e+00
2.743241e-01,5.082827e+00,3.645286e-01,6.378452e+00,6.404607e+00,6.420148e+00
2.743355e-01,5.083038e+00,3.645412e-01,6.378674e+00,6.405458e+00,6.420233e+00
2.743468e-01,5.083247e+00,3.645541e-01,6.378899e+00,6.406227e+00,6.420310e+00
2.743580e-01,5.083456e+00,3.645672e-01,6.379129e+00,6.406925e+00,6.420380e+00
2.743693e-01,5.083664e+00,3.645806e-01,6.379364e+00,6.407560e+00,6.420444e+00
2.743805e-01,5.083872e+00,3.645943e-01,6.379603e+00,6.408143e+00,6.420502e+00
2.743916e-01,5.084079e+00,3.646083e-01,6.379848e+00,6.408678e+00,6.420555e+00
2.744028e-01,5.084285e+00,3.646226e-01,6.380098e+00,6.409173e+00,6.420605e+00
2.744139e-01,5.084492e+00,3.646373e-01,6.380355e+00,6.409631e+00,6.420651e+00
2.744251e-01,5.084698e+00,3.646523e-01,6.380617e+00,6.410057e+00,6.420693e+00
2.744362e-01,5.084904e+00,3.646677e-01,6.380887e+00,6.410455e+00,6.420733e+00
2.744474e-01,5.085112e+00,3.646835e-01,6.381164e+00,6.410829e+00,6.420770e+00
2.744586e-01,5.085319e+00,3.646998e-01,6.381450e+00,6.411179e+00,6.420805e+00
2.744698e-01,5.085527e+00,3.647166e-01,6.381743e+00,6.411509e+00,6.420838e+00
2.744810e-01,5.085735e+00,3.647338e-01,6.382043e+00,6.411817e+00,6.420869e+00
2.744922e-01,5.085942e+00,3.647514e-01,6.382352e+00,6.412109e+00,6.420898e+00
2.745034e-01,5.086149e+00,3.647695e-01,6.382669e+00,6.412383e+00,6.420926e+00
2.745146e-01,5.086357e+00,3.647882e-01,6.382995e+00,6.412643e+00,6.420952e+00
2.745258e-01,5.086564e+00,3.648073e-01,6.383330e+00,6.412888e+00,6.420976e+00
2.745370e-01,5.086772e+00,3.648271e-01,6.383676e+00,6.413122e+00,6.421000e+00
2.745482e-01,5.086980e+00,3.648474e-01,6.384032e+00,6.413344e+00,6.421022e+00
2.745595e-01,5.087189e+00,3.648684e-01,6.384400e+00,6.413555e+00,6.421043e+00
2.745708e-01,5.087397e+00,3.648901e-01,6.384778e+00,6.413756e+00,6.421063e+00
2.745820e-01,5.087607e+00,3.649125e-01,6.385170e+00,6.413949e+00,6.421082e+00
2.745934e-01,5.087817e+00,3.649356e-01,6.385575e+00,6.414133e+00,6.421101e+00
2.746048e-01,5.088028e+00,3.649597e-01,6.385997e+00,6.414310e+00,6.421118e+00
2.746163e-01,5.088241e+00,3.649848e-01,6.386436e+00,6.414480e+00,6.421136e+00
2.746279e-01,5.088456e+00,3.650109e-01,6.386892e+00,6.414644e+00,6.421152e+00
2.746395e-01,5.088672e+00,3.650380e-01,6.387366e+00,6.414802e+00,6.421168e+00
2.746512e-01,5.088887e+00,3.650661e-01,6.387858e+00,6.414952e+00,6.421183e+00
2.746628e-01,5.089103e+00,3.650951e-01,6.388365e+00,6.415097e+00,6.421197e+00
2.746744e-01,5.089318e+00,3.651251e-01,6.388891e+00,6.415235e+00,6.421211e+00
2.746859e-01,5.089532e+00,3.651560e-01,6.389432e+00,6.415367e+00,6.421224e+00
2.746975e-01,5.089745e+00,3.651881e-01,6.389993e+00,6.415493e+00,6.421237e+00
2.747089e-01,5.089958e+00,3.652212e-01,6.390572e+00,6.415614e+00,6.421249e+00
2.747204e-01,5.090170e+00,3.652545e-01,6.391154e+00,6.415731e+00,6.421261e+00
2.747318e-01,5.090381e+00,3.652864e-01,6.391713e+00,6.415843e+00,6.421272e+00
2.747432e-01,5.090593e+00,3.653172e-01,6.392253e+00,6.415951e+00,6.421283e+00
2.747546e-01,5.090803e+00,3.653468e-01,6.392771e+00,6.416054e+00,6.421293e+00
2.747659e-01,5.091014e+00,3.653754e-01,6.393270e+00,6.416154e+00,6.421303e+00
2.747773e-01,5.091224e+00,3.654029e-01,6.393751e+00,6.416250e+00,6.421313e+00
2.747886e-01,5.091433e+00,3.654295e-01,6.394217e+00,6.416343e+00,6.421322e+00
2.747999e-01,5.091643e+00,3.654552e-01,6.394666e+00,6.416433e+00,6.421331e+00
2.748112e-01,5.091853e+00,3.654801e-01,6.395102e+00,6.416520e+00,6.421340e+00
2.748225e-01,5.092062e+00,3.655041e-01,6.395523e+00,6.416605e+00,6.421348e+00
2.748337e-01,5.092269e+00,3.655272e-01,6.395927e+00,6.416685e+00,6.421356e+00
2.748448e-01,5.092475e+00,3.655494e-01,6.396316e+00,6.416763e+00,6.421364e+00
2.748558e-01,5.092680e+00,3.655709e-01,6.396691e+00,6.416838e+00,6.421371e+00
2.748668e-01,5.092883e+00,3.655916e-01,6.397053e+00,6.416911e+00,6.421379e+00
2.748775e-01,5.093081e+00,3.656112e-01,6.397396e+00,6.416979e+00,6.421385e+00
2.748880e-01,5.093275e+00,3.656298e-01,6.397722e+00,6.417044e+00,6.421392e+00
2.748982e-01,5.093465e+00,3.656477e-01,6.398034e+00,6.417107e+00,6.421398e+00
2.749084e-01,5.093653e+00,3.656648e-01,6.398334e+00,6.417167e+00,6.421404e+00
2.749184e-01,5.093839e+00,3.656814e-01,6.398625e+00,6.417225e+00,6.421410e+00
2.749284e-01,5.094024e+00,3.656975e-01,6.398906e+00,6.417281e+00,6.421416e+00
2.749384e-01,5.094210e+00,3.657132e-01,6.399181e+00,6.417336e+00,6.421421e+00
2.749484e-01,5.094394e+00,3.657285e-01,6.399449e+00,6.417390e+00,6.421426e+00
2.749582e-01,5.094577e+00,3.657432e-01,6.399707e+00,6.417441e+00,6.421432e+00
2.749680e-01,5.094757e+00,3.657575e-01,6.399956e+00,6.417491e+00,6.421437e+00
2.749776e-01,5.094936e+00,3.657713e-01,6.400198e+00,6.417540e+00,6.421441e+00
2.749872e-01,5.095114e+00,3.657847e-01,6.400433e+00,6.417587e+00,6.421446e+00
2.749968e-01,5.095291e+00,3.657979e-01,6.400663e+00,6.417633e+00,6.421451e+00
2.750062e-01,5.095466e+00,3.658105e-01,6.400884e+00,6.417677e+00,6.421455e+00
2.750156e-01,5.095639e+00,3.658228e-01,6.401099e+00,6.417720e+00,6.421459e+00
2.750249e-01,5.095812e+00,3.658348e-01,6.401308e+00,6.417762e+00,6.421464e+00
2.750342e-01,5.095984e+00,3.658465e-01,6.401513e+00,6.417803e+00,6.421468e+00
2.750434e-01,5.096156e+00,3.658579e-01,6.401714e+00,6.417843e+00,6.421472e+00
2.750528e-01,5.096329e+00,3.658693e-01,6.401912e+00,6.417882e+00,6.421476e+00
2.750622e-01,5.096503e+00,3.658804e-01,6.402107e+00,6.417921e+00,6.421480e+00
2.750715e-01,5.096676e+00,3.658913e-01,6.402298e+00,6.417960e+00,6.421483e+00
