Time,TStar,FrontX,FrontXStar,FrontXStar01,FrontXStar001
1.000000e-03,1.852855e-02,5.716430e-02,1.000250e+00,1.012950e+00,1.027047e+00
2.000000e-03,3.705710e-02,5.719423e-02,1.000774e+00,1.013893e+00,1.040253e+00
3.000000e-03,5.558564e-02,5.724255e-02,1.001619e+00,1.015415e+00,1.043547e+00
4.000000e-03,7.411419e-02,5.731457e-02,1.002880e+00,1.026793e+00,1.044867e+00
5.000000e-03,9.264274e-02,5.741986e-02,1.004722e+00,1.033409e+00,1.045528e+00
6.000000e-03,1.111713e-01,5.757507e-02,1.007438e+00,1.037185e+00,1.045906e+00
7.000000e-03,1.296998e-01,5.781706e-02,1.011672e+00,1.039567e+00,1.046144e+00
8.000000e-03,1.482284e-01,5.819238e-02,1.018239e+00,1.041148e+00,1.046302e+00
9.000000e-03,1.667569e-01,5.851386e-02,1.023865e+00,1.042273e+00,1.046415e+00
1.000000e-02,1.852855e-01,5.874580e-02,1.027923e+00,1.043085e+00,1.046496e+00
1.100000e-02,2.038140e-01,5.892381e-02,1.031038e+00,1.043708e+00,1.046558e+00
1.200000e-02,2.223426e-01,5.910591e-02,1.034224e+00,1.058610e+00,1.076174e+00
1.300000e-02,2.408711e-01,5.940321e-02,1.039426e+00,1.069028e+00,1.077215e+00
1.400000e-02,2.593997e-01,5.995545e-02,1.049089e+00,1.072318e+00,1.077544e+00
1.500000e-02,2.779282e-01,6.041127e-02,1.057065e+00,1.073913e+00,1.077704e+00
1.600000e-02,2.964568e-01,6.068156e-02,1.061795e+00,1.074859e+00,1.077798e+00
1.700000e-02,3.149853e-01,6.091793e-02,1.065930e+00,1.092135e+00,1.107651e+00
1.800000e-02,3.335139e-01,6.134980e-02,1.073487e+00,1.101806e+00,1.108618e+00
1.900000e-02,3.520424e-01,6.202730e-02,1.085342e+00,1.104568e+00,1.108894e+00
1.999820e-02,3.705377e-01,6.240920e-02,1.092025e+00,1.105905e+00,1.109028e+00
2.096690e-02,3.884862e-01,6.266319e-02,1.096469e+00,1.119541e+00,1.138517e+00
2.191303e-02,4.060167e-01,6.310647e-02,1.104225e+00,1.132839e+00,1.139846e+00
2.282473e-02,4.229091e-01,6.379555e-02,1.116283e+00,1.135757e+00,1.140138e+00
2.370498e-02,4.392188e-01,6.417876e-02,1.122988e+00,1.137098e+00,1.140272e+00
2.456202e-02,4.550987e-01,6.442055e-02,1.127219e+00,1.146743e+00,1.169362e+00
2.540097e-02,4.706430e-01,6.481653e-02,1.134147e+00,1.163412e+00,1.171029e+00
2.622500e-02,4.859111e-01,6.549127e-02,1.145954e+00,1.166691e+00,1.171357e+00
2.703601e-02,5.009380e-01,6.591448e-02,1.153359e+00,1.168172e+00,1.171505e+00
2.782504e-02,5.155576e-01,6.615446e-02,1.157558e+00,1.171105e+00,1.199080e+00
2.859713e-02,5.298633e-01,6.649341e-02,1.163489e+00,1.193255e+00,1.202138e+00
2.935537e-02,5.439125e-01,6.711502e-02,1.174366e+00,1.197373e+00,1.202550e+00
3.010194e-02,5.577452e-01,6.760954e-02,1.183019e+00,1.199104e+00,1.202723e+00
3.083906e-02,5.714029e-01,6.787117e-02,1.187597e+00,1.200175e+00,1.203005e+00
3.156679e-02,5.848868e-01,6.815286e-02,1.192526e+00,1.221535e+00,1.233091e+00
3.228053e-02,5.981113e-01,6.864704e-02,1.201173e+00,1.227679e+00,1.233705e+00
3.298261e-02,6.111198e-01,6.926254e-02,1.211943e+00,1.229889e+00,1.233926e+00
3.367520e-02,6.239525e-01,6.957367e-02,1.217387e+00,1.230977e+00,1.234035e+00
3.435977e-02,6.366366e-01,6.980892e-02,1.221503e+00,1.244766e+00,1.263539e+00
3.503755e-02,6.491949e-01,7.018126e-02,1.228019e+00,1.257232e+00,1.264786e+00
3.569641e-02,6.614026e-01,7.083683e-02,1.239490e+00,1.260398e+00,1.265102e+00
3.635220e-02,6.735535e-01,7.123919e-02,1.246530e+00,1.261806e+00,1.265243e+00
3.700428e-02,6.856355e-01,7.147955e-02,1.250736e+00,1.263824e+00,1.289926e+00
3.764487e-02,6.975048e-01,7.175994e-02,1.255642e+00,1.285095e+00,1.295697e+00
3.826492e-02,7.089934e-01,7.228494e-02,1.264828e+00,1.290457e+00,1.296233e+00
3.888447e-02,7.204728e-01,7.284836e-02,1.274687e+00,1.292437e+00,1.296431e+00
3.950252e-02,7.319244e-01,7.315552e-02,1.280062e+00,1.293512e+00,1.296539e+00
4.011288e-02,7.432334e-01,7.337969e-02,1.283984e+00,1.307141e+00,1.326027e+00
4.070896e-02,7.542780e-01,7.375036e-02,1.290470e+00,1.319704e+00,1.327283e+00
4.130512e-02,7.653238e-01,7.438768e-02,1.301622e+00,1.322824e+00,1.327595e+00
4.189965e-02,7.763397e-01,7.480638e-02,1.308948e+00,1.324290e+00,1.327741e+00
4.249041e-02,7.872855e-01,7.504372e-02,1.313101e+00,1.326082e+00,1.350937e+00
4.306783e-02,7.979844e-01,7.532515e-02,1.318025e+00,1.347413e+00,1.358179e+00
4.364705e-02,8.087165e-01,7.584269e-02,1.327081e+00,1.352901e+00,1.358728e+00
4.422421e-02,8.194104e-01,7.643071e-02,1.337370e+00,1.354974e+00,1.358935e+00
4.479813e-02,8.300443e-01,7.673324e-02,1.342664e+00,1.356033e+00,1.359041e+00
4.536089e-02,8.404714e-01,7.696716e-02,1.346757e+00,1.371261e+00,1.388689e+00
4.592601e-02,8.509423e-01,7.735778e-02,1.353592e+00,1.382539e+00,1.389816e+00
4.648657e-02,8.613286e-01,7.802388e-02,1.365247e+00,1.385549e+00,1.390117e+00
4.704290e-02,8.716366e-01,7.841386e-02,1.372071e+00,1.386914e+00,1.390254e+00
4.759363e-02,8.818409e-01,7.865044e-02,1.376211e+00,1.389679e+00,1.417529e+00
4.814089e-02,8.919809e-01,7.896078e-02,1.381641e+00,1.411397e+00,1.420827e+00
4.868374e-02,9.020391e-01,7.956942e-02,1.392291e+00,1.415958e+00,1.421283e+00
4.922254e-02,9.120222e-01,8.007788e-02,1.401188e+00,1.417738e+00,1.421461e+00
4.975759e-02,9.219359e-01,8.035442e-02,1.406027e+00,1.418705e+00,1.421558e+00
5.028911e-02,9.317842e-01,8.060991e-02,1.410497e+00,1.438503e+00,1.451663e+00
5.081676e-02,9.415607e-01,8.108239e-02,1.418765e+00,1.446098e+00,1.452422e+00
5.134039e-02,9.512629e-01,8.171920e-02,1.429907e+00,1.448481e+00,1.452661e+00
5.186036e-02,9.608971e-01,8.205847e-02,1.435844e+00,1.449669e+00,1.452779e+00
5.237691e-02,9.704680e-01,8.229017e-02,1.439898e+00,1.460888e+00,1.482026e+00
5.289023e-02,9.799791e-01,8.266614e-02,1.446477e+00,1.475811e+00,1.483519e+00
5.340052e-02,9.894340e-01,8.332903e-02,1.458076e+00,1.479115e+00,1.483849e+00
5.390735e-02,9.988249e-01,8.375095e-02,1.465458e+00,1.480592e+00,1.483997e+00
5.441078e-02,1.008153e+00,8.399218e-02,1.469679e+00,1.482923e+00,1.510059e+00
5.491105e-02,1.017422e+00,8.430166e-02,1.475095e+00,1.504804e+00,1.514543e+00
5.540836e-02,1.026637e+00,8.489604e-02,1.485495e+00,1.509599e+00,1.515022e+00
5.590290e-02,1.035800e+00,8.542885e-02,1.494818e+00,1.511464e+00,1.515209e+00
5.639480e-02,1.044914e+00,8.570901e-02,1.499720e+00,1.512444e+00,1.515307e+00
5.688355e-02,1.053970e+00,8.597100e-02,1.504304e+00,1.532406e+00,1.545428e+00
5.736933e-02,1.062970e+00,8.644489e-02,1.512596e+00,1.539874e+00,1.546175e+00
5.785238e-02,1.071921e+00,8.708890e-02,1.523865e+00,1.542273e+00,1.546415e+00
5.833287e-02,1.080823e+00,8.742331e-02,1.529717e+00,1.543443e+00,1.546532e+00
5.881092e-02,1.089681e+00,8.766142e-02,1.533883e+00,1.556456e+00,1.575958e+00
5.928645e-02,1.098492e+00,8.804549e-02,1.540604e+00,1.569780e+00,1.577290e+00
5.975925e-02,1.107252e+00,8.871900e-02,1.552388e+00,1.572978e+00,1.577610e+00
6.022951e-02,1.115965e+00,8.912404e-02,1.559476e+00,1.574395e+00,1.577752e+00
6.069738e-02,1.124634e+00,8.936444e-02,1.563682e+00,1.577128e+00,1.604932e+00
6.116298e-02,1.133261e+00,8.967975e-02,1.569199e+00,1.598962e+00,1.608334e+00
6.162643e-02,1.141848e+00,9.029913e-02,1.580037e+00,1.603507e+00,1.608788e+00
6.208751e-02,1.150391e+00,9.080474e-02,1.588884e+00,1.605277e+00,1.608965e+00
6.254622e-02,1.158891e+00,9.107803e-02,1.593666e+00,1.606233e+00,1.609061e+00
6.300268e-02,1.167348e+00,9.134068e-02,1.598262e+00,1.626678e+00,1.639230e+00
6.345703e-02,1.175767e+00,9.183050e-02,1.606833e+00,1.633768e+00,1.639939e+00
6.390939e-02,1.184148e+00,9.245807e-02,1.617814e+00,1.636063e+00,1.640169e+00
6.435983e-02,1.192494e+00,9.278741e-02,1.623577e+00,1.637215e+00,1.640284e+00
6.480804e-02,1.200799e+00,9.302061e-02,1.627657e+00,1.650375e+00,1.669725e+00
6.525414e-02,1.209064e+00,9.340769e-02,1.634430e+00,1.663572e+00,1.671045e+00
6.569827e-02,1.217293e+00,9.406906e-02,1.646003e+00,1.666701e+00,1.671358e+00
6.614056e-02,1.225489e+00,9.447678e-02,1.653137e+00,1.668127e+00,1.671500e+00
6.658112e-02,1.233651e+00,9.471347e-02,1.657279e+00,1.670602e+00,1.698066e+00
6.701973e-02,1.241778e+00,9.502284e-02,1.662692e+00,1.692420e+00,1.702055e+00
6.745636e-02,1.249868e+00,9.560774e-02,1.672926e+00,1.697085e+00,1.702521e+00
6.789117e-02,1.257925e+00,9.613559e-02,1.682163e+00,1.698933e+00,1.702706e+00
6.832426e-02,1.265949e+00,9.641451e-02,1.687043e+00,1.699909e+00,1.702803e+00
6.875573e-02,1.273944e+00,9.666420e-02,1.691412e+00,1.718768e+00,1.732814e+00
6.918553e-02,1.281907e+00,9.709760e-02,1.698996e+00,1.727002e+00,1.733638e+00
6.961351e-02,1.289837e+00,9.774622e-02,1.710345e+00,1.729569e+00,1.733894e+00
7.003976e-02,1.297735e+00,9.809774e-02,1.716496e+00,1.730799e+00,1.734017e+00
7.046441e-02,1.305603e+00,9.832536e-02,1.720479e+00,1.734362e+00,1.762488e+00
7.088754e-02,1.313443e+00,9.864825e-02,1.726129e+00,1.755882e+00,1.764651e+00
7.130926e-02,1.321257e+00,9.926859e-02,1.736983e+00,1.759897e+00,1.765052e+00
7.172927e-02,1.329039e+00,9.973968e-02,1.745226e+00,1.761545e+00,1.765217e+00
7.214767e-02,1.336792e+00,1.000026e-01,1.749827e+00,1.762465e+00,1.765309e+00
7.256455e-02,1.344516e+00,1.002471e-01,1.754105e+00,1.781856e+00,1.795373e+00
7.298001e-02,1.352214e+00,1.006857e-01,1.761780e+00,1.789605e+00,1.796148e+00
7.339415e-02,1.359887e+00,1.013126e-01,1.772749e+00,1.792050e+00,1.796392e+00
7.380682e-02,1.367533e+00,1.016628e-01,1.778876e+00,1.793275e+00,1.796515e+00
7.421797e-02,1.375151e+00,1.018818e-01,1.782708e+00,1.796375e+00,1.824464e+00
7.462768e-02,1.382742e+00,1.021908e-01,1.788116e+00,1.817888e+00,1.827101e+00
7.503605e-02,1.390309e+00,1.027602e-01,1.798078e+00,1.822116e+00,1.827524e+00
7.544320e-02,1.397853e+00,1.032669e-01,1.806945e+00,1.823889e+00,1.827701e+00
7.584912e-02,1.405374e+00,1.035403e-01,1.811728e+00,1.824846e+00,1.827797e+00
7.625359e-02,1.412868e+00,1.037682e-01,1.815716e+00,1.841068e+00,1.857544e+00
7.665669e-02,1.420337e+00,1.041375e-01,1.822178e+00,1.851205e+00,1.858558e+00
7.705854e-02,1.427783e+00,1.047699e-01,1.833244e+00,1.854149e+00,1.858852e+00
7.745921e-02,1.435207e+00,1.051599e-01,1.840069e+00,1.855514e+00,1.858989e+00
7.785880e-02,1.442611e+00,1.053919e-01,1.844127e+00,1.856929e+00,1.877373e+00
7.825712e-02,1.449991e+00,1.056423e-01,1.848509e+00,1.877241e+00,1.889287e+00
7.865414e-02,1.457347e+00,1.060897e-01,1.856337e+00,1.883621e+00,1.889925e+00
7.904996e-02,1.464681e+00,1.066858e-01,1.866769e+00,1.885854e+00,1.890148e+00
7.944465e-02,1.471994e+00,1.070187e-01,1.872594e+00,1.887019e+00,1.890264e+00
7.983831e-02,1.479288e+00,1.072288e-01,1.876270e+00,1.889787e+00,1.917719e+00
8.023095e-02,1.486563e+00,1.075150e-01,1.881277e+00,1.910971e+00,1.920785e+00
8.062234e-02,1.493815e+00,1.080249e-01,1.890199e+00,1.915537e+00,1.921241e+00
8.101256e-02,1.501045e+00,1.085641e-01,1.899634e+00,1.917427e+00,1.921430e+00
8.140171e-02,1.508256e+00,1.088532e-01,1.904692e+00,1.918438e+00,1.921531e+00
8.178985e-02,1.515447e+00,1.090625e-01,1.908356e+00,1.926812e+00,1.950494e+00
8.217705e-02,1.522621e+00,1.093689e-01,1.913717e+00,1.943460e+00,1.952159e+00
8.256322e-02,1.529777e+00,1.099414e-01,1.923734e+00,1.947247e+00,1.952537e+00
8.294825e-02,1.536911e+00,1.104073e-01,1.931887e+00,1.948877e+00,1.952700e+00
8.333224e-02,1.544025e+00,1.106736e-01,1.936546e+00,1.949809e+00,1.952793e+00
8.371525e-02,1.551122e+00,1.108809e-01,1.940173e+00,1.962981e+00,1.982236e+00
8.409734e-02,1.558202e+00,1.112140e-01,1.946001e+00,1.975506e+00,1.983488e+00
8.447858e-02,1.565265e+00,1.117983e-01,1.956226e+00,1.978745e+00,1.983812e+00
8.485879e-02,1.572310e+00,1.122326e-01,1.963824e+00,1.980265e+00,1.983964e+00
8.523797e-02,1.579336e+00,1.124805e-01,1.968163e+00,1.981133e+00,1.984051e+00
8.561619e-02,1.586344e+00,1.126964e-01,1.971941e+00,1.997199e+00,2.013782e+00
8.599350e-02,1.593335e+00,1.130417e-01,1.977982e+00,2.007211e+00,2.014784e+00
8.636998e-02,1.600310e+00,1.136437e-01,1.988516e+00,2.010203e+00,2.015083e+00
8.674569e-02,1.607272e+00,1.140461e-01,1.995557e+00,2.011611e+00,2.015224e+00
8.712038e-02,1.614214e+00,1.142846e-01,1.999731e+00,2.012446e+00,2.015307e+00
8.749413e-02,1.621139e+00,1.145023e-01,2.003540e+00,2.029958e+00,2.045183e+00
8.786698e-02,1.628048e+00,1.148679e-01,2.009937e+00,2.038836e+00,2.046071e+00
8.823901e-02,1.634941e+00,1.154652e-01,2.020389e+00,2.041578e+00,2.046345e+00
8.861028e-02,1.641820e+00,1.158536e-01,2.027185e+00,2.042937e+00,2.046481e+00
8.898079e-02,1.648685e+00,1.160824e-01,2.031189e+00,2.043738e+00,2.046561e+00
8.935036e-02,1.655532e+00,1.163102e-01,2.035175e+00,2.062559e+00,2.076568e+00
8.971904e-02,1.662364e+00,1.166850e-01,2.041733e+00,2.070342e+00,2.077347e+00
9.008691e-02,1.669180e+00,1.172881e-01,2.052286e+00,2.072957e+00,2.077608e+00
9.045402e-02,1.675982e+00,1.176572e-01,2.058744e+00,2.074249e+00,2.077737e+00
9.082042e-02,1.682771e+00,1.178809e-01,2.062658e+00,2.075284e+00,2.078124e+00
9.118609e-02,1.689546e+00,1.181109e-01,2.066682e+00,2.094574e+00,2.107895e+00
9.155088e-02,1.696305e+00,1.185075e-01,2.073623e+00,2.101860e+00,2.108623e+00
9.191486e-02,1.703049e+00,1.191031e-01,2.084043e+00,2.104309e+00,2.108868e+00
9.227807e-02,1.709779e+00,1.194619e-01,2.090323e+00,2.105565e+00,2.108994e+00
9.264059e-02,1.716496e+00,1.196784e-01,2.094109e+00,2.106897e+00,2.126729e+00
9.300243e-02,1.723200e+00,1.199202e-01,2.098341e+00,2.126865e+00,2.139249e+00
9.336358e-02,1.729892e+00,1.203281e-01,2.105479e+00,2.133337e+00,2.139896e+00
9.372393e-02,1.736568e+00,1.209253e-01,2.115928e+00,2.135686e+00,2.140131e+00
9.408351e-02,1.743231e+00,1.212679e-01,2.121924e+00,2.136885e+00,2.140251e+00
9.444238e-02,1.749880e+00,1.214810e-01,2.125652e+00,2.138673e+00,2.164073e+00
9.480058e-02,1.756517e+00,1.217302e-01,2.130012e+00,2.159008e+00,2.170588e+00
9.515816e-02,1.763143e+00,1.221705e-01,2.137717e+00,2.164910e+00,2.171179e+00
9.551510e-02,1.769756e+00,1.227535e-01,2.147917e+00,2.167083e+00,2.171396e+00
9.587128e-02,1.776356e+00,1.230816e-01,2.153659e+00,2.168232e+00,2.171511e+00
9.622674e-02,1.782942e+00,1.232892e-01,2.157292e+00,2.170626e+00,2.198127e+00
9.658153e-02,1.789515e+00,1.235589e-01,2.162011e+00,2.191524e+00,2.201965e+00
9.693568e-02,1.796077e+00,1.240335e-01,2.170315e+00,2.196528e+00,2.202465e+00
9.728925e-02,1.802628e+00,1.245960e-01,2.180158e+00,2.198532e+00,2.202666e+00
9.764225e-02,1.809169e+00,1.249012e-01,2.185497e+00,2.199599e+00,2.202772e+00
9.799453e-02,1.815696e+00,1.251088e-01,2.189130e+00,2.202935e+00,2.231068e+00
9.834613e-02,1.822211e+00,1.253985e-01,2.194199e+00,2.223961e+00,2.233334e+00
9.869710e-02,1.828714e+00,1.259370e-01,2.203622e+00,2.228224e+00,2.233760e+00
9.904748e-02,1.835206e+00,1.264449e-01,2.212509e+00,2.230002e+00,2.233938e+00
9.939731e-02,1.841688e+00,1.267273e-01,2.217451e+00,2.230990e+00,2.234037e+00
9.974661e-02,1.848160e+00,1.269356e-01,2.221096e+00,2.241686e+00,2.263231e+00
1.000953e-01,1.854620e+00,1.272643e-01,2.226846e+00,2.256469e+00,2.264709e+00
1.004433e-01,1.861069e+00,1.278520e-01,2.237130e+00,2.259926e+00,2.265055e+00
1.007908e-01,1.867507e+00,1.283018e-01,2.245000e+00,2.261500e+00,2.265213e+00
1.011377e-01,1.873934e+00,1.285565e-01,2.249458e+00,2.262392e+00,2.265302e+00
1.014840e-01,1.880352e+00,1.287803e-01,2.253373e+00,2.279274e+00,2.295115e+00
1.018299e-01,1.886760e+00,1.291480e-01,2.259807e+00,2.288771e+00,2.296065e+00
1.021753e-01,1.893159e+00,1.297681e-01,2.270658e+00,2.291632e+00,2.296351e+00
1.025200e-01,1.899546e+00,1.301575e-01,2.277471e+00,2.292994e+00,2.296487e+00
1.028640e-01,1.905921e+00,1.303885e-01,2.281513e+00,2.294224e+00,2.309281e+00
1.032074e-01,1.912284e+00,1.306339e-01,2.285808e+00,2.314286e+00,2.326741e+00
1.035502e-01,1.918636e+00,1.310696e-01,2.293431e+00,2.320991e+00,2.327412e+00
1.038925e-01,1.924978e+00,1.316736e-01,2.304000e+00,2.323300e+00,2.327643e+00
1.042343e-01,1.931311e+00,1.320134e-01,2.309945e+00,2.324489e+00,2.327761e+00
1.045754e-01,1.937631e+00,1.322268e-01,2.313680e+00,2.327125e+00,2.354926e+00
1.049160e-01,1.943940e+00,1.325120e-01,2.318670e+00,2.348336e+00,2.358271e+00
1.052559e-01,1.950239e+00,1.330277e-01,2.327694e+00,2.353036e+00,2.358741e+00
1.055953e-01,1.956527e+00,1.335719e-01,2.337217e+00,2.354943e+00,2.358932e+00
1.059342e-01,1.962806e+00,1.338641e-01,2.342329e+00,2.355966e+00,2.359034e+00
1.062726e-01,1.969077e+00,1.340789e-01,2.346087e+00,2.366607e+00,2.388223e+00
1.066104e-01,1.975337e+00,1.344063e-01,2.351816e+00,2.381446e+00,2.389707e+00
1.069477e-01,1.981586e+00,1.350104e-01,2.362386e+00,2.384977e+00,2.390060e+00
1.072845e-01,1.987826e+00,1.354559e-01,2.370182e+00,2.386536e+00,2.390216e+00
1.076207e-01,1.994056e+00,1.357108e-01,2.374642e+00,2.387428e+00,2.390305e+00
1.079565e-01,2.000278e+00,1.359386e-01,2.378629e+00,2.405295e+00,2.420217e+00
1.082919e-01,2.006491e+00,1.363341e-01,2.385549e+00,2.414121e+00,2.421100e+00
1.086268e-01,2.012696e+00,1.369549e-01,2.396411e+00,2.416782e+00,2.421366e+00
1.089611e-01,2.018892e+00,1.373298e-01,2.402971e+00,2.418094e+00,2.421497e+00
1.092950e-01,2.025078e+00,1.375528e-01,2.406874e+00,2.419873e+00,2.444983e+00
1.096284e-01,2.031255e+00,1.378189e-01,2.411529e+00,2.440751e+00,2.451888e+00
1.099614e-01,2.037424e+00,1.382872e-01,2.419723e+00,2.446376e+00,2.452450e+00
1.102939e-01,2.043586e+00,1.388752e-01,2.430011e+00,2.448502e+00,2.452663e+00
1.106261e-01,2.049741e+00,1.391902e-01,2.435525e+00,2.449605e+00,2.452773e+00
1.109578e-01,2.055887e+00,1.394044e-01,2.439273e+00,2.453708e+00,2.481308e+00
1.112890e-01,2.062024e+00,1.397091e-01,2.444604e+00,2.474377e+00,2.483375e+00
1.116198e-01,2.068154e+00,1.402858e-01,2.454694e+00,2.478439e+00,2.483781e+00
1.119502e-01,2.074275e+00,1.407712e-01,2.463189e+00,2.480138e+00,2.483951e+00
1.122803e-01,2.080390e+00,1.410431e-01,2.467946e+00,2.481089e+00,2.484046e+00
1.126099e-01,2.086498e+00,1.412620e-01,2.471776e+00,2.496364e+00,2.513699e+00
1.129392e-01,2.092600e+00,1.416271e-01,2.478165e+00,2.507314e+00,2.514794e+00
1.132681e-01,2.098693e+00,1.422456e-01,2.488987e+00,2.510297e+00,2.515092e+00
1.135965e-01,2.104779e+00,1.426514e-01,2.496088e+00,2.511718e+00,2.515234e+00
1.139246e-01,2.110858e+00,1.428857e-01,2.500187e+00,2.512837e+00,2.520497e+00
1.142523e-01,2.116930e+00,1.431364e-01,2.504574e+00,2.533074e+00,2.545495e+00
1.145797e-01,2.122996e+00,1.435669e-01,2.512106e+00,2.539717e+00,2.546159e+00
1.149068e-01,2.129056e+00,1.441789e-01,2.522815e+00,2.542063e+00,2.546394e+00
1.152335e-01,2.135109e+00,1.445162e-01,2.528717e+00,2.543243e+00,2.546512e+00
1.155598e-01,2.141156e+00,1.447325e-01,2.532502e+00,2.546004e+00,2.573914e+00
1.158858e-01,2.147196e+00,1.450152e-01,2.537449e+00,2.567123e+00,2.577025e+00
1.162115e-01,2.153229e+00,1.455457e-01,2.546731e+00,2.571846e+00,2.577497e+00
1.165368e-01,2.159257e+00,1.460777e-01,2.556040e+00,2.573708e+00,2.577683e+00
1.168618e-01,2.165280e+00,1.463694e-01,2.561145e+00,2.574729e+00,2.577785e+00
1.171866e-01,2.171297e+00,1.465807e-01,2.564842e+00,2.585397e+00,2.606977e+00
1.175110e-01,2.177308e+00,1.469137e-01,2.570668e+00,2.600272e+00,2.608465e+00
1.178351e-01,2.183312e+00,1.475098e-01,2.581099e+00,2.603720e+00,2.608809e+00
1.181588e-01,2.189311e+00,1.479581e-01,2.588943e+00,2.605289e+00,2.608966e+00
1.184823e-01,2.195305e+00,1.482104e-01,2.593357e+00,2.606171e+00,2.609055e+00
1.188055e-01,2.201294e+00,1.484409e-01,2.597390e+00,2.624088e+00,2.638971e+00
1.191285e-01,2.207277e+00,1.488234e-01,2.604083e+00,2.632775e+00,2.639840e+00
1.194511e-01,2.213256e+00,1.494486e-01,2.615024e+00,2.635505e+00,2.640113e+00
1.197735e-01,2.219229e+00,1.498229e-01,2.621572e+00,2.636814e+00,2.640244e+00
1.200955e-01,2.225196e+00,1.500489e-01,2.625527e+00,2.638449e+00,2.662303e+00
1.204174e-01,2.231159e+00,1.503033e-01,2.629979e+00,2.658943e+00,2.670582e+00
1.207389e-01,2.237117e+00,1.507640e-01,2.638041e+00,2.665006e+00,2.671188e+00
1.210602e-01,2.243070e+00,1.513523e-01,2.648334e+00,2.667167e+00,2.671404e+00
1.213813e-01,2.249019e+00,1.516776e-01,2.654027e+00,2.668305e+00,2.671518e+00
1.217021e-01,2.254963e+00,1.518875e-01,2.657699e+00,2.671358e+00,2.699443e+00
1.220226e-01,2.260902e+00,1.521823e-01,2.662858e+00,2.692610e+00,2.702074e+00
1.223429e-01,2.266836e+00,1.527176e-01,2.672224e+00,2.696945e+00,2.702507e+00
1.226630e-01,2.272767e+00,1.532382e-01,2.681333e+00,2.698767e+00,2.702689e+00
1.229828e-01,2.278693e+00,1.535199e-01,2.686263e+00,2.699753e+00,2.702788e+00
1.233024e-01,2.284615e+00,1.537349e-01,2.690024e+00,2.711905e+00,2.732128e+00
1.236218e-01,2.290532e+00,1.540661e-01,2.695821e+00,2.725382e+00,2.733476e+00
1.239409e-01,2.296446e+00,1.546731e-01,2.706442e+00,2.728788e+00,2.733816e+00
1.242599e-01,2.302355e+00,1.551072e-01,2.714037e+00,2.730307e+00,2.733968e+00
1.245786e-01,2.308261e+00,1.553584e-01,2.718431e+00,2.731186e+00,2.734056e+00
1.248971e-01,2.314162e+00,1.555843e-01,2.722385e+00,2.749067e+00,2.763969e+00
1.252154e-01,2.320059e+00,1.559728e-01,2.729182e+00,2.757819e+00,2.764844e+00
1.255335e-01,2.325953e+00,1.565886e-01,2.739958e+00,2.760492e+00,2.765112e+00
1.258513e-01,2.331842e+00,1.569665e-01,2.746570e+00,2.761814e+00,2.765244e+00
1.261688e-01,2.337725e+00,1.571896e-01,2.750474e+00,2.763353e+00,2.786258e+00
1.264861e-01,2.343604e+00,1.574470e-01,2.754978e+00,2.783941e+00,2.795582e+00
1.268031e-01,2.349477e+00,1.578912e-01,2.762750e+00,2.789920e+00,2.796180e+00
1.271198e-01,2.355346e+00,1.584884e-01,2.773200e+00,2.792140e+00,2.796402e+00
1.274362e-01,2.361209e+00,1.588132e-01,2.778884e+00,2.793277e+00,2.796515e+00
1.277524e-01,2.367066e+00,1.590258e-01,2.782604e+00,2.796188e+00,2.824207e+00
1.280682e-01,2.372918e+00,1.593086e-01,2.787553e+00,2.817253e+00,2.827038e+00
1.283838e-01,2.378765e+00,1.598369e-01,2.796796e+00,2.821859e+00,2.827498e+00
1.286991e-01,2.384607e+00,1.603635e-01,2.806011e+00,2.823702e+00,2.827683e+00
1.290140e-01,2.390443e+00,1.606537e-01,2.811088e+00,2.824718e+00,2.827784e+00
1.293287e-01,2.396274e+00,1.608622e-01,2.814736e+00,2.834416e+00,2.856879e+00
1.296432e-01,2.402100e+00,1.611862e-01,2.820406e+00,2.850074e+00,2.858445e+00
1.299573e-01,2.407920e+00,1.617698e-01,2.830618e+00,2.853624e+00,2.858800e+00
1.302711e-01,2.413734e+00,1.622281e-01,2.838637e+00,2.855227e+00,2.858960e+00
1.305847e-01,2.419544e+00,1.624850e-01,2.843132e+00,2.856126e+00,2.859050e+00
1.308979e-01,2.425349e+00,1.627072e-01,2.847020e+00,2.872568e+00,2.888819e+00
1.312109e-01,2.431147e+00,1.630677e-01,2.853329e+00,2.882403e+00,2.889803e+00
1.315235e-01,2.436940e+00,1.636852e-01,2.864133e+00,2.885327e+00,2.890095e+00
1.318360e-01,2.442729e+00,1.640792e-01,2.871028e+00,2.886706e+00,2.890233e+00
1.321481e-01,2.448512e+00,1.643129e-01,2.875117e+00,2.887710e+00,2.890544e+00
1.324599e-01,2.454290e+00,1.645503e-01,2.879271e+00,2.907316e+00,2.920419e+00
1.327714e-01,2.460062e+00,1.649676e-01,2.886573e+00,2.914531e+00,2.921141e+00
1.330827e-01,2.465829e+00,1.655737e-01,2.897178e+00,2.916936e+00,2.921381e+00
1.333937e-01,2.471592e+00,1.659251e-01,2.903327e+00,2.918165e+00,2.921504e+00
1.337044e-01,2.477348e+00,1.661395e-01,2.907079e+00,2.920242e+00,2.946920e+00
1.340148e-01,2.483099e+00,1.664072e-01,2.911762e+00,2.941142e+00,2.951927e+00
1.343249e-01,2.488846e+00,1.668771e-01,2.919984e+00,2.946445e+00,2.952457e+00
1.346348e-01,2.494588e+00,1.674527e-01,2.930057e+00,2.948511e+00,2.952664e+00
1.349444e-01,2.500324e+00,1.677623e-01,2.935474e+00,2.949595e+00,2.952772e+00
1.352537e-01,2.506054e+00,1.679720e-01,2.939142e+00,2.952955e+00,2.981088e+00
1.355627e-01,2.511780e+00,1.682646e-01,2.944262e+00,2.974029e+00,2.983340e+00
1.358715e-01,2.517502e+00,1.688119e-01,2.953839e+00,2.978268e+00,2.983764e+00
1.361800e-01,2.523218e+00,1.693149e-01,2.962640e+00,2.980028e+00,2.983940e+00
1.364882e-01,2.528928e+00,1.695953e-01,2.967547e+00,2.981009e+00,2.984038e+00
1.367961e-01,2.534633e+00,1.698043e-01,2.971204e+00,2.992605e+00,3.013323e+00
1.371038e-01,2.540335e+00,1.701379e-01,2.977041e+00,3.006610e+00,3.014724e+00
1.374112e-01,2.546030e+00,1.707288e-01,2.987381e+00,3.009976e+00,3.015060e+00
1.377183e-01,2.551721e+00,1.711714e-01,2.995125e+00,3.011525e+00,3.015215e+00
1.380252e-01,2.557406e+00,1.714222e-01,2.999514e+00,3.012403e+00,3.015303e+00
1.383318e-01,2.563087e+00,1.716458e-01,3.003426e+00,3.029498e+00,3.045137e+00
1.386382e-01,2.568764e+00,1.720125e-01,3.009842e+00,3.038789e+00,3.046066e+00
1.389442e-01,2.574434e+00,1.726294e-01,3.020636e+00,3.041627e+00,3.046350e+00
1.392500e-01,2.580100e+00,1.730165e-01,3.027410e+00,3.042982e+00,3.046486e+00
1.395555e-01,2.585761e+00,1.732470e-01,3.031443e+00,3.044098e+00,3.052552e+00
1.398608e-01,2.591418e+00,1.734866e-01,3.035636e+00,3.063868e+00,3.076699e+00
1.401659e-01,2.597070e+00,1.739065e-01,3.042983e+00,3.070838e+00,3.077396e+00
1.404706e-01,2.602716e+00,1.745103e-01,3.053548e+00,3.073210e+00,3.077633e+00
1.407751e-01,2.608358e+00,1.748580e-01,3.059633e+00,3.074427e+00,3.077755e+00
1.410794e-01,2.613996e+00,1.750715e-01,3.063368e+00,3.076562e+00,3.103436e+00
1.413834e-01,2.619629e+00,1.753397e-01,3.068062e+00,3.097470e+00,3.108185e+00
1.416871e-01,2.625257e+00,1.758109e-01,3.076306e+00,3.102713e+00,3.108709e+00
1.419906e-01,2.630879e+00,1.763837e-01,3.086330e+00,3.104766e+00,3.108914e+00
1.422938e-01,2.636498e+00,1.766923e-01,3.091729e+00,3.105846e+00,3.109022e+00
1.425969e-01,2.642113e+00,1.769013e-01,3.095386e+00,3.109195e+00,3.137328e+00
1.428996e-01,2.647722e+00,1.771927e-01,3.100485e+00,3.130250e+00,3.139587e+00
1.432021e-01,2.653326e+00,1.777357e-01,3.109985e+00,3.134497e+00,3.140012e+00
1.435043e-01,2.658926e+00,1.782405e-01,3.118819e+00,3.136264e+00,3.140189e+00
1.438063e-01,2.664522e+00,1.785218e-01,3.123741e+00,3.137248e+00,3.140287e+00
1.441081e-01,2.670114e+00,1.787299e-01,3.127383e+00,3.148260e+00,3.169513e+00
1.444096e-01,2.675701e+00,1.790582e-01,3.133126e+00,3.162741e+00,3.170962e+00
1.447109e-01,2.681282e+00,1.796449e-01,3.143392e+00,3.166178e+00,3.171305e+00
1.450119e-01,2.686860e+00,1.800934e-01,3.151241e+00,3.167748e+00,3.171462e+00
1.453127e-01,2.692434e+00,1.803472e-01,3.155681e+00,3.168636e+00,3.171551e+00
1.456133e-01,2.698003e+00,1.805685e-01,3.159553e+00,3.185217e+00,3.201334e+00
1.459136e-01,2.703567e+00,1.809293e-01,3.165867e+00,3.194923e+00,3.202305e+00
1.462137e-01,2.709127e+00,1.815442e-01,3.176627e+00,3.197825e+00,3.202595e+00
1.465135e-01,2.714683e+00,1.819379e-01,3.183515e+00,3.199203e+00,3.202733e+00
1.468132e-01,2.720236e+00,1.821704e-01,3.187584e+00,3.200152e+00,3.202979e+00
1.471126e-01,2.725783e+00,1.824061e-01,3.191707e+00,3.219644e+00,3.232902e+00
1.474117e-01,2.731325e+00,1.828151e-01,3.198864e+00,3.226953e+00,3.233633e+00
1.477106e-01,2.736864e+00,1.834220e-01,3.209483e+00,3.229397e+00,3.233877e+00
1.480094e-01,2.742398e+00,1.837771e-01,3.215697e+00,3.230639e+00,3.234001e+00
1.483079e-01,2.747930e+00,1.839927e-01,3.219470e+00,3.232547e+00,3.258534e+00
1.486061e-01,2.753456e+00,1.842568e-01,3.224091e+00,3.253358e+00,3.264398e+00
1.489041e-01,2.758977e+00,1.847163e-01,3.232131e+00,3.258851e+00,3.264948e+00
1.492019e-01,2.764494e+00,1.852977e-01,3.242305e+00,3.260961e+00,3.265159e+00
1.494995e-01,2.770009e+00,1.856128e-01,3.247819e+00,3.262064e+00,3.265269e+00
1.497969e-01,2.775519e+00,1.858222e-01,3.251481e+00,3.265167e+00,3.293267e+00
1.500940e-01,2.781024e+00,1.861083e-01,3.256489e+00,3.286225e+00,3.295810e+00
1.503909e-01,2.786524e+00,1.866387e-01,3.265769e+00,3.290654e+00,3.296253e+00
1.506876e-01,2.792022e+00,1.871578e-01,3.274852e+00,3.292470e+00,3.296435e+00
1.509841e-01,2.797517e+00,1.874444e-01,3.279867e+00,3.293473e+00,3.296535e+00
1.512804e-01,2.803006e+00,1.876523e-01,3.283505e+00,3.303344e+00,3.325647e+00
1.515764e-01,2.808491e+00,1.879751e-01,3.289153e+00,3.318822e+00,3.327195e+00
1.518722e-01,2.813972e+00,1.885573e-01,3.299341e+00,3.322368e+00,3.327549e+00
1.521679e-01,2.819449e+00,1.890146e-01,3.307342e+00,3.323968e+00,3.327709e+00
1.524633e-01,2.824924e+00,1.892720e-01,3.311847e+00,3.324869e+00,3.327799e+00
1.527585e-01,2.830394e+00,1.894919e-01,3.315694e+00,3.340964e+00,3.357534e+00
1.530535e-01,2.835859e+00,1.898487e-01,3.321936e+00,3.351075e+00,3.358545e+00
1.533482e-01,2.841320e+00,1.904628e-01,3.332683e+00,3.354037e+00,3.358841e+00
1.536429e-01,2.846779e+00,1.908619e-01,3.339665e+00,3.355433e+00,3.358981e+00
1.539373e-01,2.852234e+00,1.910972e-01,3.343783e+00,3.356309e+00,3.359127e+00
1.542314e-01,2.857684e+00,1.913313e-01,3.347879e+00,3.375675e+00,3.389130e+00
1.545253e-01,2.863130e+00,1.917366e-01,3.354971e+00,3.383149e+00,3.389877e+00
1.548191e-01,2.868573e+00,1.923448e-01,3.365613e+00,3.385623e+00,3.390125e+00
1.551127e-01,2.874013e+00,1.927029e-01,3.371879e+00,3.386876e+00,3.390250e+00
1.554061e-01,2.879449e+00,1.929195e-01,3.375669e+00,3.388704e+00,3.414264e+00
1.556992e-01,2.884880e+00,1.931813e-01,3.380250e+00,3.409449e+00,3.420632e+00
1.559921e-01,2.890308e+00,1.936361e-01,3.388208e+00,3.415053e+00,3.421193e+00
1.562849e-01,2.895732e+00,1.942208e-01,3.398439e+00,3.417188e+00,3.421406e+00
1.565775e-01,2.901154e+00,1.945387e-01,3.404001e+00,3.418300e+00,3.421518e+00
1.568699e-01,2.906572e+00,1.947485e-01,3.407673e+00,3.421311e+00,3.449381e+00
1.571621e-01,2.911985e+00,1.950322e-01,3.412638e+00,3.442356e+00,3.452048e+00
1.574540e-01,2.917394e+00,1.955562e-01,3.421805e+00,3.446861e+00,3.452499e+00
1.577458e-01,2.922801e+00,1.960810e-01,3.430989e+00,3.448698e+00,3.452682e+00
1.580375e-01,2.928206e+00,1.963700e-01,3.436045e+00,3.449709e+00,3.452783e+00
1.583289e-01,2.933605e+00,1.965771e-01,3.439670e+00,3.458747e+00,3.481812e+00
1.586201e-01,2.939001e+00,1.968955e-01,3.445241e+00,3.474942e+00,3.483432e+00
1.589111e-01,2.944393e+00,1.974717e-01,3.455322e+00,3.478564e+00,3.483794e+00
1.592020e-01,2.949782e+00,1.979356e-01,3.463439e+00,3.480188e+00,3.483956e+00
1.594928e-01,2.955169e+00,1.981959e-01,3.467995e+00,3.481099e+00,3.484047e+00
1.597832e-01,2.960551e+00,1.984131e-01,3.471795e+00,3.496464e+00,3.513709e+00
1.600735e-01,2.965929e+00,1.987619e-01,3.477899e+00,3.507163e+00,3.514779e+00
1.603636e-01,2.971304e+00,1.993717e-01,3.488569e+00,3.510214e+00,3.515084e+00
1.606536e-01,2.976677e+00,1.997792e-01,3.495700e+00,3.511640e+00,3.515226e+00
1.609434e-01,2.982047e+00,2.000185e-01,3.499886e+00,3.512477e+00,3.515310e+00
1.612329e-01,2.987412e+00,2.002468e-01,3.503881e+00,3.531167e+00,3.545304e+00
1.615223e-01,2.992774e+00,2.006382e-01,3.510730e+00,3.539199e+00,3.546107e+00
1.618115e-01,2.998132e+00,2.012472e-01,3.521386e+00,3.541777e+00,3.546365e+00
1.621006e-01,3.003488e+00,2.016161e-01,3.527840e+00,3.543068e+00,3.546494e+00
1.623895e-01,3.008842e+00,2.018363e-01,3.531693e+00,3.544547e+00,3.566792e+00
1.626782e-01,3.014190e+00,2.020883e-01,3.536103e+00,3.564939e+00,3.576806e+00
1.629666e-01,3.019535e+00,2.025200e-01,3.543657e+00,3.571064e+00,3.577419e+00
1.632550e-01,3.024878e+00,2.031164e-01,3.554092e+00,3.573318e+00,3.577644e+00
1.635432e-01,3.030218e+00,2.034472e-01,3.559882e+00,3.574476e+00,3.577760e+00
1.638313e-01,3.035555e+00,2.036585e-01,3.563579e+00,3.576941e+00,3.604535e+00
1.641191e-01,3.040888e+00,2.039274e-01,3.568284e+00,3.597808e+00,3.608218e+00
1.644067e-01,3.046217e+00,2.044135e-01,3.576789e+00,3.602833e+00,3.608721e+00
1.646942e-01,3.051544e+00,2.049691e-01,3.586511e+00,3.604802e+00,3.608918e+00
1.649816e-01,3.056869e+00,2.052735e-01,3.591838e+00,3.605868e+00,3.609024e+00
1.652688e-01,3.062190e+00,2.054787e-01,3.595427e+00,3.609269e+00,3.637401e+00
1.655557e-01,3.067507e+00,2.057747e-01,3.600607e+00,3.630379e+00,3.639600e+00
1.658425e-01,3.072821e+00,2.063113e-01,3.609997e+00,3.634499e+00,3.640012e+00
1.661292e-01,3.078132e+00,2.068167e-01,3.618839e+00,3.636268e+00,3.640189e+00
1.664157e-01,3.083442e+00,2.070945e-01,3.623701e+00,3.637240e+00,3.640287e+00
1.667021e-01,3.088747e+00,2.073031e-01,3.627350e+00,3.647976e+00,3.669485e+00
1.669882e-01,3.094049e+00,2.076197e-01,3.632891e+00,3.662562e+00,3.670944e+00
1.672742e-01,3.099347e+00,2.082008e-01,3.643059e+00,3.666112e+00,3.671299e+00
1.675600e-01,3.104644e+00,2.086527e-01,3.650966e+00,3.667693e+00,3.671457e+00
1.678458e-01,3.109938e+00,2.089118e-01,3.655499e+00,3.668600e+00,3.671547e+00
1.681313e-01,3.115228e+00,2.091235e-01,3.659203e+00,3.683466e+00,3.701159e+00
1.684165e-01,3.120514e+00,2.094693e-01,3.665254e+00,3.694577e+00,3.702270e+00
1.687017e-01,3.125798e+00,2.100665e-01,3.675704e+00,3.697641e+00,3.702577e+00
1.689868e-01,3.131079e+00,2.104828e-01,3.682988e+00,3.699098e+00,3.702722e+00
1.692717e-01,3.136359e+00,2.107234e-01,3.687199e+00,3.699940e+00,3.702806e+00
1.695564e-01,3.141633e+00,2.109481e-01,3.691130e+00,3.717797e+00,3.732717e+00
1.698409e-01,3.146905e+00,2.113175e-01,3.697594e+00,3.726413e+00,3.733579e+00
1.701252e-01,3.152174e+00,2.119269e-01,3.708257e+00,3.729151e+00,3.733853e+00
1.704095e-01,3.157441e+00,2.123071e-01,3.714910e+00,3.730482e+00,3.733986e+00
1.706937e-01,3.162705e+00,2.125341e-01,3.718881e+00,3.731486e+00,3.734322e+00
1.709775e-01,3.167966e+00,2.127673e-01,3.722963e+00,3.750911e+00,3.764154e+00
1.712613e-01,3.173222e+00,2.131683e-01,3.729980e+00,3.758152e+00,3.764878e+00
1.715448e-01,3.178477e+00,2.137701e-01,3.740509e+00,3.760602e+00,3.765123e+00
1.718284e-01,3.183730e+00,2.141267e-01,3.746749e+00,3.761850e+00,3.765247e+00
1.721117e-01,3.188980e+00,2.143424e-01,3.750523e+00,3.763442e+00,3.787231e+00
1.723948e-01,3.194225e+00,2.145931e-01,3.754909e+00,3.783804e+00,3.795568e+00
1.726777e-01,3.199468e+00,2.150215e-01,3.762407e+00,3.789814e+00,3.796169e+00
1.729606e-01,3.204708e+00,2.156130e-01,3.772755e+00,3.792051e+00,3.796393e+00
1.732433e-01,3.209947e+00,2.159433e-01,3.778536e+00,3.793207e+00,3.796508e+00
1.735259e-01,3.215182e+00,2.161527e-01,3.782200e+00,3.795460e+00,3.822673e+00
1.738082e-01,3.220414e+00,2.164133e-01,3.786759e+00,3.816137e+00,3.826926e+00
1.740904e-01,3.225642e+00,2.168767e-01,3.794868e+00,3.821414e+00,3.827454e+00
1.743725e-01,3.230868e+00,2.174426e-01,3.804770e+00,3.823454e+00,3.827658e+00
1.746545e-01,3.236094e+00,2.177557e-01,3.810248e+00,3.824550e+00,3.827767e+00
1.749362e-01,3.241315e+00,2.179596e-01,3.813816e+00,3.827369e+00,3.855352e+00
1.752178e-01,3.246532e+00,2.182368e-01,3.818667e+00,3.848332e+00,3.858271e+00
1.754992e-01,3.251746e+00,2.187277e-01,3.827257e+00,3.852941e+00,3.858732e+00
1.757805e-01,3.256958e+00,2.192693e-01,3.836733e+00,3.854847e+00,3.858922e+00
1.760618e-01,3.262170e+00,2.195639e-01,3.841889e+00,3.855878e+00,3.859025e+00
1.763428e-01,3.267376e+00,2.197681e-01,3.845462e+00,3.859331e+00,3.887460e+00
1.766236e-01,3.272579e+00,2.200550e-01,3.850482e+00,3.880247e+00,3.889587e+00
1.769043e-01,3.277780e+00,2.205814e-01,3.859693e+00,3.884439e+00,3.890006e+00
1.771849e-01,3.282978e+00,2.210873e-01,3.868544e+00,3.886209e+00,3.890183e+00
1.774654e-01,3.288176e+00,2.213698e-01,3.873488e+00,3.887198e+00,3.890282e+00
1.777456e-01,3.293369e+00,2.215715e-01,3.877017e+00,3.894537e+00,3.919141e+00
1.780257e-01,3.298558e+00,2.218734e-01,3.882300e+00,3.912061e+00,3.920894e+00
1.783056e-01,3.303744e+00,2.224188e-01,3.891842e+00,3.915868e+00,3.921274e+00
1.785855e-01,3.308929e+00,2.229013e-01,3.900286e+00,3.917557e+00,3.921443e+00
1.788652e-01,3.314113e+00,2.231713e-01,3.905009e+00,3.918502e+00,3.921538e+00
1.791448e-01,3.319292e+00,2.233765e-01,3.908600e+00,3.929219e+00,3.950734e+00
1.794241e-01,3.324468e+00,2.236869e-01,3.914031e+00,3.943725e+00,3.952185e+00
1.797033e-01,3.329641e+00,2.242543e-01,3.923959e+00,3.947292e+00,3.952542e+00
1.799824e-01,3.334812e+00,2.247107e-01,3.931947e+00,3.948889e+00,3.952701e+00
1.802614e-01,3.339983e+00,2.249725e-01,3.936527e+00,3.949805e+00,3.952793e+00
1.805403e-01,3.345149e+00,2.251776e-01,3.940116e+00,3.962585e+00,3.982196e+00
1.808189e-01,3.350311e+00,2.255025e-01,3.945800e+00,3.975367e+00,3.983474e+00
1.810973e-01,3.355471e+00,2.260792e-01,3.955891e+00,3.978678e+00,3.983805e+00
1.813757e-01,3.360629e+00,2.265191e-01,3.963588e+00,3.980218e+00,3.983959e+00
1.816541e-01,3.365786e+00,2.267713e-01,3.968001e+00,3.981100e+00,3.984048e+00
1.819322e-01,3.370939e+00,2.269821e-01,3.971690e+00,3.995890e+00,4.013652e+00
1.822101e-01,3.376088e+00,2.273160e-01,3.977533e+00,4.006941e+00,4.014757e+00
1.824878e-01,3.381234e+00,2.279063e-01,3.987861e+00,4.010072e+00,4.015070e+00
1.827655e-01,3.386379e+00,2.283252e-01,3.995192e+00,4.011538e+00,4.015216e+00
1.830431e-01,3.391523e+00,2.285705e-01,3.999484e+00,4.012397e+00,4.015302e+00
1.833205e-01,3.396663e+00,2.287827e-01,4.003197e+00,4.028478e+00,4.045035e+00
1.835977e-01,3.401799e+00,2.291316e-01,4.009302e+00,4.038501e+00,4.046038e+00
1.838747e-01,3.406932e+00,2.297250e-01,4.019686e+00,4.041437e+00,4.046331e+00
1.841517e-01,3.412063e+00,2.301306e-01,4.026782e+00,4.042856e+00,4.046473e+00
1.844286e-01,3.417194e+00,2.303679e-01,4.030934e+00,4.043687e+00,4.046556e+00
1.847053e-01,3.422321e+00,2.305875e-01,4.034777e+00,4.061155e+00,4.076428e+00
1.849818e-01,3.427444e+00,2.309470e-01,4.041067e+00,4.070026e+00,4.077315e+00
1.852581e-01,3.432564e+00,2.315485e-01,4.051592e+00,4.072818e+00,4.077594e+00
1.855344e-01,3.437682e+00,2.319362e-01,4.058376e+00,4.074175e+00,4.077730e+00
1.858105e-01,3.442800e+00,2.321672e-01,4.062419e+00,4.074984e+00,4.077811e+00
1.860866e-01,3.447914e+00,2.323909e-01,4.066332e+00,4.093509e+00,4.107788e+00
1.863624e-01,3.453024e+00,2.327684e-01,4.072938e+00,4.101572e+00,4.108595e+00
1.866380e-01,3.458132e+00,2.333686e-01,4.083440e+00,4.104188e+00,4.108856e+00
1.869136e-01,3.463237e+00,2.337426e-01,4.089984e+00,4.105497e+00,4.108987e+00
1.871890e-01,3.468341e+00,2.339658e-01,4.093889e+00,4.106500e+00,4.109338e+00
1.874644e-01,3.473443e+00,2.341998e-01,4.097984e+00,4.125966e+00,4.139159e+00
1.877396e-01,3.478541e+00,2.345923e-01,4.104852e+00,4.133102e+00,4.139873e+00
1.880145e-01,3.483636e+00,2.351938e-01,4.115377e+00,4.135575e+00,4.140120e+00
1.882894e-01,3.488729e+00,2.355500e-01,4.121610e+00,4.136822e+00,4.140245e+00
1.885642e-01,3.493820e+00,2.357679e-01,4.125422e+00,4.138259e+00,4.159988e+00
1.888389e-01,3.498911e+00,2.360088e-01,4.129637e+00,4.158221e+00,4.170510e+00
1.891134e-01,3.503997e+00,2.364249e-01,4.136918e+00,4.164653e+00,4.171153e+00
1.893877e-01,3.509079e+00,2.370167e-01,4.147274e+00,4.166955e+00,4.171383e+00
1.896619e-01,3.514159e+00,2.373582e-01,4.153250e+00,4.168150e+00,4.171502e+00
1.899360e-01,3.519238e+00,2.375690e-01,4.156937e+00,4.169987e+00,4.195708e+00
1.902100e-01,3.524316e+00,2.378222e-01,4.161368e+00,4.190460e+00,4.201858e+00
1.904839e-01,3.529390e+00,2.382574e-01,4.168984e+00,4.196166e+00,4.202429e+00
1.907576e-01,3.534461e+00,2.388405e-01,4.179186e+00,4.198337e+00,4.202646e+00
1.910311e-01,3.539529e+00,2.391650e-01,4.184864e+00,4.199473e+00,4.202760e+00
1.913045e-01,3.544595e+00,2.393729e-01,4.188503e+00,4.201805e+00,4.229194e+00
1.915779e-01,3.549661e+00,2.396342e-01,4.193074e+00,4.222490e+00,4.233186e+00
1.918512e-01,3.554724e+00,2.400981e-01,4.201191e+00,4.227684e+00,4.233706e+00
1.921243e-01,3.559784e+00,2.406613e-01,4.211047e+00,4.229709e+00,4.233908e+00
1.923972e-01,3.564840e+00,2.409727e-01,4.216496e+00,4.230799e+00,4.234017e+00
1.926700e-01,3.569894e+00,2.411763e-01,4.220058e+00,4.233605e+00,4.261580e+00
1.929427e-01,3.574948e+00,2.414523e-01,4.224888e+00,4.254545e+00,4.264517e+00
1.932154e-01,3.580001e+00,2.419422e-01,4.233459e+00,4.259180e+00,4.264981e+00
1.934879e-01,3.585049e+00,2.424846e-01,4.242950e+00,4.261090e+00,4.265172e+00
1.937602e-01,3.590095e+00,2.427802e-01,4.248122e+00,4.262124e+00,4.265275e+00
1.940324e-01,3.595138e+00,2.429845e-01,4.251697e+00,4.265555e+00,4.293686e+00
1.943044e-01,3.600179e+00,2.432720e-01,4.256728e+00,4.286492e+00,4.295837e+00
1.945765e-01,3.605220e+00,2.437998e-01,4.265964e+00,4.290693e+00,4.296257e+00
1.948484e-01,3.610259e+00,2.443066e-01,4.274832e+00,4.292466e+00,4.296434e+00
1.951202e-01,3.615293e+00,2.445889e-01,4.279771e+00,4.293454e+00,4.296533e+00
1.953918e-01,3.620326e+00,2.447919e-01,4.283323e+00,4.301442e+00,4.325457e+00
1.956633e-01,3.625356e+00,2.450978e-01,4.288676e+00,4.318424e+00,4.327155e+00
1.959347e-01,3.630386e+00,2.456525e-01,4.298382e+00,4.322176e+00,4.327530e+00
1.962061e-01,3.635414e+00,2.461291e-01,4.306721e+00,4.323844e+00,4.327697e+00
1.964773e-01,3.640439e+00,2.463964e-01,4.311398e+00,4.324780e+00,4.327790e+00
1.967484e-01,3.645461e+00,2.466046e-01,4.315041e+00,4.337032e+00,4.357141e+00
1.970193e-01,3.650481e+00,2.469256e-01,4.320658e+00,4.350265e+00,4.358464e+00
1.972901e-01,3.655500e+00,2.475079e-01,4.330847e+00,4.353669e+00,4.358804e+00
1.975610e-01,3.660518e+00,2.479498e-01,4.338580e+00,4.355216e+00,4.358959e+00
1.978317e-01,3.665534e+00,2.482046e-01,4.343038e+00,4.356108e+00,4.359048e+00
1.981022e-01,3.670546e+00,2.484154e-01,4.346726e+00,4.371092e+00,4.388672e+00
1.983726e-01,3.675556e+00,2.487593e-01,4.352744e+00,4.382071e+00,4.389770e+00
1.986429e-01,3.680564e+00,2.493537e-01,4.363144e+00,4.385129e+00,4.390075e+00
1.989131e-01,3.685572e+00,2.497696e-01,4.370421e+00,4.386584e+00,4.390221e+00
1.991833e-01,3.690578e+00,2.500109e-01,4.374644e+00,4.387429e+00,4.390305e+00
1.994533e-01,3.695580e+00,2.502323e-01,4.378519e+00,4.404874e+00,4.420175e+00
1.997232e-01,3.700580e+00,2.505955e-01,4.384874e+00,4.413805e+00,4.421068e+00
1.999929e-01,3.705579e+00,2.512020e-01,4.395486e+00,4.416597e+00,4.421347e+00
2.002627e-01,3.710576e+00,2.515886e-01,4.402250e+00,4.417950e+00,4.421482e+00
2.005324e-01,3.715574e+00,2.518187e-01,4.406276e+00,4.418797e+00,4.421614e+00
2.008019e-01,3.720567e+00,2.520481e-01,4.410290e+00,4.437914e+00,4.451604e+00
2.010712e-01,3.725557e+00,2.524401e-01,4.417150e+00,4.445520e+00,4.452365e+00
2.013404e-01,3.730546e+00,2.530430e-01,4.427699e+00,4.448040e+00,4.452616e+00
2.016096e-01,3.735534e+00,2.534066e-01,4.434061e+00,4.449312e+00,4.452744e+00
2.018788e-01,3.740521e+00,2.536252e-01,4.437887e+00,4.450697e+00,4.471449e+00
2.021478e-01,3.745505e+00,2.538709e-01,4.442186e+00,4.470830e+00,4.483021e+00
2.024166e-01,3.750487e+00,2.542886e-01,4.449495e+00,4.477179e+00,4.483655e+00
2.026854e-01,3.755466e+00,2.548853e-01,4.459935e+00,4.479487e+00,4.483886e+00
2.029540e-01,3.760443e+00,2.552234e-01,4.465852e+00,4.480670e+00,4.484005e+00
2.032227e-01,3.765421e+00,2.554350e-01,4.469554e+00,4.482698e+00,4.509243e+00
2.034912e-01,3.770396e+00,2.556909e-01,4.474031e+00,4.503254e+00,4.514388e+00
2.037595e-01,3.775369e+00,2.561427e-01,4.481937e+00,4.508797e+00,4.514942e+00
2.040278e-01,3.780338e+00,2.567173e-01,4.491992e+00,4.510898e+00,4.515152e+00
2.042959e-01,3.785307e+00,2.570370e-01,4.497585e+00,4.512017e+00,4.515264e+00
2.045640e-01,3.790274e+00,2.572422e-01,4.501177e+00,4.514618e+00,4.542413e+00
2.048321e-01,3.795242e+00,2.575153e-01,4.505954e+00,4.535549e+00,4.545742e+00
2.051000e-01,3.800205e+00,2.579951e-01,4.514350e+00,4.540347e+00,4.546222e+00
2.053677e-01,3.805166e+00,2.585467e-01,4.524002e+00,4.542300e+00,4.546418e+00
2.056354e-01,3.810125e+00,2.588466e-01,4.529250e+00,4.543350e+00,4.546522e+00
2.059030e-01,3.815084e+00,2.590509e-01,4.532824e+00,4.546582e+00,4.574710e+00
2.061706e-01,3.820042e+00,2.593328e-01,4.537756e+00,4.567495e+00,4.577062e+00
2.064381e-01,3.824997e+00,2.598470e-01,4.546754e+00,4.571851e+00,4.577498e+00
2.067053e-01,3.829950e+00,2.603648e-01,4.555815e+00,4.573663e+00,4.577679e+00
2.069725e-01,3.834900e+00,2.606523e-01,4.560846e+00,4.574669e+00,4.577779e+00
2.072396e-01,3.839850e+00,2.608535e-01,4.564365e+00,4.580070e+00,4.606445e+00
2.075068e-01,3.844799e+00,2.611499e-01,4.569552e+00,4.599326e+00,4.608370e+00
2.077738e-01,3.849746e+00,2.616832e-01,4.578883e+00,4.603277e+00,4.608765e+00
2.080406e-01,3.854690e+00,2.621778e-01,4.587538e+00,4.605008e+00,4.608938e+00
2.083073e-01,3.859632e+00,2.624525e-01,4.592346e+00,4.605969e+00,4.609034e+00
2.085740e-01,3.864573e+00,2.626559e-01,4.595904e+00,4.614829e+00,4.638045e+00
2.088406e-01,3.869513e+00,2.629568e-01,4.601169e+00,4.630918e+00,4.639654e+00
2.091072e-01,3.874453e+00,2.635092e-01,4.610835e+00,4.634667e+00,4.640029e+00
2.093736e-01,3.879389e+00,2.639804e-01,4.619080e+00,4.636316e+00,4.640194e+00
2.096399e-01,3.884323e+00,2.642490e-01,4.623780e+00,4.637256e+00,4.640288e+00
2.099061e-01,3.889255e+00,2.644499e-01,4.627296e+00,4.647479e+00,4.669435e+00
2.101723e-01,3.894187e+00,2.647595e-01,4.632713e+00,4.662419e+00,4.670929e+00
2.104384e-01,3.899119e+00,2.653134e-01,4.642404e+00,4.665981e+00,4.671286e+00
2.107044e-01,3.904047e+00,2.657770e-01,4.650517e+00,4.667603e+00,4.671448e+00
2.109703e-01,3.908973e+00,2.660393e-01,4.655105e+00,4.668521e+00,4.671540e+00
2.112360e-01,3.913897e+00,2.662423e-01,4.658658e+00,4.679720e+00,4.700785e+00
2.115017e-01,3.918820e+00,2.665492e-01,4.664027e+00,4.693722e+00,4.702185e+00
2.117674e-01,3.923743e+00,2.671082e-01,4.673808e+00,4.697262e+00,4.702539e+00
2.120330e-01,3.928664e+00,2.675632e-01,4.681771e+00,4.698854e+00,4.702698e+00
2.122984e-01,3.933582e+00,2.678256e-01,4.686362e+00,4.699772e+00,4.702790e+00
2.125637e-01,3.938498e+00,2.680247e-01,4.689846e+00,4.710434e+00,4.731981e+00
2.128290e-01,3.943412e+00,2.683319e-01,4.695221e+00,4.724926e+00,4.733430e+00
2.130943e-01,3.948327e+00,2.688792e-01,4.704797e+00,4.728459e+00,4.733783e+00
2.133594e-01,3.953240e+00,2.693422e-01,4.712900e+00,4.730080e+00,4.733946e+00
2.136244e-01,3.958151e+00,2.696048e-01,4.717494e+00,4.730999e+00,4.734037e+00
2.138893e-01,3.963059e+00,2.698046e-01,4.720991e+00,4.740710e+00,4.763133e+00
2.141542e-01,3.967966e+00,2.701013e-01,4.726181e+00,4.755929e+00,4.764655e+00
2.144190e-01,3.972872e+00,2.706414e-01,4.735633e+00,4.759627e+00,4.765025e+00
2.146838e-01,3.977779e+00,2.711116e-01,4.743859e+00,4.761272e+00,4.765190e+00
2.149484e-01,3.982682e+00,2.713810e-01,4.748573e+00,4.762215e+00,4.765284e+00
2.152129e-01,3.987582e+00,2.715762e-01,4.751989e+00,4.769203e+00,4.794108e+00
2.154773e-01,3.992481e+00,2.718659e-01,4.757059e+00,4.786833e+00,4.795871e+00
2.157417e-01,3.997380e+00,2.723797e-01,4.766050e+00,4.790710e+00,4.796258e+00
2.160061e-01,4.002279e+00,2.728735e-01,4.774690e+00,4.792438e+00,4.796431e+00
2.162703e-01,4.007175e+00,2.731496e-01,4.779521e+00,4.793404e+00,4.796528e+00
2.165344e-01,4.012068e+00,2.733458e-01,4.782954e+00,4.796817e+00,4.824947e+00
2.167984e-01,4.016960e+00,2.736192e-01,4.787738e+00,4.817474e+00,4.827060e+00
2.170624e-01,4.021851e+00,2.741067e-01,4.796267e+00,4.821748e+00,4.827487e+00
2.173264e-01,4.026742e+00,2.746239e-01,4.805318e+00,4.823564e+00,4.827669e+00
2.175902e-01,4.031631e+00,2.749144e-01,4.810400e+00,4.824580e+00,4.827771e+00
2.178540e-01,4.036517e+00,2.751084e-01,4.813795e+00,4.827330e+00,4.855291e+00
2.181176e-01,4.041402e+00,2.753696e-01,4.818366e+00,4.847926e+00,4.858230e+00
2.183811e-01,4.046285e+00,2.758167e-01,4.826189e+00,4.852683e+00,4.858706e+00
2.186447e-01,4.051168e+00,2.763654e-01,4.835790e+00,4.854658e+00,4.858903e+00
2.189082e-01,4.056050e+00,2.766711e-01,4.841140e+00,4.855728e+00,4.859010e+00
2.191715e-01,4.060929e+00,2.768694e-01,4.844609e+00,4.857797e+00,4.884630e+00
2.194347e-01,4.065807e+00,2.771111e-01,4.848839e+00,4.877904e+00,4.889353e+00
2.196979e-01,4.070682e+00,2.775237e-01,4.856057e+00,4.883533e+00,4.889916e+00
2.199610e-01,4.075558e+00,2.780906e-01,4.865978e+00,4.885696e+00,4.890132e+00
2.202241e-01,4.080433e+00,2.784216e-01,4.871770e+00,4.886854e+00,4.890248e+00
2.204871e-01,4.085305e+00,2.786267e-01,4.875357e+00,4.888143e+00,4.907897e+00
2.207499e-01,4.090175e+00,2.788542e-01,4.879338e+00,4.907495e+00,4.920437e+00
2.210127e-01,4.095043e+00,2.792260e-01,4.885844e+00,4.914247e+00,4.921112e+00
2.212754e-01,4.099911e+00,2.798055e-01,4.895984e+00,4.916697e+00,4.921357e+00
2.215381e-01,4.104780e+00,2.801635e-01,4.902248e+00,4.917950e+00,4.921482e+00
2.218007e-01,4.109645e+00,2.803831e-01,4.906091e+00,4.918718e+00,4.921559e+00
2.220631e-01,4.114508e+00,2.805909e-01,4.909727e+00,4.935957e+00,4.951408e+00
2.223255e-01,4.119369e+00,2.809289e-01,4.915642e+00,4.944801e+00,4.952293e+00
2.225878e-01,4.124229e+00,2.814965e-01,4.925574e+00,4.947615e+00,4.952574e+00
2.228502e-01,4.129090e+00,2.818964e-01,4.932570e+00,4.949014e+00,4.952714e+00
2.231123e-01,4.133948e+00,2.821335e-01,4.936718e+00,4.949844e+00,4.952797e+00
2.233744e-01,4.138803e+00,2.823303e-01,4.940164e+00,4.962918e+00,4.982229e+00
2.236363e-01,4.143657e+00,2.826319e-01,4.945439e+00,4.975100e+00,4.983447e+00
2.238983e-01,4.148510e+00,2.831703e-01,4.954861e+00,4.978472e+00,4.983785e+00
2.241602e-01,4.153362e+00,2.836183e-01,4.962699e+00,4.980040e+00,4.983941e+00
2.244220e-01,4.158213e+00,2.838793e-01,4.967268e+00,4.980954e+00,4.984033e+00
2.246836e-01,4.163061e+00,2.840684e-01,4.970576e+00,4.985758e+00,5.012638e+00
2.249451e-01,4.167906e+00,2.843412e-01,4.975350e+00,5.005101e+00,5.014573e+00
2.252066e-01,4.172751e+00,2.848138e-01,4.983618e+00,5.009216e+00,5.014984e+00
2.254680e-01,4.177596e+00,2.853288e-01,4.992629e+00,5.011026e+00,5.015165e+00
2.257294e-01,4.182439e+00,2.856172e-01,4.997676e+00,5.012035e+00,5.015266e+00
2.259906e-01,4.187279e+00,2.858096e-01,5.001043e+00,5.014378e+00,5.041883e+00
2.262517e-01,4.192116e+00,2.860525e-01,5.005293e+00,5.034525e+00,5.045640e+00
2.265128e-01,4.196953e+00,2.864647e-01,5.012506e+00,5.039846e+00,5.046172e+00
2.267738e-01,4.201789e+00,2.870227e-01,5.022269e+00,5.041954e+00,5.046383e+00
2.270347e-01,4.206624e+00,2.873485e-01,5.027970e+00,5.043094e+00,5.046497e+00
2.272955e-01,4.211456e+00,2.875518e-01,5.031528e+00,5.044250e+00,5.060221e+00
2.275562e-01,4.216285e+00,2.877722e-01,5.035385e+00,5.063191e+00,5.076632e+00
2.278167e-01,4.221113e+00,2.881296e-01,5.041638e+00,5.070300e+00,5.077342e+00
2.280773e-01,4.225941e+00,2.887025e-01,5.051662e+00,5.072832e+00,5.077596e+00
2.283378e-01,4.230768e+00,2.890714e-01,5.058117e+00,5.074123e+00,5.077725e+00
2.285982e-01,4.235592e+00,2.892964e-01,5.062054e+00,5.074911e+00,5.077804e+00
2.288584e-01,4.240413e+00,2.894953e-01,5.065535e+00,5.090161e+00,5.107454e+00
2.291185e-01,4.245232e+00,2.898110e-01,5.071058e+00,5.100545e+00,5.108492e+00
2.293785e-01,4.250051e+00,2.903601e-01,5.080666e+00,5.103633e+00,5.108801e+00
2.296386e-01,4.254869e+00,2.907868e-01,5.088133e+00,5.105127e+00,5.108950e+00
2.298985e-01,4.259685e+00,2.910371e-01,5.092512e+00,5.106002e+00,5.109038e+00
2.301582e-01,4.264497e+00,2.912277e-01,5.095847e+00,5.114219e+00,5.137984e+00
2.304178e-01,4.269308e+00,2.915075e-01,5.100743e+00,5.130518e+00,5.139614e+00
2.306774e-01,4.274117e+00,2.920037e-01,5.109426e+00,5.134385e+00,5.140001e+00
2.309369e-01,4.278926e+00,2.924968e-01,5.118054e+00,5.136111e+00,5.140174e+00
2.311964e-01,4.283733e+00,2.927770e-01,5.122958e+00,5.137092e+00,5.140272e+00
2.314557e-01,4.288537e+00,2.929675e-01,5.126290e+00,5.139822e+00,5.167777e+00
2.317148e-01,4.293339e+00,2.932219e-01,5.130742e+00,5.160247e+00,5.170712e+00
2.319738e-01,4.298138e+00,2.936568e-01,5.138351e+00,5.165093e+00,5.171197e+00
2.322329e-01,4.302938e+00,2.942061e-01,5.147964e+00,5.167093e+00,5.171397e+00
2.324918e-01,4.307736e+00,2.945176e-01,5.153414e+00,5.168183e+00,5.171506e+00
2.327506e-01,4.312531e+00,2.947167e-01,5.156897e+00,5.169914e+00,5.195264e+00
2.330093e-01,4.317323e+00,2.949509e-01,5.160995e+00,5.189709e+00,5.201783e+00
2.332678e-01,4.322114e+00,2.953441e-01,5.167875e+00,5.195800e+00,5.202392e+00
2.335263e-01,4.326903e+00,2.959194e-01,5.177943e+00,5.198089e+00,5.202621e+00
2.337848e-01,4.331693e+00,2.962630e-01,5.183955e+00,5.199291e+00,5.202742e+00
2.340431e-01,4.336479e+00,2.964745e-01,5.187656e+00,5.200280e+00,5.203120e+00
2.343013e-01,4.341263e+00,2.966957e-01,5.191526e+00,5.219122e+00,5.232850e+00
2.345593e-01,4.346044e+00,2.970606e-01,5.197911e+00,5.226560e+00,5.233594e+00
2.348173e-01,4.350824e+00,2.976464e-01,5.208162e+00,5.229132e+00,5.233851e+00
2.350753e-01,4.355604e+00,2.980173e-01,5.214651e+00,5.230430e+00,5.233981e+00
2.353332e-01,4.360382e+00,2.982412e-01,5.218569e+00,5.231214e+00,5.234059e+00
2.355909e-01,4.365157e+00,2.984542e-01,5.222296e+00,5.248731e+00,5.263936e+00
2.358485e-01,4.369930e+00,2.988031e-01,5.228401e+00,5.257441e+00,5.264807e+00
2.361060e-01,4.374700e+00,2.993895e-01,5.238661e+00,5.260232e+00,5.265086e+00
2.363634e-01,4.379471e+00,2.997819e-01,5.245528e+00,5.261606e+00,5.265223e+00
2.366209e-01,4.384242e+00,3.000152e-01,5.249610e+00,5.262422e+00,5.265305e+00
2.368782e-01,4.389009e+00,3.002252e-01,5.253284e+00,5.278885e+00,5.295076e+00
2.371353e-01,4.393773e+00,3.005684e-01,5.259290e+00,5.288494e+00,5.296037e+00
2.373923e-01,4.398535e+00,3.011560e-01,5.269571e+00,5.291414e+00,5.296329e+00
2.376493e-01,4.403297e+00,3.015600e-01,5.276641e+00,5.292828e+00,5.296470e+00
2.379063e-01,4.408059e+00,3.017978e-01,5.280802e+00,5.293660e+00,5.296554e+00
2.381632e-01,4.412818e+00,3.020100e-01,5.284514e+00,5.310039e+00,5.326316e+00
2.384199e-01,4.417575e+00,3.023558e-01,5.290565e+00,5.319758e+00,5.327288e+00
2.386765e-01,4.422329e+00,3.029502e-01,5.300965e+00,5.322693e+00,5.327582e+00
2.389330e-01,4.427082e+00,3.033532e-01,5.308017e+00,5.324103e+00,5.327723e+00
2.391896e-01,4.431836e+00,3.035900e-01,5.312161e+00,5.324936e+00,5.327811e+00
2.394461e-01,4.436589e+00,3.038065e-01,5.315950e+00,5.342100e+00,5.357648e+00
2.397025e-01,4.441338e+00,3.041654e-01,5.322230e+00,5.351232e+00,5.358561e+00
2.399587e-01,4.446085e+00,3.047677e-01,5.332769e+00,5.354054e+00,5.358843e+00
2.402148e-01,4.450831e+00,3.051587e-01,5.339610e+00,5.355422e+00,5.358980e+00
2.404709e-01,4.455576e+00,3.053895e-01,5.343649e+00,5.356230e+00,5.359060e+00
2.407270e-01,4.460322e+00,3.056135e-01,5.347567e+00,5.374708e+00,5.389033e+00
2.409830e-01,4.465065e+00,3.059889e-01,5.354137e+00,5.382799e+00,5.389842e+00
2.412389e-01,4.469806e+00,3.065935e-01,5.364715e+00,5.385443e+00,5.390107e+00
2.414946e-01,4.474544e+00,3.069674e-01,5.371259e+00,5.386752e+00,5.390238e+00
2.417503e-01,4.479282e+00,3.071906e-01,5.375164e+00,5.387795e+00,5.391807e+00
2.420060e-01,4.484020e+00,3.074240e-01,5.379248e+00,5.407255e+00,5.420413e+00
2.422617e-01,4.488758e+00,3.078178e-01,5.386139e+00,5.414366e+00,5.421124e+00
2.425172e-01,4.493492e+00,3.084178e-01,5.396638e+00,5.416828e+00,5.421370e+00
2.427726e-01,4.498224e+00,3.087739e-01,5.402869e+00,5.418074e+00,5.421495e+00
2.430279e-01,4.502955e+00,3.089903e-01,5.406655e+00,5.419490e+00,5.440954e+00
2.432833e-01,4.507686e+00,3.092301e-01,5.410850e+00,5.439386e+00,5.451751e+00
2.435387e-01,4.512418e+00,3.096406e-01,5.418032e+00,5.445856e+00,5.452398e+00
2.437939e-01,4.517147e+00,3.102328e-01,5.428395e+00,5.448179e+00,5.452630e+00
2.440490e-01,4.521873e+00,3.105755e-01,5.434392e+00,5.449378e+00,5.452750e+00
2.443040e-01,4.526598e+00,3.107868e-01,5.438090e+00,5.451062e+00,5.475788e+00
2.445590e-01,4.531323e+00,3.110335e-01,5.442406e+00,5.471297e+00,5.483067e+00
2.448141e-01,4.536049e+00,3.114541e-01,5.449765e+00,5.477269e+00,5.483664e+00
2.450690e-01,4.540773e+00,3.120396e-01,5.460011e+00,5.479502e+00,5.483888e+00
2.453238e-01,4.545494e+00,3.123719e-01,5.465825e+00,5.480665e+00,5.484004e+00
2.455785e-01,4.550214e+00,3.125800e-01,5.469466e+00,5.482539e+00,5.508494e+00
2.458332e-01,4.554933e+00,3.128256e-01,5.473764e+00,5.502762e+00,5.514339e+00
2.460880e-01,4.559653e+00,3.132491e-01,5.481174e+00,5.508570e+00,5.514919e+00
2.463427e-01,4.564373e+00,3.138249e-01,5.491250e+00,5.510750e+00,5.515138e+00
2.465973e-01,4.569090e+00,3.141549e-01,5.497024e+00,5.511905e+00,5.515253e+00
2.468517e-01,4.573804e+00,3.143604e-01,5.500619e+00,5.513614e+00,5.538675e+00
2.471062e-01,4.578519e+00,3.146028e-01,5.504860e+00,5.533704e+00,5.545558e+00
2.473606e-01,4.583233e+00,3.150060e-01,5.511915e+00,5.539652e+00,5.546153e+00
2.476152e-01,4.587950e+00,3.155852e-01,5.522052e+00,5.541910e+00,5.546379e+00
2.478695e-01,4.592662e+00,3.159209e-01,5.527925e+00,5.543085e+00,5.546496e+00
2.481238e-01,4.597373e+00,3.161300e-01,5.531584e+00,5.544351e+00,5.563200e+00
2.483780e-01,4.602083e+00,3.163548e-01,5.535517e+00,5.563556e+00,5.576668e+00
2.486322e-01,4.606793e+00,3.167325e-01,5.542126e+00,5.570511e+00,5.577364e+00
2.488865e-01,4.611505e+00,3.173085e-01,5.552205e+00,5.572941e+00,5.577607e+00
2.491407e-01,4.616215e+00,3.176690e-01,5.558513e+00,5.574203e+00,5.577733e+00
2.493947e-01,4.620922e+00,3.178873e-01,5.562333e+00,5.574967e+00,5.577809e+00
2.496487e-01,4.625627e+00,3.180978e-01,5.566015e+00,5.592359e+00,5.607673e+00
2.499027e-01,4.630334e+00,3.184306e-01,5.571839e+00,5.601022e+00,5.608540e+00
2.501568e-01,4.635042e+00,3.189990e-01,5.581785e+00,5.603857e+00,5.608823e+00
2.504108e-01,4.639748e+00,3.193954e-01,5.588721e+00,5.605244e+00,5.608962e+00
2.506647e-01,4.644452e+00,3.196341e-01,5.592897e+00,5.606079e+00,5.609045e+00
2.509185e-01,4.649155e+00,3.198255e-01,5.596246e+00,5.617937e+00,5.638356e+00
2.511723e-01,4.653858e+00,3.201226e-01,5.601445e+00,5.631154e+00,5.639678e+00
2.514262e-01,4.658563e+00,3.206387e-01,5.610476e+00,5.634595e+00,5.640022e+00
2.516802e-01,4.663268e+00,3.211010e-01,5.618565e+00,5.636213e+00,5.640184e+00
2.519339e-01,4.667970e+00,3.213660e-01,5.623201e+00,5.637140e+00,5.640277e+00
2.521876e-01,4.672671e+00,3.215537e-01,5.626486e+00,5.640176e+00,5.668278e+00
2.524413e-01,4.677371e+00,3.218058e-01,5.630898e+00,5.660472e+00,5.670735e+00
2.526951e-01,4.682073e+00,3.222387e-01,5.638473e+00,5.665126e+00,5.671200e+00
2.529489e-01,4.686777e+00,3.227734e-01,5.647829e+00,5.667066e+00,5.671394e+00
2.532026e-01,4.691477e+00,3.230822e-01,5.653232e+00,5.668146e+00,5.671502e+00
2.534562e-01,4.696176e+00,3.232777e-01,5.656653e+00,5.669476e+00,5.690704e+00
2.537098e-01,4.700875e+00,3.234975e-01,5.660499e+00,5.688508e+00,5.701663e+00
2.539635e-01,4.705575e+00,3.238486e-01,5.666642e+00,5.695301e+00,5.702343e+00
2.542173e-01,4.710278e+00,3.244120e-01,5.676500e+00,5.697800e+00,5.702592e+00
2.544709e-01,4.714977e+00,3.247776e-01,5.682898e+00,5.699080e+00,5.702720e+00
2.547245e-01,4.719675e+00,3.250031e-01,5.686843e+00,5.699869e+00,5.702799e+00
2.549780e-01,4.724373e+00,3.251918e-01,5.690146e+00,5.712793e+00,5.732217e+00
2.552316e-01,4.729072e+00,3.254842e-01,5.695262e+00,5.724960e+00,5.733433e+00
2.554854e-01,4.733774e+00,3.259899e-01,5.704111e+00,5.728322e+00,5.733770e+00
2.557390e-01,4.738473e+00,3.264479e-01,5.712124e+00,5.729925e+00,5.733930e+00
2.559926e-01,4.743170e+00,3.267126e-01,5.716755e+00,5.730851e+00,5.734023e+00
2.562461e-01,4.747868e+00,3.268964e-01,5.719973e+00,5.733451e+00,5.761318e+00
2.564997e-01,4.752566e+00,3.271341e-01,5.724131e+00,5.753426e+00,5.764405e+00
2.567534e-01,4.757267e+00,3.275325e-01,5.731102e+00,5.758547e+00,5.764917e+00
2.570070e-01,4.761966e+00,3.280762e-01,5.740615e+00,5.760623e+00,5.765125e+00
2.572605e-01,4.766664e+00,3.284023e-01,5.746323e+00,5.761765e+00,5.765239e+00
2.575140e-01,4.771361e+00,3.286064e-01,5.749893e+00,5.762479e+00,5.765310e+00
2.577676e-01,4.776059e+00,3.288073e-01,5.753408e+00,5.779423e+00,5.795130e+00
2.580213e-01,4.780760e+00,3.291184e-01,5.758852e+00,5.788234e+00,5.796011e+00
2.582749e-01,4.785460e+00,3.296551e-01,5.768243e+00,5.791149e+00,5.796302e+00
2.585285e-01,4.790157e+00,3.300651e-01,5.775418e+00,5.792584e+00,5.796446e+00
2.587820e-01,4.794855e+00,3.303124e-01,5.779744e+00,5.793449e+00,5.796532e+00
2.590356e-01,4.799553e+00,3.304917e-01,5.782883e+00,5.796689e+00,5.824822e+00
2.592893e-01,4.804253e+00,3.307434e-01,5.787285e+00,5.816910e+00,5.827003e+00
2.595428e-01,4.808950e+00,3.311601e-01,5.794577e+00,5.821336e+00,5.827446e+00
2.597961e-01,4.813645e+00,3.316893e-01,5.803837e+00,5.823267e+00,5.827639e+00
2.600495e-01,4.818340e+00,3.319951e-01,5.809189e+00,5.824338e+00,5.827746e+00
2.603029e-01,4.823035e+00,3.321918e-01,5.812630e+00,5.825235e+00,5.828071e+00
2.605564e-01,4.827731e+00,3.323935e-01,5.816159e+00,5.842904e+00,5.857728e+00
2.608096e-01,4.832423e+00,3.327141e-01,5.821769e+00,5.850982e+00,5.858536e+00
2.610628e-01,4.837114e+00,3.332491e-01,5.831130e+00,5.853726e+00,5.858810e+00
2.613159e-01,4.841803e+00,3.336488e-01,5.838124e+00,5.855125e+00,5.858950e+00
2.615690e-01,4.846494e+00,3.338890e-01,5.842326e+00,5.855965e+00,5.859034e+00
2.618223e-01,4.851186e+00,3.340685e-01,5.845468e+00,5.859342e+00,5.887470e+00
2.620753e-01,4.855875e+00,3.343164e-01,5.849806e+00,5.879438e+00,5.889506e+00
2.623282e-01,4.860561e+00,3.347332e-01,5.857099e+00,5.883842e+00,5.889947e+00
2.625811e-01,4.865247e+00,3.352555e-01,5.866238e+00,5.885748e+00,5.890137e+00
2.628341e-01,4.869934e+00,3.355627e-01,5.871614e+00,5.886823e+00,5.890245e+00
2.630871e-01,4.874622e+00,3.357562e-01,5.875000e+00,5.887500e+00,5.890312e+00
2.633400e-01,4.879307e+00,3.359543e-01,5.878465e+00,5.904660e+00,5.920154e+00
2.635927e-01,4.883990e+00,3.362604e-01,5.883822e+00,5.913215e+00,5.921009e+00
2.638454e-01,4.888672e+00,3.367852e-01,5.893005e+00,5.916101e+00,5.921298e+00
2.640981e-01,4.893354e+00,3.371959e-01,5.900191e+00,5.917538e+00,5.921441e+00
2.643509e-01,4.898039e+00,3.374441e-01,5.904534e+00,5.918407e+00,5.921528e+00
2.646036e-01,4.902721e+00,3.376203e-01,5.907616e+00,5.921209e+00,5.949239e+00
2.648562e-01,4.907400e+00,3.378570e-01,5.911758e+00,5.941135e+00,5.951926e+00
2.651087e-01,4.912079e+00,3.382418e-01,5.918491e+00,5.946011e+00,5.952414e+00
2.653612e-01,4.916757e+00,3.387783e-01,5.927879e+00,5.948076e+00,5.952620e+00
2.656138e-01,4.921438e+00,3.391019e-01,5.933542e+00,5.949208e+00,5.952733e+00
2.658664e-01,4.926118e+00,3.393078e-01,5.937144e+00,5.949929e+00,5.952805e+00
2.661188e-01,4.930796e+00,3.394936e-01,5.940396e+00,5.964391e+00,5.982377e+00
2.663712e-01,4.935471e+00,3.397797e-01,5.945401e+00,5.975070e+00,5.983444e+00
2.666236e-01,4.940148e+00,3.402706e-01,5.953991e+00,5.978298e+00,5.983767e+00
2.668761e-01,4.944826e+00,3.407195e-01,5.961846e+00,5.979869e+00,5.983924e+00
2.671286e-01,4.949505e+00,3.409835e-01,5.966466e+00,5.980793e+00,5.984017e+00
2.673809e-01,4.954180e+00,3.411628e-01,5.969604e+00,5.982787e+00,6.009593e+00
2.676332e-01,4.958855e+00,3.413812e-01,5.973424e+00,6.002053e+00,6.014268e+00
2.678855e-01,4.963529e+00,3.417331e-01,5.979582e+00,6.007992e+00,6.014862e+00
2.681379e-01,4.968205e+00,3.422743e-01,5.989052e+00,6.010310e+00,6.015094e+00
2.683904e-01,4.972884e+00,3.426292e-01,5.995262e+00,6.011552e+00,6.015218e+00
2.686427e-01,4.977559e+00,3.428494e-01,5.999115e+00,6.012323e+00,6.015295e+00
2.688949e-01,4.982232e+00,3.430287e-01,6.002251e+00,6.022061e+00,6.044394e+00
2.691472e-01,4.986906e+00,3.432911e-01,6.006844e+00,6.036615e+00,6.045849e+00
2.693995e-01,4.991581e+00,3.437373e-01,6.014651e+00,6.040417e+00,6.046229e+00
2.696520e-01,4.996259e+00,3.442321e-01,6.023309e+00,6.042162e+00,6.046404e+00
2.699043e-01,5.000935e+00,3.445191e-01,6.028330e+00,6.043166e+00,6.046504e+00
2.701565e-01,5.005608e+00,3.447060e-01,6.031602e+00,6.044383e+00,6.063926e+00
2.704087e-01,5.010281e+00,3.449118e-01,6.035202e+00,6.062646e+00,6.076577e+00
2.706610e-01,5.014955e+00,3.452360e-01,6.040874e+00,6.069926e+00,6.077305e+00
2.709134e-01,5.019632e+00,3.457732e-01,6.050275e+00,6.072555e+00,6.077568e+00
2.711658e-01,5.024308e+00,3.461595e-01,6.057034e+00,6.073907e+00,6.077703e+00
2.714180e-01,5.028981e+00,3.463953e-01,6.061160e+00,6.074732e+00,6.077786e+00
2.716702e-01,5.033654e+00,3.465723e-01,6.064257e+00,6.078463e+00,6.106284e+00
2.719224e-01,5.038328e+00,3.468218e-01,6.068623e+00,6.098276e+00,6.108265e+00
2.721748e-01,5.043004e+00,3.472384e-01,6.075913e+00,6.102610e+00,6.108698e+00
2.724272e-01,5.047681e+00,3.477612e-01,6.085061e+00,6.104512e+00,6.108889e+00
2.726795e-01,5.052356e+00,3.480665e-01,6.090403e+00,6.105581e+00,6.108996e+00
2.729317e-01,5.057029e+00,3.482621e-01,6.093825e+00,6.106388e+00,6.109215e+00
2.731840e-01,5.061703e+00,3.484619e-01,6.097321e+00,6.123825e+00,6.138945e+00
2.734364e-01,5.066379e+00,3.487767e-01,6.102829e+00,6.132122e+00,6.139775e+00
2.736889e-01,5.071057e+00,3.493120e-01,6.112195e+00,6.134939e+00,6.140056e+00
2.739412e-01,5.075733e+00,3.497171e-01,6.119284e+00,6.136357e+00,6.140198e+00
2.741935e-01,5.080407e+00,3.499604e-01,6.123542e+00,6.137208e+00,6.140283e+00
2.744458e-01,5.085082e+00,3.501399e-01,6.126682e+00,6.140532e+00,6.168664e+00
2.746982e-01,5.089758e+00,3.503918e-01,6.131089e+00,6.160731e+00,6.170761e+00
2.749507e-01,5.094438e+00,3.508169e-01,6.138529e+00,6.165141e+00,6.171202e+00
2.752032e-01,5.099115e+00,3.513452e-01,6.147773e+00,6.167055e+00,6.171393e+00
2.754555e-01,5.103791e+00,3.516499e-01,6.153104e+00,6.168121e+00,6.171500e+00
2.757079e-01,5.108466e+00,3.518446e-01,6.156511e+00,6.169220e+00,6.184116e+00
2.759603e-01,5.113143e+00,3.520534e-01,6.160164e+00,6.187524e+00,6.201565e+00
2.762128e-01,5.117823e+00,3.523913e-01,6.166077e+00,6.195031e+00,6.202316e+00
2.764654e-01,5.122502e+00,3.529490e-01,6.175836e+00,6.197667e+00,6.202579e+00
2.767178e-01,5.127180e+00,3.533314e-01,6.182526e+00,6.199005e+00,6.202713e+00
2.769702e-01,5.131856e+00,3.535629e-01,6.186577e+00,6.199815e+00,6.202794e+00
2.772226e-01,5.136533e+00,3.537504e-01,6.189859e+00,6.210552e+00,6.231993e+00
2.774752e-01,5.141213e+00,3.540323e-01,6.194790e+00,6.224552e+00,6.233393e+00
2.777279e-01,5.145895e+00,3.545309e-01,6.203515e+00,6.228203e+00,6.233758e+00
2.779804e-01,5.150574e+00,3.550081e-01,6.211866e+00,6.229873e+00,6.233925e+00
2.782329e-01,5.155251e+00,3.552816e-01,6.216650e+00,6.230830e+00,6.234021e+00
2.784853e-01,5.159929e+00,3.554672e-01,6.219899e+00,6.233331e+00,6.261091e+00
2.787379e-01,5.164609e+00,3.557114e-01,6.224172e+00,6.253495e+00,6.264412e+00
2.789907e-01,5.169292e+00,3.561224e-01,6.231363e+00,6.258629e+00,6.264925e+00
2.792433e-01,5.173973e+00,3.566771e-01,6.241069e+00,6.260714e+00,6.265134e+00
2.794959e-01,5.178653e+00,3.569986e-01,6.246695e+00,6.261839e+00,6.265246e+00
2.797484e-01,5.183331e+00,3.572015e-01,6.250245e+00,6.262942e+00,6.276670e+00
2.800010e-01,5.188011e+00,3.574183e-01,6.254039e+00,6.281661e+00,6.295354e+00
2.802537e-01,5.192695e+00,3.577749e-01,6.260279e+00,6.289000e+00,6.296087e+00
2.805065e-01,5.197378e+00,3.583480e-01,6.270307e+00,6.291561e+00,6.296344e+00
2.807591e-01,5.202059e+00,3.587199e-01,6.276813e+00,6.292863e+00,6.296474e+00
2.810117e-01,5.206739e+00,3.589448e-01,6.280749e+00,6.293650e+00,6.296552e+00
2.812643e-01,5.211419e+00,3.591428e-01,6.284214e+00,6.308524e+00,6.326165e+00
2.815170e-01,5.216102e+00,3.594544e-01,6.289666e+00,6.319198e+00,6.327232e+00
2.817699e-01,5.220788e+00,3.600034e-01,6.299273e+00,6.322355e+00,6.327548e+00
2.820226e-01,5.225470e+00,3.604335e-01,6.306799e+00,6.323860e+00,6.327698e+00
2.822752e-01,5.230150e+00,3.606852e-01,6.311202e+00,6.324740e+00,6.327787e+00
2.825278e-01,5.234830e+00,3.608737e-01,6.314500e+00,6.331901e+00,6.356628e+00
2.827805e-01,5.239512e+00,3.611471e-01,6.319284e+00,6.349052e+00,6.358343e+00
2.830334e-01,5.244197e+00,3.616267e-01,6.327677e+00,6.353033e+00,6.358741e+00
2.832861e-01,5.248880e+00,3.621303e-01,6.336489e+00,6.354798e+00,6.358917e+00
2.835387e-01,5.253560e+00,3.624150e-01,6.341469e+00,6.355794e+00,6.359017e+00
2.837912e-01,5.258239e+00,3.626043e-01,6.344782e+00,6.358107e+00,6.385579e+00
2.840438e-01,5.262919e+00,3.628446e-01,6.348987e+00,6.378176e+00,6.389380e+00
2.842965e-01,5.267602e+00,3.632447e-01,6.355987e+00,6.383510e+00,6.389913e+00
2.845492e-01,5.272284e+00,3.638009e-01,6.365720e+00,6.385644e+00,6.390127e+00
2.848018e-01,5.276964e+00,3.641297e-01,6.371473e+00,6.386795e+00,6.390242e+00
2.850542e-01,5.281641e+00,3.643352e-01,6.375069e+00,6.387633e+00,6.390460e+00
2.853067e-01,5.286319e+00,3.645436e-01,6.378715e+00,6.405607e+00,6.420248e+00
2.855592e-01,5.290998e+00,3.648797e-01,6.384596e+00,6.413662e+00,6.421054e+00
2.858119e-01,5.295680e+00,3.654380e-01,6.394365e+00,6.416373e+00,6.421325e+00
2.860644e-01,5.300359e+00,3.658283e-01,6.401196e+00,6.417739e+00,6.421461e+00
2.863168e-01,5.305034e+00,3.660636e-01,6.405313e+00,6.418563e+00,6.421544e+00
2.865691e-01,5.309710e+00,3.662522e-01,6.408612e+00,6.429347e+00,6.450747e+00
2.868215e-01,5.314386e+00,3.665329e-01,6.413524e+00,6.443287e+00,6.452141e+00
2.870741e-01,5.319065e+00,3.670256e-01,6.422145e+00,6.446929e+00,6.452505e+00
2.873265e-01,5.323743e+00,3.675029e-01,6.430498e+00,6.448600e+00,6.452672e+00
2.875788e-01,5.328417e+00,3.677778e-01,6.435306e+00,6.449561e+00,6.452769e+00
2.878310e-01,5.333090e+00,3.679631e-01,6.438549e+00,6.451889e+00,6.479409e+00
2.880832e-01,5.337764e+00,3.682007e-01,6.442706e+00,6.471872e+00,6.483125e+00
2.883356e-01,5.342440e+00,3.685891e-01,6.449503e+00,6.477182e+00,6.483656e+00
2.885880e-01,5.347117e+00,3.691406e-01,6.459154e+00,6.479331e+00,6.483871e+00
2.888402e-01,5.351790e+00,3.694713e-01,6.464940e+00,6.480488e+00,6.483986e+00
2.890923e-01,5.356460e+00,3.696790e-01,6.468574e+00,6.481215e+00,6.484059e+00
2.893444e-01,5.361131e+00,3.698752e-01,6.472007e+00,6.497508e+00,6.513813e+00
2.895965e-01,5.365804e+00,3.701857e-01,6.477441e+00,6.506882e+00,6.514751e+00
2.898489e-01,5.370479e+00,3.707149e-01,6.486701e+00,6.509840e+00,6.515047e+00
2.901010e-01,5.375151e+00,3.711337e-01,6.494028e+00,6.511306e+00,6.515193e+00
2.903530e-01,5.379819e+00,3.713827e-01,6.498385e+00,6.512177e+00,6.515280e+00
2.906049e-01,5.384487e+00,3.715631e-01,6.501542e+00,6.515275e+00,6.543396e+00
2.908569e-01,5.389156e+00,3.718079e-01,6.505826e+00,6.535369e+00,6.545724e+00
2.911090e-01,5.393827e+00,3.722181e-01,6.513003e+00,6.539995e+00,6.546187e+00
2.913610e-01,5.398497e+00,3.727490e-01,6.522292e+00,6.541958e+00,6.546383e+00
2.916129e-01,5.403163e+00,3.730617e-01,6.527764e+00,6.543053e+00,6.546493e+00
2.918646e-01,5.407828e+00,3.732604e-01,6.531241e+00,6.543748e+00,6.546562e+00
2.921164e-01,5.412492e+00,3.734600e-01,6.534732e+00,6.560979e+00,6.576410e+00
2.923683e-01,5.417159e+00,3.737685e-01,6.540131e+00,6.569502e+00,6.577263e+00
2.926202e-01,5.421828e+00,3.742966e-01,6.549372e+00,6.572374e+00,6.577550e+00
2.928719e-01,5.426492e+00,3.747053e-01,6.556522e+00,6.573804e+00,6.577693e+00
2.931235e-01,5.431154e+00,3.749519e-01,6.560839e+00,6.574668e+00,6.577779e+00
2.933751e-01,5.435815e+00,3.751284e-01,6.563926e+00,6.577567e+00,6.605638e+00
2.936268e-01,5.440478e+00,3.753677e-01,6.568113e+00,6.597551e+00,6.608193e+00
2.938787e-01,5.445145e+00,3.757573e-01,6.574932e+00,6.602322e+00,6.608670e+00
2.941303e-01,5.449808e+00,3.762916e-01,6.584280e+00,6.604356e+00,6.608873e+00
2.943818e-01,5.454468e+00,3.766114e-01,6.589876e+00,6.605475e+00,6.608985e+00
2.946333e-01,5.459127e+00,3.768153e-01,6.593444e+00,6.606189e+00,6.609056e+00
2.948848e-01,5.463787e+00,3.770017e-01,6.596706e+00,6.620980e+00,6.638661e+00
2.951364e-01,5.468450e+00,3.772898e-01,6.601746e+00,6.631393e+00,6.639702e+00
2.953881e-01,5.473112e+00,3.777819e-01,6.610357e+00,6.634571e+00,6.640020e+00
2.956395e-01,5.477770e+00,3.782263e-01,6.618133e+00,6.636127e+00,6.640175e+00
2.958908e-01,5.482427e+00,3.784884e-01,6.622719e+00,6.637044e+00,6.640267e+00
2.961422e-01,5.487085e+00,3.786675e-01,6.625852e+00,6.639034e+00,6.665833e+00
2.963937e-01,5.491745e+00,3.788841e-01,6.629643e+00,6.658233e+00,6.670511e+00
2.966453e-01,5.496407e+00,3.792326e-01,6.635741e+00,6.664204e+00,6.671108e+00
2.968967e-01,5.501064e+00,3.797696e-01,6.645137e+00,6.666527e+00,6.671340e+00
2.971479e-01,5.505720e+00,3.801259e-01,6.651372e+00,6.667774e+00,6.671465e+00
2.973992e-01,5.510375e+00,3.803472e-01,6.655244e+00,6.668549e+00,6.671542e+00
2.976506e-01,5.515033e+00,3.805240e-01,6.658337e+00,6.676606e+00,6.700473e+00
2.979022e-01,5.519694e+00,3.807774e-01,6.662772e+00,6.692514e+00,6.702064e+00
2.981535e-01,5.524352e+00,3.812024e-01,6.670209e+00,6.696502e+00,6.702463e+00
2.984047e-01,5.529006e+00,3.817058e-01,6.679016e+00,6.698303e+00,6.702643e+00
2.986559e-01,5.533661e+00,3.820014e-01,6.684189e+00,6.699338e+00,6.702746e+00
2.989072e-01,5.538316e+00,3.821924e-01,6.687532e+00,6.700057e+00,6.702876e+00
2.991586e-01,5.542975e+00,3.823864e-01,6.690926e+00,6.716998e+00,6.732637e+00
2.994100e-01,5.547633e+00,3.826833e-01,6.696121e+00,6.725586e+00,6.733496e+00
2.996612e-01,5.552287e+00,3.831911e-01,6.705006e+00,6.728501e+00,6.733788e+00
2.999124e-01,5.556941e+00,3.836076e-01,6.712294e+00,6.729959e+00,6.733933e+00
3.001636e-01,5.561595e+00,3.838594e-01,6.716700e+00,6.730840e+00,6.734021e+00
3.004149e-01,5.566252e+00,3.840335e-01,6.719747e+00,6.733044e+00,6.760413e+00
3.006664e-01,5.570911e+00,3.842535e-01,6.723595e+00,6.752422e+00,6.764305e+00
3.009176e-01,5.575566e+00,3.846016e-01,6.729686e+00,6.758035e+00,6.764866e+00
3.011687e-01,5.580220e+00,3.851355e-01,6.739030e+00,6.760306e+00,6.765093e+00
3.014199e-01,5.584873e+00,3.854847e-01,6.745139e+00,6.761528e+00,6.765215e+00
3.016712e-01,5.589529e+00,3.857042e-01,6.748980e+00,6.762296e+00,6.765292e+00
3.019227e-01,5.594190e+00,3.858776e-01,6.752013e+00,6.769496e+00,6.794137e+00
3.021740e-01,5.598846e+00,3.861274e-01,6.756385e+00,6.786103e+00,6.795798e+00
3.024252e-01,5.603500e+00,3.865380e-01,6.763570e+00,6.790152e+00,6.796203e+00
3.026764e-01,5.608154e+00,3.870466e-01,6.772469e+00,6.791994e+00,6.796387e+00
3.029276e-01,5.612809e+00,3.873461e-01,6.777710e+00,6.793042e+00,6.796492e+00
3.031791e-01,5.617469e+00,3.875405e-01,6.781111e+00,6.793722e+00,6.796560e+00
3.034305e-01,5.622127e+00,3.877263e-01,6.784362e+00,6.809312e+00,6.826244e+00
3.036818e-01,5.626782e+00,3.880129e-01,6.789377e+00,6.818992e+00,6.827212e+00
3.039330e-01,5.631437e+00,3.884988e-01,6.797880e+00,6.822076e+00,6.827520e+00
3.041842e-01,5.636092e+00,3.889365e-01,6.805538e+00,6.823608e+00,6.827673e+00
3.044357e-01,5.640751e+00,3.891972e-01,6.810099e+00,6.824520e+00,6.827764e+00
3.046873e-01,5.645413e+00,3.893741e-01,6.813195e+00,6.826251e+00,6.852035e+00
3.049387e-01,5.650072e+00,3.895819e-01,6.816831e+00,6.844976e+00,6.857935e+00
3.051900e-01,5.654728e+00,3.899104e-01,6.822579e+00,6.851406e+00,6.858578e+00
3.054414e-01,5.659385e+00,3.904364e-01,6.831784e+00,6.853857e+00,6.858823e+00
3.056929e-01,5.664045e+00,3.908086e-01,6.838296e+00,6.855159e+00,6.858953e+00
3.059446e-01,5.668710e+00,3.910386e-01,6.842321e+00,6.855964e+00,6.859034e+00
3.061963e-01,5.673373e+00,3.912104e-01,6.845326e+00,6.859087e+00,6.887214e+00
3.064478e-01,5.678033e+00,3.914433e-01,6.849401e+00,6.878859e+00,6.889448e+00
3.066994e-01,5.682694e+00,3.918227e-01,6.856040e+00,6.883527e+00,6.889915e+00
3.069510e-01,5.687356e+00,3.923453e-01,6.865184e+00,6.885537e+00,6.890116e+00
3.072028e-01,5.692023e+00,3.926673e-01,6.870818e+00,6.886664e+00,6.890229e+00
3.074548e-01,5.696691e+00,3.928725e-01,6.874409e+00,6.887382e+00,6.890301e+00
3.077066e-01,5.701357e+00,3.930500e-01,6.877515e+00,6.899336e+00,6.919621e+00
3.079584e-01,5.706022e+00,3.933119e-01,6.882098e+00,6.911871e+00,6.920875e+00
3.082103e-01,5.710689e+00,3.937532e-01,6.889819e+00,6.915455e+00,6.921233e+00
3.084623e-01,5.715358e+00,3.942336e-01,6.898226e+00,6.917145e+00,6.921402e+00
3.087146e-01,5.720034e+00,3.945163e-01,6.903173e+00,6.918135e+00,6.921501e+00
3.089668e-01,5.724707e+00,3.947012e-01,6.906408e+00,6.919035e+00,6.921974e+00
3.092189e-01,5.729377e+00,3.948950e-01,6.909798e+00,6.936238e+00,6.951436e+00
3.094710e-01,5.734049e+00,3.951921e-01,6.914998e+00,6.944418e+00,6.952254e+00
3.097233e-01,5.738723e+00,3.956971e-01,6.923834e+00,6.947267e+00,6.952539e+00
3.099758e-01,5.743402e+00,3.961095e-01,6.931050e+00,6.948710e+00,6.952683e+00
3.102284e-01,5.748082e+00,3.963598e-01,6.935430e+00,6.949586e+00,6.952771e+00
3.104809e-01,5.752760e+00,3.965328e-01,6.938457e+00,6.951722e+00,6.978960e+00
3.107333e-01,5.757437e+00,3.967491e-01,6.942242e+00,6.970953e+00,6.983033e+00
3.109858e-01,5.762116e+00,3.970916e-01,6.948235e+00,6.976701e+00,6.983608e+00
3.112386e-01,5.766799e+00,3.976234e-01,6.957540e+00,6.979008e+00,6.983838e+00
3.114917e-01,5.771488e+00,3.979781e-01,6.963746e+00,6.980249e+00,6.983962e+00
3.117445e-01,5.776173e+00,3.981999e-01,6.967627e+00,6.981025e+00,6.984040e+00
3.119973e-01,5.780857e+00,3.983724e-01,6.970645e+00,6.986739e+00,7.012736e+00
3.122502e-01,5.785543e+00,3.986179e-01,6.974942e+00,7.004614e+00,7.014524e+00
3.125032e-01,5.790231e+00,3.990223e-01,6.982017e+00,7.008820e+00,7.014944e+00
3.127566e-01,5.794925e+00,3.995370e-01,6.991023e+00,7.010705e+00,7.015133e+00
3.130098e-01,5.799618e+00,3.998422e-01,6.996364e+00,7.011773e+00,7.015240e+00
3.132630e-01,5.804309e+00,4.000388e-01,6.999804e+00,7.012461e+00,7.015309e+00
3.135162e-01,5.809000e+00,4.002250e-01,7.003061e+00,7.027800e+00,7.044967e+00
3.137695e-01,5.813694e+00,4.005107e-01,7.008061e+00,7.037693e+00,7.045957e+00
3.140231e-01,5.818392e+00,4.010017e-01,7.016652e+00,7.040830e+00,7.046271e+00
3.142768e-01,5.823093e+00,4.014424e-01,7.024364e+00,7.042373e+00,7.046425e+00
3.145303e-01,5.827791e+00,4.017043e-01,7.028946e+00,7.043289e+00,7.046516e+00
3.147839e-01,5.832488e+00,4.018820e-01,7.032056e+00,7.045206e+00,7.071776e+00
3.150374e-01,5.837186e+00,4.020973e-01,7.035823e+00,7.064323e+00,7.076745e+00
3.152912e-01,5.841888e+00,4.024412e-01,7.041841e+00,7.070390e+00,7.077351e+00
3.155453e-01,5.846596e+00,4.029816e-01,7.051297e+00,7.072759e+00,7.077588e+00
3.157992e-01,5.851300e+00,4.033420e-01,7.057602e+00,7.074020e+00,7.077715e+00
3.160530e-01,5.856003e+00,4.035649e-01,7.061502e+00,7.074800e+00,7.077793e+00
3.163068e-01,5.860706e+00,4.037420e-01,7.064602e+00,7.083048e+00,7.106742e+00
3.165608e-01,5.865411e+00,4.040001e-01,7.069118e+00,7.098872e+00,7.108325e+00
3.168150e-01,5.870122e+00,4.044360e-01,7.076746e+00,7.102822e+00,7.108720e+00
3.170693e-01,5.874833e+00,4.049415e-01,7.085591e+00,7.104618e+00,7.108899e+00
3.173234e-01,5.879542e+00,4.052337e-01,7.090704e+00,7.105641e+00,7.109002e+00
3.175775e-01,5.884250e+00,4.054229e-01,7.094014e+00,7.106725e+00,7.121814e+00
3.178317e-01,5.888959e+00,4.056257e-01,7.097563e+00,7.124695e+00,7.139032e+00
3.180860e-01,5.893672e+00,4.059482e-01,7.103206e+00,7.132336e+00,7.139796e+00
3.183407e-01,5.898391e+00,4.064867e-01,7.112628e+00,7.135026e+00,7.140065e+00
3.185952e-01,5.903107e+00,4.068791e-01,7.119494e+00,7.136399e+00,7.140202e+00
3.188496e-01,5.907820e+00,4.071166e-01,7.123651e+00,7.137230e+00,7.140286e+00
3.191041e-01,5.912535e+00,4.072945e-01,7.126764e+00,7.141065e+00,7.168794e+00
3.193586e-01,5.917252e+00,4.075447e-01,7.131140e+00,7.160798e+00,7.170767e+00
3.196135e-01,5.921975e+00,4.079691e-01,7.138567e+00,7.165151e+00,7.171203e+00
3.198684e-01,5.926698e+00,4.084945e-01,7.147760e+00,7.167052e+00,7.171393e+00
3.201232e-01,5.931418e+00,4.087975e-01,7.153062e+00,7.168112e+00,7.171499e+00
3.203780e-01,5.936139e+00,4.089913e-01,7.156452e+00,7.169131e+00,7.179855e+00
3.206329e-01,5.940862e+00,4.091976e-01,7.160063e+00,7.187195e+00,7.201532e+00
3.208880e-01,5.945589e+00,4.095261e-01,7.165811e+00,7.194893e+00,7.202302e+00
3.211434e-01,5.950321e+00,4.100761e-01,7.175434e+00,7.197587e+00,7.202571e+00
3.213987e-01,5.955050e+00,4.104658e-01,7.182253e+00,7.198951e+00,7.202708e+00
3.216538e-01,5.959778e+00,4.107009e-01,7.186368e+00,7.199774e+00,7.202790e+00
3.219091e-01,5.964508e+00,4.108827e-01,7.189548e+00,7.207466e+00,7.231684e+00
3.221645e-01,5.969241e+00,4.111506e-01,7.194235e+00,7.224001e+00,7.233338e+00
3.224203e-01,5.973980e+00,4.116118e-01,7.202306e+00,7.227952e+00,7.233733e+00
3.226760e-01,5.978717e+00,4.121168e-01,7.211143e+00,7.229729e+00,7.233910e+00
3.229316e-01,5.983453e+00,4.124038e-01,7.216165e+00,7.230733e+00,7.234011e+00
3.231872e-01,5.988189e+00,4.125926e-01,7.219468e+00,7.232543e+00,7.258513e+00
3.234429e-01,5.992928e+00,4.128179e-01,7.223411e+00,7.252024e+00,7.264265e+00
3.236989e-01,5.997671e+00,4.131900e-01,7.229922e+00,7.258129e+00,7.264875e+00
3.239551e-01,6.002418e+00,4.137531e-01,7.239775e+00,7.260455e+00,7.265108e+00
3.242111e-01,6.007161e+00,4.141020e-01,7.245880e+00,7.261676e+00,7.265230e+00
3.244671e-01,6.011904e+00,4.143171e-01,7.249643e+00,7.262429e+00,7.265305e+00
3.247232e-01,6.016648e+00,4.145135e-01,7.253079e+00,7.277891e+00,7.294977e+00
3.249794e-01,6.021397e+00,4.148216e-01,7.258471e+00,7.287986e+00,7.295986e+00
3.252360e-01,6.026151e+00,4.153620e-01,7.267926e+00,7.291085e+00,7.296296e+00
3.254925e-01,6.030903e+00,4.157896e-01,7.275408e+00,7.292582e+00,7.296446e+00
3.257488e-01,6.035652e+00,4.160408e-01,7.279804e+00,7.293461e+00,7.296534e+00
3.260051e-01,6.040402e+00,4.162251e-01,7.283029e+00,7.297650e+00,7.325077e+00
3.262616e-01,6.045154e+00,4.164883e-01,7.287635e+00,7.317352e+00,7.327048e+00
3.265184e-01,6.049912e+00,4.169416e-01,7.295566e+00,7.321589e+00,7.327471e+00
3.267752e-01,6.054671e+00,4.174632e-01,7.304694e+00,7.323439e+00,7.327656e+00
3.270319e-01,6.059427e+00,4.177580e-01,7.309852e+00,7.324470e+00,7.327760e+00
3.272886e-01,6.064182e+00,4.179492e-01,7.313198e+00,7.326256e+00,7.352062e+00
3.275453e-01,6.068939e+00,4.181762e-01,7.317169e+00,7.345791e+00,7.358017e+00
3.278022e-01,6.073700e+00,4.185513e-01,7.323731e+00,7.351903e+00,7.358628e+00
3.280595e-01,6.078465e+00,4.191165e-01,7.333622e+00,7.354224e+00,7.358860e+00
3.283165e-01,6.083227e+00,4.194651e-01,7.339722e+00,7.355444e+00,7.358982e+00
3.285734e-01,6.087988e+00,4.196799e-01,7.343480e+00,7.356196e+00,7.359057e+00
3.288303e-01,6.092749e+00,4.198772e-01,7.346933e+00,7.372158e+00,7.388778e+00
3.290875e-01,6.097513e+00,4.201877e-01,7.352366e+00,7.381833e+00,7.389746e+00
3.293449e-01,6.102283e+00,4.207221e-01,7.361717e+00,7.384843e+00,7.390047e+00
3.296022e-01,6.107051e+00,4.211438e-01,7.369095e+00,7.386319e+00,7.390194e+00
3.298594e-01,6.111817e+00,4.213940e-01,7.373474e+00,7.387195e+00,7.390282e+00
3.301166e-01,6.116582e+00,4.215768e-01,7.376671e+00,7.390512e+00,7.418644e+00
3.303740e-01,6.121350e+00,4.218276e-01,7.381061e+00,7.410694e+00,7.420757e+00
3.306316e-01,6.126123e+00,4.222527e-01,7.388498e+00,7.415133e+00,7.421201e+00
3.308892e-01,6.130896e+00,4.227769e-01,7.397672e+00,7.417034e+00,7.421391e+00
3.311467e-01,6.135667e+00,4.230820e-01,7.403010e+00,7.418102e+00,7.421498e+00
3.314041e-01,6.140437e+00,4.232768e-01,7.406418e+00,7.419053e+00,7.423808e+00
3.316616e-01,6.145208e+00,4.234818e-01,7.410006e+00,7.436999e+00,7.451512e+00
3.319193e-01,6.149983e+00,4.238000e-01,7.415572e+00,7.444762e+00,7.452289e+00
3.321773e-01,6.154763e+00,4.243362e-01,7.424956e+00,7.447491e+00,7.452562e+00
3.324351e-01,6.159539e+00,4.247297e-01,7.431841e+00,7.448868e+00,7.452699e+00
3.326927e-01,6.164313e+00,4.249696e-01,7.436038e+00,7.449708e+00,7.452783e+00
3.329504e-01,6.169088e+00,4.251452e-01,7.439111e+00,7.452900e+00,7.481031e+00
3.332083e-01,6.173865e+00,4.253919e-01,7.443429e+00,7.473014e+00,7.483239e+00
3.334664e-01,6.178649e+00,4.257915e-01,7.450420e+00,7.477471e+00,7.483685e+00
3.337245e-01,6.183430e+00,4.263173e-01,7.459621e+00,7.479424e+00,7.483880e+00
3.339824e-01,6.188209e+00,4.266276e-01,7.465049e+00,7.480510e+00,7.483988e+00
3.342403e-01,6.192988e+00,4.268272e-01,7.468543e+00,7.481209e+00,7.484058e+00
3.344984e-01,6.197769e+00,4.270135e-01,7.471803e+00,7.496504e+00,7.513713e+00
3.347567e-01,6.202556e+00,4.273031e-01,7.476869e+00,7.506486e+00,7.514711e+00
3.350151e-01,6.207343e+00,4.277925e-01,7.485433e+00,7.509587e+00,7.515021e+00
3.352733e-01,6.212128e+00,4.282316e-01,7.493117e+00,7.511123e+00,7.515175e+00
3.355315e-01,6.216912e+00,4.284914e-01,7.497662e+00,7.512032e+00,7.515266e+00
3.357898e-01,6.221698e+00,4.286687e-01,7.500765e+00,7.513877e+00,7.540180e+00
3.360484e-01,6.226488e+00,4.288788e-01,7.504441e+00,7.532755e+00,7.545463e+00
3.363072e-01,6.231283e+00,4.292140e-01,7.510306e+00,7.539012e+00,7.546089e+00
3.365658e-01,6.236075e+00,4.297409e-01,7.519527e+00,7.541405e+00,7.546328e+00
3.368243e-01,6.240865e+00,4.301075e-01,7.525941e+00,7.542688e+00,7.546456e+00
3.370828e-01,6.245656e+00,4.303340e-01,7.529904e+00,7.543481e+00,7.546536e+00
3.373416e-01,6.250450e+00,4.305060e-01,7.532913e+00,7.546744e+00,7.574877e+00
3.376007e-01,6.255251e+00,4.307404e-01,7.537015e+00,7.566531e+00,7.576966e+00
3.378597e-01,6.260050e+00,4.311242e-01,7.543730e+00,7.571087e+00,7.577421e+00
3.381186e-01,6.264847e+00,4.316420e-01,7.552792e+00,7.573058e+00,7.577618e+00
3.383775e-01,6.269644e+00,4.319605e-01,7.558364e+00,7.574173e+00,7.577730e+00
3.386366e-01,6.274444e+00,4.321636e-01,7.561918e+00,7.574884e+00,7.577801e+00
3.388959e-01,6.279250e+00,4.323407e-01,7.565016e+00,7.586844e+00,7.607122e+00
3.391554e-01,6.284057e+00,4.325996e-01,7.569548e+00,7.599322e+00,7.608370e+00
3.394147e-01,6.288862e+00,4.330348e-01,7.577161e+00,7.602920e+00,7.608729e+00
3.396740e-01,6.293667e+00,4.335142e-01,7.585550e+00,7.604610e+00,7.608898e+00
3.399334e-01,6.298473e+00,4.337983e-01,7.590522e+00,7.605604e+00,7.608998e+00
3.401931e-01,6.303284e+00,4.339840e-01,7.593770e+00,7.606286e+00,7.609102e+00
3.404531e-01,6.308102e+00,4.341740e-01,7.597095e+00,7.622904e+00,7.638853e+00
3.407130e-01,6.312917e+00,4.344580e-01,7.602065e+00,7.631627e+00,7.639725e+00
3.409727e-01,6.317730e+00,4.349426e-01,7.610544e+00,7.634609e+00,7.640023e+00
3.412326e-01,6.322544e+00,4.353679e-01,7.617986e+00,7.636097e+00,7.640172e+00
3.414926e-01,6.327362e+00,4.356260e-01,7.622503e+00,7.637001e+00,7.640263e+00
3.417530e-01,6.332186e+00,4.357997e-01,7.625542e+00,7.638476e+00,7.662559e+00
3.420134e-01,6.337013e+00,4.360011e-01,7.629066e+00,7.656740e+00,7.670361e+00
3.422738e-01,6.341836e+00,4.363080e-01,7.634436e+00,7.663575e+00,7.671045e+00
3.425342e-01,6.346660e+00,4.368172e-01,7.643346e+00,7.666169e+00,7.671304e+00
3.427947e-01,6.351487e+00,4.372035e-01,7.650106e+00,7.667521e+00,7.671440e+00
3.430554e-01,6.356319e+00,4.374432e-01,7.654299e+00,7.668360e+00,7.671523e+00
3.433166e-01,6.361159e+00,4.376112e-01,7.657239e+00,7.670530e+00,7.697876e+00
3.435777e-01,6.365995e+00,4.378230e-01,7.660946e+00,7.689601e+00,7.701773e+00
3.438387e-01,6.370831e+00,4.381507e-01,7.666680e+00,7.695318e+00,7.702344e+00
3.440997e-01,6.375669e+00,4.386686e-01,7.675741e+00,7.697648e+00,7.702577e+00
3.443611e-01,6.380510e+00,4.390268e-01,7.682009e+00,7.698902e+00,7.702703e+00
3.446227e-01,6.385358e+00,4.392528e-01,7.685964e+00,7.699693e+00,7.702782e+00
3.448846e-01,6.390210e+00,4.394183e-01,7.688859e+00,7.702447e+00,7.730470e+00
3.451463e-01,6.395060e+00,4.396390e-01,7.692721e+00,7.721898e+00,7.733127e+00
3.454081e-01,6.399910e+00,4.399842e-01,7.698760e+00,7.726914e+00,7.733629e+00
3.456700e-01,6.404763e+00,4.405015e-01,7.707813e+00,7.729063e+00,7.733844e+00
3.459322e-01,6.409622e+00,4.408397e-01,7.713731e+00,7.730246e+00,7.733962e+00
3.461949e-01,6.414488e+00,4.410559e-01,7.717513e+00,7.731003e+00,7.734038e+00
3.464575e-01,6.419354e+00,4.412207e-01,7.720396e+00,7.734214e+00,7.762347e+00
3.467200e-01,6.424219e+00,4.414482e-01,7.724379e+00,7.753825e+00,7.764445e+00
3.469827e-01,6.429085e+00,4.418075e-01,7.730666e+00,7.758402e+00,7.764903e+00
3.472456e-01,6.433956e+00,4.423208e-01,7.739647e+00,7.760429e+00,7.765105e+00
3.475088e-01,6.438833e+00,4.426453e-01,7.745325e+00,7.761565e+00,7.765219e+00
3.477724e-01,6.443717e+00,4.428544e-01,7.748984e+00,7.762297e+00,7.765292e+00
3.480359e-01,6.448599e+00,4.430196e-01,7.751873e+00,7.767687e+00,7.793956e+00
3.482994e-01,6.453482e+00,4.432529e-01,7.755956e+00,7.785551e+00,7.795743e+00
3.485630e-01,6.458367e+00,4.436238e-01,7.762446e+00,7.789827e+00,7.796170e+00
3.488269e-01,6.463256e+00,4.441316e-01,7.771332e+00,7.791766e+00,7.796364e+00
3.490912e-01,6.468154e+00,4.444460e-01,7.776833e+00,7.792867e+00,7.796474e+00
3.493558e-01,6.473055e+00,4.446503e-01,7.780408e+00,7.793600e+00,7.796568e+00
3.496202e-01,6.477955e+00,4.448162e-01,7.783310e+00,7.801295e+00,7.825442e+00
3.498847e-01,6.482856e+00,4.450541e-01,7.787473e+00,7.817153e+00,7.827028e+00
3.501494e-01,6.487761e+00,4.454344e-01,7.794128e+00,7.821208e+00,7.827433e+00
3.504145e-01,6.492671e+00,4.459363e-01,7.802910e+00,7.823082e+00,7.827621e+00
3.506800e-01,6.497591e+00,4.462430e-01,7.808277e+00,7.824155e+00,7.827728e+00
3.509455e-01,6.502510e+00,4.464433e-01,7.811781e+00,7.824874e+00,7.827820e+00
3.512110e-01,6.507430e+00,4.466098e-01,7.814694e+00,7.833996e+00,7.856837e+00
3.514766e-01,6.512351e+00,4.468509e-01,7.818913e+00,7.848636e+00,7.858301e+00
3.517425e-01,6.517277e+00,4.472379e-01,7.825685e+00,7.852547e+00,7.858692e+00
3.520087e-01,6.522210e+00,4.477349e-01,7.834381e+00,7.854376e+00,7.858875e+00
3.522753e-01,6.527151e+00,4.480364e-01,7.839657e+00,7.855431e+00,7.858981e+00
3.525419e-01,6.532090e+00,4.482332e-01,7.843101e+00,7.856120e+00,7.859050e+00
3.528085e-01,6.537029e+00,4.484003e-01,7.846024e+00,7.866032e+00,7.888166e+00
3.530752e-01,6.541971e+00,4.486432e-01,7.850275e+00,7.880017e+00,7.889564e+00
3.533423e-01,6.546919e+00,4.490348e-01,7.857126e+00,7.883850e+00,7.889947e+00
3.536097e-01,6.551874e+00,4.495288e-01,7.865770e+00,7.885654e+00,7.890128e+00
3.538774e-01,6.556834e+00,4.498272e-01,7.870993e+00,7.886699e+00,7.890232e+00
3.541450e-01,6.561793e+00,4.500224e-01,7.874409e+00,7.887382e+00,7.890301e+00
3.544127e-01,6.566753e+00,4.501903e-01,7.877345e+00,7.897929e+00,7.919480e+00
3.546806e-01,6.571716e+00,4.504354e-01,7.881634e+00,7.911389e+00,7.920826e+00
3.549488e-01,6.576686e+00,4.508318e-01,7.888571e+00,7.915152e+00,7.921203e+00
3.552174e-01,6.581663e+00,4.513230e-01,7.897166e+00,7.916933e+00,7.921381e+00
3.554862e-01,6.586643e+00,4.516185e-01,7.902337e+00,7.917967e+00,7.921484e+00
3.557549e-01,6.591621e+00,4.518121e-01,7.905724e+00,7.918645e+00,7.921552e+00
3.560237e-01,6.596602e+00,4.519810e-01,7.908680e+00,7.929904e+00,7.950803e+00
3.562927e-01,6.601586e+00,4.522290e-01,7.913018e+00,7.942785e+00,7.952091e+00
3.565621e-01,6.606577e+00,4.526319e-01,7.920068e+00,7.946466e+00,7.952459e+00
3.568319e-01,6.611577e+00,4.531194e-01,7.928599e+00,7.948220e+00,7.952634e+00
3.571017e-01,6.616577e+00,4.534114e-01,7.933708e+00,7.949242e+00,7.952737e+00
3.573715e-01,6.621576e+00,4.536030e-01,7.937061e+00,7.949912e+00,7.952804e+00
3.576415e-01,6.626578e+00,4.537738e-01,7.940049e+00,7.962091e+00,7.982147e+00
3.579117e-01,6.631584e+00,4.540261e-01,7.944463e+00,7.974237e+00,7.983361e+00
3.581823e-01,6.636598e+00,4.544393e-01,7.951693e+00,7.977810e+00,7.983718e+00
3.584533e-01,6.641620e+00,4.549211e-01,7.960124e+00,7.979525e+00,7.983890e+00
3.587243e-01,6.646640e+00,4.552082e-01,7.965147e+00,7.980529e+00,7.983990e+00
3.589953e-01,6.651661e+00,4.553971e-01,7.968454e+00,7.981191e+00,7.984057e+00
3.592664e-01,6.656685e+00,4.555713e-01,7.971501e+00,7.994753e+00,8.013538e+00
3.595379e-01,6.661715e+00,4.558312e-01,7.976049e+00,8.005811e+00,8.014644e+00
3.598098e-01,6.666753e+00,4.562618e-01,7.983584e+00,8.009208e+00,8.014983e+00
3.600819e-01,6.671796e+00,4.567317e-01,7.991806e+00,8.010861e+00,8.015149e+00
3.603541e-01,6.676838e+00,4.570109e-01,7.996691e+00,8.011838e+00,8.015246e+00
3.606263e-01,6.681881e+00,4.571952e-01,7.999917e+00,8.012483e+00,8.015311e+00
3.608987e-01,6.686928e+00,4.573751e-01,8.003064e+00,8.027814e+00,8.044969e+00
3.611714e-01,6.691981e+00,4.576468e-01,8.007818e+00,8.037504e+00,8.045938e+00
3.614446e-01,6.697043e+00,4.581044e-01,8.015824e+00,8.040665e+00,8.046254e+00
3.617179e-01,6.702107e+00,4.585522e-01,8.023661e+00,8.042232e+00,8.046411e+00
3.619912e-01,6.707170e+00,4.588203e-01,8.028351e+00,8.043170e+00,8.046505e+00
3.622646e-01,6.712236e+00,4.589988e-01,8.031476e+00,8.044159e+00,8.056343e+00
3.625382e-01,6.717306e+00,4.591881e-01,8.034787e+00,8.061195e+00,8.076432e+00
3.628122e-01,6.722383e+00,4.594778e-01,8.039856e+00,8.069327e+00,8.077245e+00
3.630867e-01,6.727469e+00,4.599677e-01,8.048428e+00,8.072186e+00,8.077531e+00
3.633610e-01,6.732553e+00,4.603838e-01,8.055709e+00,8.073642e+00,8.077677e+00
3.636354e-01,6.737637e+00,4.606369e-01,8.060138e+00,8.074528e+00,8.077765e+00
3.639100e-01,6.742724e+00,4.608096e-01,8.063161e+00,8.076190e+00,8.101679e+00
3.641848e-01,6.747816e+00,4.610124e-01,8.066708e+00,8.094647e+00,8.107902e+00
3.644600e-01,6.752915e+00,4.613285e-01,8.072240e+00,8.101237e+00,8.108561e+00
3.647355e-01,6.758019e+00,4.618455e-01,8.081285e+00,8.103757e+00,8.108813e+00
3.650109e-01,6.763122e+00,4.622248e-01,8.087924e+00,8.105085e+00,8.108946e+00
3.652863e-01,6.768225e+00,4.624602e-01,8.092043e+00,8.105909e+00,8.109028e+00
3.655619e-01,6.773332e+00,4.626298e-01,8.095010e+00,8.108526e+00,8.136451e+00
3.658379e-01,6.778445e+00,4.628517e-01,8.098892e+00,8.128005e+00,8.139363e+00
3.661142e-01,6.783565e+00,4.632066e-01,8.105103e+00,8.133199e+00,8.139882e+00
3.663905e-01,6.788684e+00,4.637346e-01,8.114340e+00,8.135368e+00,8.140099e+00
3.666668e-01,6.793803e+00,4.640739e-01,8.120278e+00,8.136556e+00,8.140218e+00
3.669431e-01,6.798923e+00,4.642892e-01,8.124046e+00,8.137309e+00,8.140293e+00
3.672197e-01,6.804047e+00,4.644620e-01,8.127069e+00,8.145180e+00,8.169205e+00
3.674966e-01,6.809178e+00,4.647112e-01,8.131429e+00,8.161155e+00,8.170803e+00
3.677737e-01,6.814312e+00,4.651234e-01,8.138641e+00,8.165171e+00,8.171205e+00
3.680506e-01,6.819443e+00,4.656320e-01,8.147541e+00,8.167008e+00,8.171388e+00
3.683276e-01,6.824575e+00,4.659313e-01,8.152779e+00,8.168056e+00,8.171493e+00
3.686046e-01,6.829709e+00,4.661245e-01,8.156160e+00,8.168732e+00,8.171561e+00
3.688820e-01,6.834847e+00,4.663128e-01,8.159454e+00,8.184760e+00,8.201289e+00
3.691596e-01,6.839992e+00,4.666032e-01,8.164535e+00,8.194106e+00,8.202223e+00
3.694372e-01,6.845135e+00,4.670996e-01,8.173222e+00,8.197144e+00,8.202527e+00
3.697147e-01,6.850276e+00,4.675336e-01,8.180815e+00,8.198663e+00,8.202679e+00
3.699922e-01,6.855418e+00,4.677916e-01,8.185330e+00,8.199566e+00,8.202769e+00
3.702698e-01,6.860562e+00,4.679682e-01,8.188420e+00,8.201656e+00,8.228754e+00
3.705478e-01,6.865712e+00,4.681868e-01,8.192245e+00,8.220959e+00,8.233033e+00
3.708259e-01,6.870865e+00,4.685386e-01,8.198401e+00,8.226771e+00,8.233615e+00
3.711038e-01,6.876015e+00,4.690773e-01,8.207826e+00,8.229065e+00,8.233844e+00
3.713817e-01,6.881163e+00,4.694318e-01,8.214030e+00,8.230306e+00,8.233968e+00
3.716596e-01,6.886313e+00,4.696519e-01,8.217880e+00,8.231076e+00,8.234045e+00
3.719378e-01,6.891467e+00,4.698308e-01,8.221012e+00,8.240915e+00,8.263154e+00
3.722162e-01,6.896626e+00,4.700943e-01,8.225622e+00,8.255395e+00,8.264602e+00
3.724946e-01,6.901784e+00,4.705478e-01,8.233558e+00,8.259203e+00,8.264983e+00
3.727728e-01,6.906939e+00,4.710425e-01,8.242213e+00,8.260943e+00,8.265157e+00
3.730510e-01,6.912094e+00,4.713281e-01,8.247211e+00,8.261942e+00,8.265257e+00
3.733294e-01,6.917251e+00,4.715145e-01,8.250473e+00,8.263369e+00,8.286472e+00
3.736079e-01,6.922413e+00,4.717252e-01,8.254160e+00,8.282012e+00,8.295389e+00
3.738867e-01,6.927578e+00,4.720605e-01,8.260027e+00,8.288880e+00,8.296076e+00
3.741652e-01,6.932739e+00,4.726105e-01,8.269650e+00,8.291430e+00,8.296331e+00
3.744437e-01,6.937898e+00,4.729867e-01,8.276232e+00,8.292746e+00,8.296462e+00
3.747222e-01,6.943057e+00,4.732159e-01,8.280244e+00,8.293549e+00,8.296542e+00
3.750008e-01,6.948220e+00,4.733972e-01,8.283416e+00,8.302503e+00,8.325563e+00
3.752798e-01,6.953389e+00,4.736643e-01,8.288089e+00,8.317861e+00,8.327099e+00
3.755585e-01,6.958554e+00,4.741200e-01,8.296064e+00,8.321704e+00,8.327483e+00
3.758372e-01,6.963717e+00,4.746222e-01,8.304850e+00,8.323470e+00,8.327660e+00
3.761158e-01,6.968879e+00,4.749089e-01,8.309867e+00,8.324473e+00,8.327760e+00
3.763945e-01,6.974043e+00,4.750964e-01,8.313149e+00,8.326168e+00,8.351535e+00
3.766735e-01,6.979213e+00,4.753165e-01,8.316999e+00,8.345397e+00,8.357977e+00
3.769525e-01,6.984382e+00,4.756791e-01,8.323344e+00,8.351747e+00,8.358612e+00
3.772312e-01,6.989547e+00,4.762385e-01,8.333132e+00,8.354126e+00,8.358850e+00
3.775099e-01,6.994711e+00,4.765960e-01,8.339388e+00,8.355378e+00,8.358975e+00
3.777887e-01,6.999877e+00,4.768155e-01,8.343228e+00,8.356146e+00,8.359052e+00
3.780678e-01,7.005047e+00,4.770074e-01,8.346586e+00,8.370280e+00,8.388590e+00
3.783469e-01,7.010220e+00,4.773034e-01,8.351765e+00,8.381408e+00,8.389703e+00
3.786259e-01,7.015387e+00,4.778287e-01,8.360957e+00,8.384691e+00,8.390032e+00
3.789047e-01,7.020554e+00,4.782733e-01,8.368736e+00,8.386247e+00,8.390187e+00
3.791836e-01,7.025721e+00,4.785338e-01,8.373294e+00,8.387159e+00,8.390278e+00
3.794627e-01,7.030893e+00,4.787185e-01,8.376526e+00,8.390262e+00,8.418381e+00
3.797421e-01,7.036069e+00,4.789725e-01,8.380971e+00,8.410572e+00,8.420745e+00
3.800212e-01,7.041240e+00,4.794024e-01,8.388494e+00,8.415131e+00,8.421201e+00
3.803001e-01,7.046409e+00,4.799416e-01,8.397928e+00,8.417086e+00,8.421396e+00
3.805792e-01,7.051579e+00,4.802494e-01,8.403314e+00,8.418163e+00,8.421504e+00
3.808584e-01,7.056753e+00,4.804455e-01,8.406746e+00,8.419643e+00,8.442969e+00
3.811380e-01,7.061934e+00,4.806682e-01,8.410642e+00,8.438883e+00,8.451701e+00
3.814173e-01,7.067110e+00,4.810356e-01,8.417071e+00,8.445488e+00,8.452361e+00
3.816965e-01,7.072283e+00,4.816047e-01,8.427029e+00,8.447906e+00,8.452603e+00
3.819758e-01,7.077456e+00,4.819647e-01,8.433327e+00,8.449165e+00,8.452729e+00
3.822552e-01,7.082633e+00,4.821844e-01,8.437173e+00,8.449935e+00,8.452806e+00
3.825349e-01,7.087817e+00,4.823853e-01,8.440688e+00,8.465935e+00,8.482531e+00
3.828146e-01,7.092998e+00,4.827032e-01,8.446251e+00,8.475670e+00,8.483505e+00
3.830941e-01,7.098176e+00,4.832575e-01,8.455949e+00,8.478690e+00,8.483806e+00
3.833735e-01,7.103355e+00,4.836759e-01,8.463270e+00,8.480154e+00,8.483953e+00
3.836532e-01,7.108536e+00,4.839234e-01,8.467601e+00,8.481020e+00,8.484040e+00
3.839332e-01,7.113724e+00,4.841139e-01,8.470934e+00,8.490186e+00,8.513081e+00
3.842132e-01,7.118912e+00,4.843956e-01,8.475864e+00,8.505637e+00,8.514626e+00
3.844930e-01,7.124097e+00,4.848950e-01,8.484601e+00,8.509420e+00,8.515005e+00
3.847728e-01,7.129282e+00,4.853826e-01,8.493133e+00,8.511127e+00,8.515175e+00
3.850528e-01,7.134469e+00,4.856601e-01,8.497990e+00,8.512098e+00,8.515272e+00
3.853331e-01,7.139662e+00,4.858491e-01,8.501297e+00,8.514834e+00,8.542797e+00
3.856135e-01,7.144859e+00,4.861009e-01,8.505702e+00,8.535187e+00,8.545706e+00
3.858938e-01,7.150051e+00,4.865231e-01,8.513090e+00,8.540020e+00,8.546189e+00
3.861740e-01,7.155243e+00,4.870690e-01,8.522642e+00,8.542028e+00,8.546390e+00
3.864543e-01,7.160438e+00,4.873827e-01,8.528131e+00,8.543126e+00,8.546500e+00
3.867349e-01,7.165637e+00,4.875821e-01,8.531620e+00,8.544418e+00,8.564650e+00
3.870159e-01,7.170842e+00,4.877993e-01,8.535422e+00,8.563295e+00,8.576642e+00
3.872966e-01,7.176043e+00,4.881553e-01,8.541650e+00,8.570305e+00,8.577343e+00
3.875772e-01,7.181243e+00,4.887153e-01,8.551448e+00,8.572790e+00,8.577591e+00
3.878579e-01,7.186444e+00,4.890844e-01,8.557907e+00,8.574081e+00,8.577721e+00
3.881389e-01,7.191650e+00,4.893095e-01,8.561845e+00,8.574869e+00,8.577799e+00
3.884203e-01,7.196864e+00,4.895019e-01,8.565213e+00,8.588251e+00,8.607263e+00
3.887014e-01,7.202073e+00,4.897919e-01,8.570286e+00,8.599979e+00,8.608435e+00
3.889825e-01,7.207281e+00,4.903031e-01,8.579233e+00,8.603347e+00,8.608772e+00
3.892636e-01,7.212490e+00,4.907546e-01,8.587132e+00,8.604926e+00,8.608930e+00
3.895449e-01,7.217702e+00,4.910201e-01,8.591778e+00,8.605856e+00,8.609023e+00
3.898266e-01,7.222922e+00,4.912025e-01,8.594969e+00,8.608444e+00,8.636306e+00
3.901083e-01,7.228141e+00,4.914433e-01,8.599183e+00,8.628513e+00,8.639414e+00
3.903899e-01,7.233358e+00,4.918357e-01,8.606049e+00,8.633530e+00,8.639915e+00
3.906714e-01,7.238574e+00,4.923813e-01,8.615597e+00,8.635619e+00,8.640124e+00
3.909531e-01,7.243794e+00,4.927050e-01,8.621260e+00,8.636752e+00,8.640238e+00
3.912352e-01,7.249019e+00,4.929107e-01,8.624858e+00,8.637472e+00,8.640310e+00
3.915175e-01,7.254250e+00,4.931054e-01,8.628266e+00,8.653801e+00,8.670068e+00
3.917995e-01,7.259477e+00,4.934147e-01,8.633678e+00,8.663123e+00,8.671000e+00
3.920816e-01,7.264702e+00,4.939361e-01,8.642802e+00,8.666060e+00,8.671294e+00
3.923637e-01,7.269930e+00,4.943565e-01,8.650157e+00,8.667531e+00,8.671441e+00
3.926461e-01,7.275163e+00,4.946059e-01,8.654522e+00,8.668404e+00,8.671528e+00
3.929290e-01,7.280403e+00,4.947853e-01,8.657661e+00,8.671290e+00,8.699353e+00
3.932117e-01,7.285642e+00,4.950224e-01,8.661808e+00,8.691216e+00,8.701934e+00
3.934944e-01,7.290880e+00,4.954164e-01,8.668703e+00,8.696079e+00,8.702420e+00
3.937771e-01,7.296118e+00,4.959486e-01,8.678016e+00,8.698103e+00,8.702623e+00
3.940600e-01,7.301360e+00,4.962712e-01,8.683660e+00,8.699232e+00,8.702736e+00
3.943433e-01,7.306609e+00,4.964746e-01,8.687220e+00,8.699944e+00,8.702807e+00
3.946269e-01,7.311864e+00,4.966652e-01,8.690555e+00,8.715269e+00,8.732464e+00
3.949103e-01,7.317115e+00,4.969534e-01,8.695597e+00,8.725220e+00,8.733459e+00
3.951938e-01,7.322367e+00,4.974545e-01,8.704365e+00,8.728373e+00,8.733775e+00
3.954774e-01,7.327622e+00,4.978904e-01,8.711994e+00,8.729899e+00,8.733927e+00
3.957613e-01,7.332882e+00,4.981516e-01,8.716564e+00,8.730813e+00,8.734019e+00
3.960457e-01,7.338151e+00,4.983286e-01,8.719661e+00,8.732890e+00,8.759954e+00
3.963300e-01,7.343420e+00,4.985498e-01,8.723532e+00,8.752289e+00,8.764291e+00
3.966144e-01,7.348688e+00,4.988981e-01,8.729625e+00,8.758010e+00,8.764864e+00
3.968988e-01,7.353958e+00,4.994368e-01,8.739051e+00,8.760310e+00,8.765094e+00
3.971835e-01,7.359233e+00,4.997867e-01,8.745174e+00,8.761535e+00,8.765216e+00
3.974685e-01,7.364515e+00,5.000071e-01,8.749031e+00,8.762306e+00,8.765293e+00
3.977540e-01,7.369805e+00,5.001813e-01,8.752078e+00,8.770257e+00,8.794213e+00
3.980394e-01,7.375092e+00,5.004376e-01,8.756563e+00,8.786310e+00,8.795818e+00
3.983248e-01,7.380380e+00,5.008540e-01,8.763850e+00,8.790225e+00,8.796210e+00
3.986103e-01,7.385671e+00,5.013581e-01,8.772670e+00,8.792034e+00,8.796391e+00
3.988962e-01,7.390968e+00,5.016521e-01,8.777815e+00,8.793063e+00,8.796494e+00
3.991826e-01,7.396273e+00,5.018445e-01,8.781181e+00,8.793736e+00,8.796561e+00
3.994691e-01,7.401582e+00,5.020303e-01,8.784433e+00,8.809659e+00,8.826278e+00
3.997556e-01,7.406890e+00,5.023180e-01,8.789466e+00,8.819057e+00,8.827218e+00
4.000421e-01,7.412199e+00,5.028006e-01,8.797912e+00,8.822082e+00,8.827521e+00
4.003289e-01,7.417513e+00,5.032352e-01,8.805516e+00,8.823603e+00,8.827673e+00
4.006161e-01,7.422834e+00,5.034937e-01,8.810039e+00,8.824508e+00,8.827763e+00
4.009037e-01,7.428164e+00,5.036699e-01,8.813121e+00,8.826118e+00,8.851199e+00
4.011914e-01,7.433494e+00,5.038718e-01,8.816654e+00,8.844496e+00,8.857887e+00
4.014791e-01,7.438824e+00,5.041888e-01,8.822201e+00,8.851216e+00,8.858559e+00
4.017669e-01,7.444157e+00,5.047012e-01,8.831167e+00,8.853733e+00,8.858811e+00
4.020549e-01,7.449494e+00,5.050836e-01,8.837858e+00,8.855072e+00,8.858945e+00
4.023434e-01,7.454840e+00,5.053184e-01,8.841966e+00,8.855893e+00,8.859027e+00
4.026325e-01,7.460195e+00,5.054878e-01,8.844930e+00,8.858374e+00,8.886175e+00
4.029214e-01,7.465549e+00,5.057032e-01,8.848700e+00,8.877635e+00,8.889326e+00
4.032104e-01,7.470903e+00,5.060462e-01,8.854701e+00,8.883041e+00,8.889867e+00
4.034996e-01,7.476261e+00,5.065646e-01,8.863772e+00,8.885254e+00,8.890088e+00
4.037890e-01,7.481625e+00,5.069132e-01,8.869872e+00,8.886474e+00,8.890210e+00
4.040790e-01,7.486997e+00,5.071321e-01,8.873703e+00,8.887241e+00,8.890287e+00
4.043694e-01,7.492378e+00,5.072999e-01,8.876639e+00,8.890450e+00,8.918584e+00
4.046598e-01,7.497758e+00,5.075270e-01,8.880613e+00,8.910051e+00,8.920693e+00
4.049502e-01,7.503139e+00,5.078929e-01,8.887014e+00,8.914686e+00,8.921156e+00
4.052408e-01,7.508524e+00,5.084060e-01,8.895993e+00,8.916699e+00,8.921357e+00
4.055318e-01,7.513916e+00,5.087312e-01,8.901683e+00,8.917837e+00,8.921471e+00
4.058233e-01,7.519316e+00,5.089388e-01,8.905316e+00,8.918563e+00,8.921544e+00
4.061152e-01,7.524724e+00,5.091090e-01,8.908295e+00,8.926121e+00,8.950425e+00
4.064070e-01,7.530132e+00,5.093467e-01,8.912453e+00,8.942129e+00,8.952025e+00
4.066989e-01,7.535541e+00,5.097334e-01,8.919220e+00,8.946235e+00,8.952436e+00
4.069911e-01,7.540955e+00,5.102350e-01,8.927997e+00,8.948099e+00,8.952622e+00
4.072837e-01,7.546376e+00,5.105423e-01,8.933374e+00,8.949175e+00,8.952730e+00
4.075768e-01,7.551806e+00,5.107410e-01,8.936850e+00,8.949870e+00,8.952800e+00
4.078701e-01,7.557241e+00,5.109124e-01,8.939849e+00,8.960467e+00,8.981984e+00
4.081635e-01,7.562676e+00,5.111583e-01,8.944153e+00,8.973911e+00,8.983329e+00
4.084569e-01,7.568114e+00,5.115618e-01,8.951212e+00,8.977689e+00,8.983706e+00
4.087507e-01,7.573556e+00,5.120515e-01,8.959781e+00,8.979456e+00,8.983883e+00
4.090448e-01,7.579006e+00,5.123465e-01,8.964944e+00,8.980489e+00,8.983986e+00
4.093394e-01,7.584465e+00,5.125392e-01,8.968315e+00,8.981163e+00,8.984054e+00
4.096342e-01,7.589927e+00,5.127124e-01,8.971345e+00,8.993684e+00,9.013431e+00
4.099290e-01,7.595390e+00,5.129654e-01,8.975773e+00,9.005547e+00,9.014617e+00
4.102240e-01,7.600855e+00,5.133832e-01,8.983084e+00,9.009094e+00,9.014972e+00
4.105192e-01,7.606325e+00,5.138611e-01,8.991445e+00,9.010789e+00,9.015141e+00
4.108148e-01,7.611802e+00,5.141469e-01,8.996447e+00,9.011789e+00,9.015241e+00
4.111109e-01,7.617288e+00,5.143349e-01,8.999736e+00,9.012447e+00,9.015307e+00
4.114072e-01,7.622777e+00,5.145108e-01,9.002814e+00,9.026399e+00,9.044827e+00
4.117034e-01,7.628266e+00,5.147706e-01,9.007359e+00,9.037115e+00,9.045899e+00
4.119998e-01,7.633757e+00,5.152024e-01,9.014916e+00,9.040476e+00,9.046235e+00
4.122964e-01,7.639253e+00,5.156680e-01,9.023063e+00,9.042113e+00,9.046399e+00
4.125934e-01,7.644756e+00,5.159461e-01,9.027928e+00,9.043086e+00,9.046496e+00
4.128909e-01,7.650269e+00,5.161301e-01,9.031147e+00,9.043729e+00,9.046560e+00
4.131885e-01,7.655783e+00,5.163095e-01,9.034287e+00,9.058922e+00,9.076205e+00
4.134861e-01,7.661298e+00,5.165772e-01,9.038971e+00,9.068676e+00,9.077180e+00
4.137839e-01,7.666814e+00,5.170262e-01,9.046828e+00,9.071866e+00,9.077499e+00
4.140818e-01,7.672335e+00,5.174774e-01,9.054722e+00,9.073444e+00,9.077657e+00
4.143802e-01,7.677864e+00,5.177476e-01,9.059450e+00,9.074390e+00,9.077752e+00
4.146791e-01,7.683401e+00,5.179274e-01,9.062597e+00,9.075175e+00,9.078005e+00
4.149780e-01,7.688940e+00,5.181127e-01,9.065839e+00,9.091628e+00,9.107600e+00
4.152770e-01,7.694479e+00,5.183919e-01,9.070725e+00,9.100314e+00,9.108469e+00
4.155760e-01,7.700020e+00,5.188638e-01,9.078981e+00,9.103296e+00,9.108767e+00
4.158753e-01,7.705566e+00,5.192941e-01,9.086511e+00,9.104802e+00,9.108918e+00
4.161750e-01,7.711118e+00,5.195548e-01,9.091072e+00,9.105733e+00,9.109032e+00
4.164752e-01,7.716680e+00,5.197299e-01,9.094136e+00,9.106945e+00,9.127668e+00
4.167754e-01,7.722243e+00,5.199237e-01,9.097528e+00,9.124574e+00,9.139020e+00
4.170756e-01,7.727805e+00,5.202198e-01,9.102708e+00,9.132049e+00,9.139767e+00
4.173759e-01,7.733370e+00,5.207160e-01,9.111391e+00,9.134778e+00,9.140040e+00
4.176765e-01,7.738940e+00,5.211198e-01,9.118456e+00,9.136191e+00,9.140182e+00
4.179775e-01,7.744516e+00,5.213669e-01,9.122780e+00,9.137056e+00,9.140268e+00
4.182789e-01,7.750100e+00,5.215377e-01,9.125768e+00,9.138883e+00,9.165208e+00
4.185803e-01,7.755686e+00,5.217431e-01,9.129363e+00,9.157559e+00,9.170443e+00
4.188817e-01,7.761270e+00,5.220628e-01,9.134956e+00,9.163846e+00,9.171072e+00
4.191833e-01,7.766858e+00,5.225792e-01,9.143993e+00,9.166299e+00,9.171317e+00
4.194851e-01,7.772449e+00,5.229529e-01,9.150531e+00,9.167606e+00,9.171448e+00
4.197872e-01,7.778047e+00,5.231849e-01,9.154592e+00,9.168418e+00,9.171529e+00
4.200898e-01,7.783654e+00,5.233537e-01,9.157545e+00,9.171082e+00,9.199043e+00
4.203923e-01,7.789259e+00,5.235758e-01,9.161431e+00,9.190575e+00,9.201870e+00
4.206948e-01,7.794864e+00,5.239296e-01,9.167621e+00,9.195706e+00,9.202383e+00
4.209974e-01,7.800471e+00,5.244544e-01,9.176805e+00,9.197861e+00,9.202599e+00
4.213003e-01,7.806082e+00,5.247940e-01,9.182747e+00,9.199049e+00,9.202717e+00
4.216035e-01,7.811700e+00,5.250088e-01,9.186505e+00,9.199801e+00,9.202793e+00
4.219070e-01,7.817325e+00,5.251805e-01,9.189509e+00,9.206949e+00,9.231632e+00
4.222105e-01,7.822947e+00,5.254262e-01,9.193810e+00,9.223512e+00,9.233289e+00
4.225139e-01,7.828569e+00,5.258307e-01,9.200888e+00,9.227603e+00,9.233698e+00
4.228175e-01,7.834193e+00,5.263391e-01,9.209783e+00,9.229457e+00,9.233883e+00
4.231212e-01,7.839822e+00,5.266423e-01,9.215088e+00,9.230518e+00,9.233989e+00
4.234253e-01,7.845457e+00,5.268381e-01,9.218514e+00,9.231203e+00,9.234058e+00
4.237297e-01,7.851096e+00,5.270221e-01,9.221734e+00,9.246143e+00,9.263677e+00
4.240339e-01,7.856733e+00,5.273025e-01,9.226640e+00,9.256311e+00,9.264694e+00
4.243381e-01,7.862369e+00,5.277831e-01,9.235050e+00,9.259510e+00,9.265014e+00
4.246425e-01,7.868008e+00,5.282300e-01,9.242869e+00,9.261074e+00,9.265170e+00
4.249471e-01,7.873652e+00,5.284961e-01,9.247527e+00,9.262005e+00,9.265263e+00
4.252520e-01,7.879302e+00,5.286750e-01,9.250655e+00,9.263691e+00,9.289185e+00
4.255570e-01,7.884954e+00,5.288855e-01,9.254339e+00,9.282496e+00,9.295437e+00
4.258619e-01,7.890603e+00,5.292189e-01,9.260174e+00,9.288951e+00,9.296083e+00
4.261669e-01,7.896253e+00,5.297553e-01,9.269560e+00,9.291412e+00,9.296329e+00
4.264719e-01,7.901906e+00,5.301253e-01,9.276034e+00,9.292707e+00,9.296458e+00
4.267772e-01,7.907563e+00,5.303549e-01,9.280051e+00,9.293510e+00,9.296539e+00
4.270829e-01,7.913226e+00,5.305313e-01,9.283138e+00,9.299198e+00,9.325232e+00
4.273885e-01,7.918888e+00,5.307826e-01,9.287534e+00,9.317231e+00,9.327036e+00
4.276940e-01,7.924549e+00,5.312020e-01,9.294874e+00,9.321416e+00,9.327454e+00
4.279995e-01,7.930210e+00,5.317193e-01,9.303925e+00,9.323285e+00,9.327641e+00
4.283052e-01,7.935873e+00,5.320206e-01,9.309197e+00,9.324339e+00,9.327746e+00
4.286111e-01,7.941542e+00,5.322154e-01,9.312606e+00,9.325191e+00,9.328023e+00
4.289173e-01,7.947215e+00,5.324160e-01,9.316115e+00,9.342744e+00,9.357712e+00
4.292233e-01,7.952884e+00,5.327316e-01,9.321637e+00,9.350906e+00,9.358528e+00
4.295292e-01,7.958552e+00,5.332647e-01,9.330966e+00,9.353693e+00,9.358807e+00
4.298351e-01,7.964221e+00,5.336685e-01,9.338031e+00,9.355106e+00,9.358948e+00
4.301412e-01,7.969893e+00,5.339114e-01,9.342281e+00,9.355956e+00,9.359033e+00
4.304476e-01,7.975569e+00,5.340913e-01,9.345429e+00,9.359274e+00,9.387406e+00
4.307539e-01,7.981245e+00,5.343421e-01,9.349818e+00,9.379453e+00,9.389508e+00
4.310601e-01,7.986917e+00,5.347646e-01,9.357212e+00,9.383873e+00,9.389950e+00
4.313661e-01,7.992588e+00,5.352915e-01,9.366431e+00,9.385786e+00,9.390141e+00
4.316723e-01,7.998261e+00,5.355985e-01,9.371802e+00,9.386860e+00,9.390249e+00
4.319786e-01,8.003937e+00,5.357944e-01,9.375230e+00,9.387929e+00,9.401171e+00
4.322851e-01,8.009614e+00,5.360033e-01,9.378886e+00,9.406185e+00,9.420306e+00
4.325912e-01,8.015287e+00,5.363370e-01,9.384724e+00,9.413729e+00,9.421060e+00
4.328972e-01,8.020957e+00,5.368898e-01,9.394397e+00,9.416379e+00,9.421325e+00
4.332033e-01,8.026627e+00,5.372752e-01,9.401141e+00,9.417728e+00,9.421460e+00
4.335094e-01,8.032299e+00,5.375103e-01,9.405255e+00,9.418551e+00,9.421543e+00
4.338157e-01,8.037974e+00,5.376967e-01,9.408515e+00,9.428488e+00,9.450661e+00
4.341216e-01,8.043644e+00,5.379735e-01,9.413360e+00,9.443133e+00,9.452126e+00
4.344274e-01,8.049309e+00,5.384557e-01,9.421798e+00,9.446859e+00,9.452498e+00
4.347331e-01,8.054973e+00,5.389438e-01,9.430338e+00,9.448568e+00,9.452669e+00
4.350388e-01,8.060637e+00,5.392227e-01,9.435218e+00,9.449544e+00,9.452767e+00
4.353446e-01,8.066303e+00,5.394106e-01,9.438506e+00,9.451811e+00,9.479211e+00
4.356502e-01,8.071966e+00,5.396480e-01,9.442659e+00,9.471786e+00,9.483116e+00
4.359556e-01,8.077624e+00,5.400430e-01,9.449571e+00,9.477205e+00,9.483658e+00
4.362608e-01,8.083279e+00,5.405996e-01,9.459310e+00,9.479362e+00,9.483874e+00
4.365660e-01,8.088933e+00,5.409323e-01,9.465133e+00,9.480527e+00,9.483990e+00
4.368712e-01,8.094589e+00,5.411396e-01,9.468760e+00,9.481288e+00,9.484107e+00
4.371765e-01,8.100245e+00,5.413479e-01,9.472405e+00,9.499143e+00,9.513977e+00
4.374814e-01,8.105896e+00,5.416823e-01,9.478256e+00,9.507364e+00,9.514799e+00
4.377862e-01,8.111542e+00,5.422441e-01,9.488086e+00,9.510117e+00,9.515074e+00
4.380908e-01,8.117187e+00,5.426376e-01,9.494970e+00,9.511494e+00,9.515212e+00
4.383955e-01,8.122833e+00,5.428751e-01,9.499127e+00,9.512325e+00,9.515295e+00
4.387004e-01,8.128481e+00,5.430678e-01,9.502498e+00,9.524223e+00,9.544610e+00
4.390050e-01,8.134125e+00,5.433603e-01,9.507617e+00,9.537340e+00,9.545921e+00
4.393094e-01,8.139765e+00,5.438790e-01,9.516693e+00,9.540839e+00,9.546271e+00
4.396136e-01,8.145402e+00,5.443432e-01,9.524815e+00,9.542463e+00,9.546434e+00
4.399179e-01,8.151040e+00,5.446107e-01,9.529496e+00,9.543399e+00,9.546527e+00
4.402223e-01,8.156681e+00,5.447997e-01,9.532803e+00,9.546549e+00,9.574672e+00
4.405267e-01,8.162319e+00,5.450611e-01,9.537378e+00,9.567032e+00,9.577016e+00
4.408307e-01,8.167953e+00,5.455118e-01,9.545263e+00,9.571515e+00,9.577464e+00
4.411347e-01,8.173585e+00,5.460452e-01,9.554596e+00,9.573419e+00,9.577654e+00
4.414386e-01,8.179217e+00,5.463475e-01,9.559886e+00,9.574477e+00,9.577760e+00
4.417427e-01,8.184850e+00,5.465439e-01,9.563322e+00,9.576492e+00,9.603177e+00
4.420467e-01,8.190484e+00,5.467819e-01,9.567487e+00,9.596459e+00,9.608083e+00
4.423505e-01,8.196113e+00,5.471819e-01,9.574486e+00,9.602176e+00,9.608655e+00
4.426542e-01,8.201739e+00,5.477499e-01,9.584425e+00,9.604385e+00,9.608876e+00
4.429578e-01,8.207365e+00,5.480859e-01,9.590304e+00,9.605561e+00,9.608994e+00
4.432615e-01,8.212992e+00,5.482944e-01,9.593952e+00,9.606613e+00,9.616130e+00
4.435654e-01,8.218622e+00,5.485154e-01,9.597820e+00,9.625502e+00,9.639113e+00
4.438689e-01,8.224246e+00,5.488750e-01,9.604112e+00,9.632788e+00,9.639841e+00
4.441722e-01,8.229866e+00,5.494516e-01,9.614200e+00,9.635340e+00,9.640097e+00
4.444755e-01,8.235486e+00,5.498229e-01,9.620699e+00,9.636640e+00,9.640226e+00
4.447789e-01,8.241107e+00,5.500486e-01,9.624647e+00,9.637429e+00,9.640305e+00
4.450824e-01,8.246731e+00,5.502527e-01,9.628219e+00,9.653580e+00,9.670045e+00
4.453856e-01,8.252349e+00,5.505802e-01,9.633949e+00,9.663294e+00,9.671017e+00
4.456887e-01,8.257964e+00,5.511429e-01,9.643796e+00,9.666259e+00,9.671313e+00
4.459916e-01,8.263577e+00,5.515562e-01,9.651027e+00,9.667705e+00,9.671458e+00
4.462946e-01,8.269191e+00,5.518008e-01,9.655307e+00,9.668561e+00,9.671544e+00
4.465978e-01,8.274808e+00,5.519979e-01,9.658756e+00,9.680516e+00,9.700864e+00
4.469007e-01,8.280421e+00,5.522953e-01,9.663959e+00,9.693666e+00,9.702179e+00
4.472034e-01,8.286030e+00,5.528272e-01,9.673266e+00,9.697153e+00,9.702528e+00
4.475061e-01,8.291638e+00,5.532857e-01,9.681290e+00,9.698758e+00,9.702688e+00
4.478087e-01,8.297245e+00,5.535511e-01,9.685933e+00,9.699687e+00,9.702781e+00
4.481115e-01,8.302855e+00,5.537416e-01,9.689268e+00,9.703627e+00,9.731300e+00
4.484142e-01,8.308464e+00,5.540150e-01,9.694050e+00,9.723796e+00,9.733317e+00
4.487167e-01,8.314068e+00,5.544884e-01,9.702333e+00,9.727958e+00,9.733733e+00
4.490190e-01,8.319670e+00,5.550057e-01,9.711385e+00,9.729777e+00,9.733915e+00
4.493213e-01,8.325272e+00,5.552957e-01,9.716460e+00,9.730792e+00,9.734017e+00
4.496238e-01,8.330876e+00,5.554895e-01,9.719851e+00,9.733232e+00,9.760878e+00
4.499264e-01,8.336482e+00,5.557366e-01,9.724175e+00,9.753500e+00,9.764413e+00
4.502287e-01,8.342083e+00,5.561592e-01,9.731569e+00,9.758691e+00,9.764932e+00
4.505308e-01,8.347681e+00,5.567152e-01,9.741299e+00,9.760760e+00,9.765138e+00
4.508329e-01,8.353279e+00,5.570363e-01,9.746916e+00,9.761883e+00,9.765251e+00
4.511351e-01,8.358879e+00,5.572382e-01,9.750449e+00,9.763308e+00,9.785691e+00
4.514376e-01,8.364483e+00,5.574697e-01,9.754500e+00,9.782898e+00,9.795477e+00
4.517398e-01,8.370083e+00,5.578453e-01,9.761072e+00,9.789340e+00,9.796121e+00
4.520419e-01,8.375680e+00,5.584206e-01,9.771140e+00,9.791728e+00,9.796360e+00
4.523439e-01,8.381275e+00,5.587734e-01,9.777313e+00,9.792963e+00,9.796484e+00
4.526460e-01,8.386873e+00,5.589910e-01,9.781120e+00,9.793724e+00,9.796560e+00
4.529482e-01,8.392473e+00,5.591986e-01,9.784752e+00,9.811057e+00,9.826418e+00
4.532505e-01,8.398073e+00,5.595372e-01,9.790677e+00,9.819820e+00,9.827295e+00
4.535525e-01,8.403669e+00,5.601023e-01,9.800566e+00,9.822613e+00,9.827574e+00
4.538544e-01,8.409264e+00,5.605010e-01,9.807541e+00,9.824008e+00,9.827713e+00
4.541564e-01,8.414859e+00,5.607382e-01,9.811693e+00,9.824839e+00,9.827796e+00
4.544586e-01,8.420458e+00,5.609348e-01,9.815132e+00,9.837696e+00,9.857207e+00
4.547608e-01,8.426058e+00,5.612326e-01,9.820344e+00,9.850025e+00,9.858440e+00
4.550629e-01,8.431654e+00,5.617651e-01,9.829660e+00,9.853432e+00,9.858781e+00
4.553648e-01,8.437248e+00,5.622156e-01,9.837544e+00,9.855009e+00,9.858938e+00
4.556667e-01,8.442842e+00,5.624790e-01,9.842153e+00,9.855931e+00,9.859031e+00
4.559687e-01,8.448438e+00,5.626666e-01,9.845435e+00,9.859284e+00,9.887415e+00
4.562710e-01,8.454039e+00,5.629338e-01,9.850110e+00,9.879822e+00,9.889545e+00
4.565730e-01,8.459635e+00,5.633882e-01,9.858061e+00,9.884088e+00,9.889971e+00
4.568749e-01,8.465229e+00,5.639135e-01,9.867253e+00,9.885951e+00,9.890158e+00
4.571768e-01,8.470821e+00,5.642083e-01,9.872410e+00,9.886982e+00,9.890261e+00
4.574787e-01,8.476416e+00,5.644022e-01,9.875803e+00,9.888946e+00,9.915484e+00
4.577808e-01,8.482013e+00,5.646336e-01,9.879853e+00,9.908689e+00,9.920556e+00
4.580829e-01,8.487611e+00,5.650245e-01,9.886693e+00,9.914574e+00,9.921145e+00
4.583848e-01,8.493205e+00,5.655839e-01,9.896480e+00,9.916796e+00,9.921367e+00
4.586866e-01,8.498797e+00,5.659251e-01,9.902451e+00,9.917990e+00,9.921487e+00
4.589885e-01,8.504390e+00,5.661356e-01,9.906134e+00,9.918727e+00,9.921560e+00
4.592905e-01,8.509986e+00,5.663419e-01,9.909744e+00,9.936026e+00,9.951415e+00
4.595928e-01,8.515587e+00,5.666645e-01,9.915389e+00,9.944657e+00,9.952278e+00
4.598948e-01,8.521182e+00,5.672185e-01,9.925084e+00,9.947517e+00,9.952564e+00
4.601967e-01,8.526776e+00,5.676196e-01,9.932102e+00,9.948920e+00,9.952705e+00
4.604985e-01,8.532369e+00,5.678622e-01,9.936346e+00,9.949769e+00,9.952789e+00
4.608005e-01,8.537964e+00,5.680465e-01,9.939571e+00,9.957676e+00,9.981705e+00
4.611027e-01,8.543564e+00,5.683199e-01,9.944356e+00,9.974128e+00,9.983350e+00
4.614050e-01,8.549164e+00,5.687850e-01,9.952493e+00,9.977993e+00,9.983737e+00
4.617071e-01,8.554761e+00,5.692866e-01,9.961271e+00,9.979754e+00,9.983913e+00
4.620091e-01,8.560357e+00,5.695702e-01,9.966233e+00,9.980747e+00,9.984012e+00
4.623112e-01,8.565955e+00,5.697588e-01,9.969533e+00,9.982659e+00,1.000908e+01
4.626135e-01,8.571557e+00,5.699830e-01,9.973457e+00,1.000213e+01,1.001428e+01
4.629161e-01,8.577163e+00,5.703568e-01,9.979997e+00,1.000816e+01,1.001488e+01
4.632186e-01,8.582767e+00,5.709086e-01,9.989652e+00,1.001043e+01,1.001511e+01
4.635209e-01,8.588369e+00,5.712577e-01,9.995761e+00,1.001165e+01,1.001523e+01
4.638233e-01,8.593972e+00,5.714726e-01,9.999521e+00,1.001240e+01,1.001530e+01
4.641258e-01,8.599577e+00,5.716649e-01,1.000288e+01,1.002682e+01,1.004487e+01
4.644286e-01,8.605188e+00,5.719556e-01,1.000797e+01,1.003763e+01,1.004595e+01
4.647315e-01,8.610800e+00,5.724693e-01,1.001696e+01,1.004089e+01,1.004628e+01
4.650343e-01,8.616410e+00,5.729105e-01,1.002468e+01,1.004244e+01,1.004643e+01
4.653370e-01,8.622019e+00,5.731728e-01,1.002927e+01,1.004335e+01,1.004652e+01
4.656399e-01,8.627630e+00,5.733523e-01,1.003241e+01,1.004584e+01,1.007361e+01
4.659429e-01,8.633246e+00,5.735879e-01,1.003653e+01,1.006576e+01,1.007689e+01
4.662463e-01,8.638867e+00,5.739674e-01,1.004317e+01,1.007090e+01,1.007740e+01
4.665495e-01,8.644485e+00,5.745123e-01,1.005271e+01,1.007304e+01,1.007762e+01
4.668527e-01,8.650102e+00,5.748411e-01,1.005846e+01,1.007419e+01,1.007773e+01
4.671559e-01,8.655720e+00,5.750503e-01,1.006212e+01,1.007492e+01,1.007780e+01
4.674592e-01,8.661341e+00,5.752365e-01,1.006538e+01,1.008930e+01,1.010737e+01
4.677629e-01,8.666967e+00,5.755255e-01,1.007044e+01,1.010010e+01,1.010845e+01
4.680666e-01,8.672595e+00,5.760176e-01,1.007905e+01,1.010331e+01,1.010877e+01
4.683702e-01,8.678220e+00,5.764664e-01,1.008690e+01,1.010488e+01,1.010893e+01
4.686738e-01,8.683845e+00,5.767288e-01,1.009149e+01,1.010580e+01,1.010902e+01
4.689775e-01,8.689472e+00,5.769087e-01,1.009464e+01,1.010785e+01,1.013483e+01
4.692814e-01,8.695103e+00,5.771262e-01,1.009845e+01,1.012710e+01,1.013927e+01
4.695857e-01,8.700741e+00,5.774816e-01,1.010466e+01,1.013303e+01,1.013987e+01
4.698897e-01,8.706375e+00,5.780172e-01,1.011404e+01,1.013531e+01,1.014009e+01
4.701938e-01,8.712008e+00,5.783706e-01,1.012022e+01,1.013654e+01,1.014022e+01
4.704978e-01,8.717641e+00,5.785893e-01,1.012405e+01,1.013731e+01,1.014029e+01
4.708021e-01,8.723278e+00,5.787663e-01,1.012714e+01,1.014598e+01,1.016929e+01
4.711066e-01,8.728921e+00,5.790193e-01,1.013157e+01,1.016132e+01,1.017082e+01
4.714112e-01,8.734565e+00,5.794459e-01,1.013904e+01,1.016527e+01,1.017121e+01
4.717157e-01,8.740207e+00,5.799450e-01,1.014777e+01,1.016705e+01,1.017139e+01
4.720202e-01,8.745849e+00,5.802398e-01,1.015293e+01,1.016809e+01,1.017150e+01
4.723248e-01,8.751493e+00,5.804298e-01,1.015625e+01,1.016875e+01,1.017157e+01
4.726297e-01,8.757142e+00,5.806219e-01,1.015961e+01,1.018548e+01,1.020136e+01
4.729348e-01,8.762796e+00,5.809134e-01,1.016471e+01,1.019423e+01,1.020224e+01
4.732400e-01,8.768450e+00,5.814144e-01,1.017348e+01,1.019720e+01,1.020253e+01
4.735451e-01,8.774102e+00,5.818350e-01,1.018084e+01,1.019867e+01,1.020268e+01
4.738502e-01,8.779756e+00,5.820900e-01,1.018530e+01,1.019956e+01,1.020277e+01
4.741555e-01,8.785412e+00,5.822636e-01,1.018834e+01,1.020151e+01,1.022824e+01
4.744610e-01,8.791074e+00,5.824802e-01,1.019213e+01,1.022070e+01,1.023301e+01
4.747669e-01,8.796742e+00,5.828159e-01,1.019800e+01,1.022660e+01,1.023360e+01
4.750727e-01,8.802408e+00,5.833460e-01,1.020728e+01,1.022896e+01,1.023383e+01
4.753785e-01,8.808073e+00,5.837040e-01,1.021354e+01,1.023021e+01,1.023396e+01
4.756843e-01,8.813740e+00,5.839289e-01,1.021748e+01,1.023100e+01,1.023404e+01
4.759904e-01,8.819411e+00,5.840988e-01,1.022045e+01,1.023431e+01,1.026244e+01
4.762968e-01,8.825087e+00,5.843383e-01,1.022464e+01,1.025421e+01,1.026448e+01
4.766034e-01,8.830768e+00,5.847227e-01,1.023137e+01,1.025863e+01,1.026493e+01
4.769099e-01,8.836447e+00,5.852421e-01,1.024046e+01,1.026059e+01,1.026512e+01
4.772164e-01,8.842126e+00,5.855559e-01,1.024595e+01,1.026169e+01,1.026523e+01
4.775230e-01,8.847808e+00,5.857584e-01,1.024949e+01,1.026240e+01,1.026530e+01
4.778299e-01,8.853494e+00,5.859347e-01,1.025258e+01,1.027479e+01,1.029467e+01
4.781371e-01,8.859186e+00,5.861998e-01,1.025721e+01,1.028698e+01,1.029589e+01
4.784444e-01,8.864880e+00,5.866407e-01,1.026493e+01,1.029048e+01,1.029624e+01
4.787516e-01,8.870572e+00,5.871182e-01,1.027328e+01,1.029216e+01,1.029640e+01
4.790589e-01,8.876265e+00,5.873977e-01,1.027818e+01,1.029314e+01,1.029650e+01
4.793663e-01,8.881961e+00,5.875822e-01,1.028140e+01,1.029403e+01,1.029687e+01
4.796740e-01,8.887662e+00,5.877733e-01,1.028475e+01,1.031103e+01,1.032642e+01
4.799820e-01,8.893370e+00,5.880694e-01,1.028993e+01,1.031937e+01,1.032725e+01
4.802900e-01,8.899076e+00,5.885679e-01,1.029865e+01,1.032223e+01,1.032754e+01
4.805979e-01,8.904781e+00,5.889840e-01,1.030593e+01,1.032369e+01,1.032768e+01
4.809058e-01,8.910487e+00,5.892350e-01,1.031032e+01,1.032456e+01,1.032777e+01
4.812140e-01,8.916196e+00,5.894100e-01,1.031339e+01,1.032659e+01,1.035355e+01
4.815224e-01,8.921911e+00,5.896218e-01,1.031709e+01,1.034562e+01,1.035800e+01
4.818311e-01,8.927631e+00,5.899586e-01,1.032299e+01,1.035159e+01,1.035860e+01
4.821397e-01,8.933348e+00,5.904857e-01,1.033221e+01,1.035394e+01,1.035883e+01
4.824482e-01,8.939064e+00,5.908469e-01,1.033853e+01,1.035521e+01,1.035896e+01
4.827568e-01,8.944783e+00,5.910719e-01,1.034247e+01,1.035599e+01,1.035904e+01
4.830656e-01,8.950505e+00,5.912445e-01,1.034549e+01,1.035937e+01,1.038750e+01
4.833748e-01,8.956233e+00,5.914828e-01,1.034966e+01,1.037923e+01,1.038949e+01
4.836840e-01,8.961963e+00,5.918744e-01,1.035651e+01,1.038367e+01,1.038993e+01
4.839931e-01,8.967690e+00,5.923937e-01,1.036559e+01,1.038562e+01,1.039012e+01
4.843023e-01,8.973418e+00,5.927075e-01,1.037109e+01,1.038672e+01,1.039023e+01
4.846115e-01,8.979147e+00,5.929089e-01,1.037461e+01,1.038742e+01,1.039030e+01
4.849209e-01,8.984881e+00,5.930916e-01,1.037781e+01,1.040135e+01,1.041982e+01
4.852307e-01,8.990620e+00,5.933669e-01,1.038262e+01,1.041235e+01,1.042092e+01
4.855405e-01,8.996360e+00,5.938392e-01,1.039089e+01,1.041568e+01,1.042126e+01
4.858501e-01,9.002097e+00,5.942978e-01,1.039891e+01,1.041728e+01,1.042142e+01
4.861598e-01,9.007835e+00,5.945685e-01,1.040365e+01,1.041823e+01,1.042151e+01
4.864696e-01,9.013575e+00,5.947491e-01,1.040681e+01,1.041976e+01,1.044408e+01
4.867796e-01,9.019320e+00,5.949581e-01,1.041047e+01,1.043842e+01,1.045165e+01
4.870900e-01,9.025071e+00,5.952874e-01,1.041623e+01,1.044511e+01,1.045232e+01
4.874003e-01,9.030819e+00,5.958225e-01,1.042559e+01,1.044762e+01,1.045257e+01
4.877104e-01,9.036566e+00,5.961982e-01,1.043216e+01,1.044893e+01,1.045271e+01
4.880206e-01,9.042314e+00,5.964311e-01,1.043624e+01,1.044978e+01,1.045283e+01
4.883310e-01,9.048064e+00,5.966067e-01,1.043931e+01,1.045430e+01,1.048137e+01
4.886416e-01,9.053820e+00,5.968557e-01,1.044367e+01,1.047334e+01,1.048327e+01
4.889525e-01,9.059580e+00,5.972697e-01,1.045091e+01,1.047761e+01,1.048370e+01
4.892632e-01,9.065337e+00,5.977893e-01,1.046000e+01,1.047950e+01,1.048389e+01
4.895738e-01,9.071092e+00,5.980944e-01,1.046534e+01,1.048057e+01,1.048399e+01
4.898845e-01,9.076849e+00,5.982908e-01,1.046878e+01,1.048131e+01,1.048413e+01
4.901954e-01,9.082609e+00,5.984877e-01,1.047223e+01,1.049845e+01,1.051391e+01
4.905066e-01,9.088375e+00,5.987970e-01,1.047764e+01,1.050701e+01,1.051476e+01
4.908178e-01,9.094141e+00,5.993239e-01,1.048686e+01,1.050987e+01,1.051505e+01
4.911289e-01,9.099905e+00,5.997348e-01,1.049405e+01,1.051131e+01,1.051519e+01
4.914399e-01,9.105668e+00,5.999823e-01,1.049838e+01,1.051218e+01,1.051528e+01
4.917510e-01,9.111433e+00,6.001614e-01,1.050151e+01,1.051523e+01,1.054334e+01
4.920623e-01,9.117201e+00,6.004048e-01,1.050577e+01,1.053529e+01,1.054572e+01
4.923740e-01,9.122975e+00,6.008111e-01,1.051288e+01,1.053996e+01,1.054618e+01
4.926854e-01,9.128745e+00,6.013457e-01,1.052223e+01,1.054195e+01,1.054638e+01
4.929967e-01,9.134513e+00,6.016611e-01,1.052775e+01,1.054305e+01,1.054649e+01
4.933080e-01,9.140281e+00,6.018615e-01,1.053126e+01,1.054377e+01,1.054658e+01
4.936194e-01,9.146051e+00,6.020628e-01,1.053478e+01,1.056118e+01,1.057643e+01
4.939311e-01,9.151825e+00,6.023797e-01,1.054033e+01,1.056962e+01,1.057727e+01
4.942428e-01,9.157602e+00,6.029193e-01,1.054977e+01,1.057245e+01,1.057756e+01
4.945543e-01,9.163374e+00,6.033254e-01,1.055688e+01,1.057388e+01,1.057770e+01
4.948658e-01,9.169144e+00,6.035702e-01,1.056116e+01,1.057476e+01,1.057782e+01
4.951772e-01,9.174914e+00,6.037521e-01,1.056434e+01,1.057973e+01,1.060641e+01
4.954888e-01,9.180687e+00,6.040121e-01,1.056889e+01,1.059861e+01,1.060830e+01
4.958006e-01,9.186465e+00,6.044543e-01,1.057663e+01,1.060279e+01,1.060872e+01
4.961122e-01,9.192239e+00,6.049723e-01,1.058569e+01,1.060464e+01,1.060890e+01
4.964237e-01,9.198010e+00,6.052697e-01,1.059090e+01,1.060568e+01,1.060901e+01
4.967351e-01,9.203780e+00,6.054622e-01,1.059426e+01,1.060719e+01,1.063094e+01
4.970466e-01,9.209551e+00,6.056808e-01,1.059809e+01,1.062625e+01,1.063919e+01
4.973582e-01,9.215325e+00,6.060365e-01,1.060431e+01,1.063288e+01,1.063985e+01
4.976699e-01,9.221101e+00,6.065968e-01,1.061412e+01,1.063532e+01,1.064009e+01
4.979814e-01,9.226872e+00,6.069615e-01,1.062050e+01,1.063660e+01,1.064022e+01
4.982928e-01,9.232641e+00,6.071851e-01,1.062441e+01,1.063738e+01,1.064030e+01
4.986041e-01,9.238409e+00,6.073780e-01,1.062779e+01,1.065124e+01,1.066981e+01
4.989154e-01,9.244179e+00,6.076748e-01,1.063298e+01,1.066263e+01,1.067095e+01
4.992270e-01,9.249952e+00,6.081979e-01,1.064213e+01,1.066593e+01,1.067128e+01
4.995385e-01,9.255723e+00,6.086457e-01,1.064997e+01,1.066749e+01,1.067144e+01
4.998497e-01,9.261490e+00,6.089086e-01,1.065457e+01,1.066845e+01,1.067157e+01
5.001609e-01,9.267255e+00,6.090941e-01,1.065782e+01,1.067157e+01,1.069969e+01
5.004720e-01,9.273020e+00,6.093513e-01,1.066232e+01,1.069195e+01,1.070201e+01
5.007833e-01,9.278788e+00,6.097894e-01,1.066998e+01,1.069644e+01,1.070246e+01
5.010948e-01,9.284559e+00,6.103232e-01,1.067932e+01,1.069836e+01,1.070265e+01
5.014059e-01,9.290324e+00,6.106280e-01,1.068465e+01,1.069943e+01,1.070276e+01
5.017169e-01,9.296086e+00,6.108242e-01,1.068809e+01,1.070107e+01,1.072584e+01
5.020279e-01,9.301848e+00,6.110503e-01,1.069204e+01,1.072050e+01,1.073299e+01
5.023389e-01,9.307610e+00,6.114238e-01,1.069858e+01,1.072684e+01,1.073362e+01
5.026501e-01,9.313376e+00,6.119925e-01,1.070853e+01,1.072921e+01,1.073386e+01
5.029611e-01,9.319139e+00,6.123463e-01,1.071472e+01,1.073044e+01,1.073398e+01
5.032720e-01,9.324899e+00,6.125639e-01,1.071853e+01,1.073121e+01,1.073406e+01
5.035827e-01,9.330656e+00,6.127692e-01,1.072212e+01,1.074802e+01,1.076386e+01
5.038934e-01,9.336413e+00,6.130953e-01,1.072783e+01,1.075712e+01,1.076477e+01
5.042042e-01,9.342172e+00,6.136554e-01,1.073763e+01,1.076003e+01,1.076507e+01
5.045151e-01,9.347932e+00,6.140636e-01,1.074477e+01,1.076145e+01,1.076521e+01
5.048257e-01,9.353687e+00,6.143080e-01,1.074905e+01,1.076235e+01,1.076535e+01
5.051361e-01,9.359439e+00,6.145002e-01,1.075241e+01,1.077349e+01,1.079454e+01
5.054465e-01,9.365189e+00,6.147931e-01,1.075754e+01,1.078727e+01,1.079591e+01
5.057569e-01,9.370941e+00,6.153123e-01,1.076662e+01,1.079082e+01,1.079627e+01
5.060675e-01,9.376696e+00,6.157806e-01,1.077481e+01,1.079246e+01,1.079643e+01
5.063778e-01,9.382445e+00,6.160500e-01,1.077953e+01,1.079341e+01,1.079653e+01
5.066879e-01,9.388190e+00,6.162415e-01,1.078288e+01,1.079668e+01,1.082481e+01
5.069978e-01,9.393934e+00,6.165060e-01,1.078751e+01,1.081720e+01,1.082703e+01
5.073078e-01,9.399677e+00,6.169668e-01,1.079557e+01,1.082159e+01,1.082747e+01
5.076179e-01,9.405423e+00,6.174954e-01,1.080482e+01,1.082346e+01,1.082766e+01
5.079278e-01,9.411164e+00,6.177929e-01,1.081002e+01,1.082450e+01,1.082776e+01
5.082374e-01,9.416901e+00,6.179876e-01,1.081343e+01,1.082668e+01,1.085382e+01
5.085469e-01,9.422635e+00,6.182317e-01,1.081770e+01,1.084686e+01,1.085812e+01
5.088563e-01,9.428369e+00,6.186411e-01,1.082487e+01,1.085230e+01,1.085867e+01
5.091659e-01,9.434104e+00,6.192063e-01,1.083476e+01,1.085445e+01,1.085888e+01
5.094753e-01,9.439837e+00,6.195345e-01,1.084050e+01,1.085560e+01,1.085900e+01
5.097844e-01,9.445565e+00,6.197400e-01,1.084410e+01,1.085688e+01,1.087626e+01
5.100934e-01,9.451289e+00,6.199637e-01,1.084801e+01,1.087603e+01,1.088917e+01
5.104023e-01,9.457013e+00,6.203346e-01,1.085450e+01,1.088296e+01,1.088986e+01
5.107112e-01,9.462737e+00,6.209114e-01,1.086459e+01,1.088542e+01,1.089010e+01
5.110201e-01,9.468461e+00,6.212742e-01,1.087094e+01,1.088669e+01,1.089023e+01
5.113288e-01,9.474180e+00,6.214952e-01,1.087481e+01,1.088746e+01,1.089031e+01
5.116372e-01,9.479895e+00,6.217066e-01,1.087850e+01,1.090482e+01,1.092017e+01
5.119456e-01,9.485609e+00,6.220432e-01,1.088440e+01,1.091355e+01,1.092104e+01
5.122541e-01,9.491324e+00,6.226155e-01,1.089441e+01,1.091638e+01,1.092133e+01
5.125625e-01,9.497039e+00,6.230132e-01,1.090137e+01,1.091777e+01,1.092146e+01
5.128707e-01,9.502749e+00,6.232510e-01,1.090553e+01,1.091861e+01,1.092155e+01
5.131786e-01,9.508455e+00,6.234482e-01,1.090898e+01,1.093212e+01,1.095102e+01
5.134866e-01,9.514160e+00,6.237578e-01,1.091440e+01,1.094401e+01,1.095221e+01
5.137945e-01,9.519867e+00,6.243022e-01,1.092392e+01,1.094728e+01,1.095254e+01
5.141026e-01,9.525575e+00,6.247456e-01,1.093168e+01,1.094884e+01,1.095270e+01
5.144104e-01,9.531277e+00,6.250028e-01,1.093618e+01,1.094974e+01,1.095279e+01
5.147180e-01,9.536976e+00,6.251961e-01,1.093957e+01,1.095760e+01,1.098170e+01
5.150255e-01,9.542674e+00,6.254775e-01,1.094449e+01,1.097426e+01,1.098336e+01
5.153331e-01,9.548373e+00,6.259806e-01,1.095329e+01,1.097816e+01,1.098375e+01
5.156408e-01,9.554076e+00,6.264730e-01,1.096191e+01,1.097988e+01,1.098393e+01
5.159483e-01,9.559772e+00,6.267529e-01,1.096681e+01,1.098086e+01,1.098402e+01
5.162555e-01,9.565466e+00,6.269443e-01,1.097015e+01,1.098378e+01,1.101183e+01
5.165627e-01,9.571158e+00,6.272078e-01,1.097476e+01,1.100438e+01,1.101450e+01
5.168700e-01,9.576851e+00,6.276555e-01,1.098260e+01,1.100897e+01,1.101496e+01
5.171775e-01,9.582547e+00,6.281967e-01,1.099207e+01,1.101091e+01,1.101515e+01
5.174847e-01,9.588240e+00,6.284999e-01,1.099737e+01,1.101197e+01,1.101526e+01
5.177917e-01,9.593928e+00,6.286971e-01,1.100082e+01,1.101398e+01,1.104064e+01
5.180987e-01,9.599616e+00,6.289350e-01,1.100499e+01,1.103396e+01,1.104558e+01
5.184057e-01,9.605305e+00,6.293385e-01,1.101205e+01,1.103970e+01,1.104616e+01
5.187129e-01,9.610997e+00,6.299050e-01,1.102196e+01,1.104189e+01,1.104638e+01
5.190199e-01,9.616686e+00,6.302403e-01,1.102783e+01,1.104307e+01,1.104649e+01
5.193268e-01,9.622371e+00,6.304477e-01,1.103146e+01,1.104412e+01,1.105417e+01
5.196336e-01,9.628055e+00,6.306693e-01,1.103533e+01,1.106304e+01,1.107662e+01
5.199404e-01,9.633741e+00,6.310260e-01,1.104158e+01,1.107027e+01,1.107734e+01
5.202474e-01,9.639429e+00,6.316024e-01,1.105166e+01,1.107283e+01,1.107760e+01
5.205543e-01,9.645115e+00,6.319723e-01,1.105813e+01,1.107413e+01,1.107773e+01
5.208610e-01,9.650797e+00,6.321982e-01,1.106209e+01,1.107492e+01,1.107780e+01
5.211676e-01,9.656478e+00,6.323980e-01,1.106558e+01,1.109040e+01,1.110748e+01
5.214742e-01,9.662160e+00,6.327208e-01,1.107123e+01,1.110066e+01,1.110850e+01
5.217810e-01,9.667844e+00,6.332718e-01,1.108087e+01,1.110367e+01,1.110880e+01
5.220877e-01,9.673528e+00,6.336936e-01,1.108825e+01,1.110515e+01,1.110895e+01
5.223942e-01,9.679207e+00,6.339408e-01,1.109258e+01,1.110602e+01,1.110904e+01
5.227007e-01,9.684884e+00,6.341324e-01,1.109593e+01,1.111510e+01,1.113807e+01
5.230071e-01,9.690562e+00,6.344116e-01,1.110081e+01,1.113059e+01,1.113962e+01
5.233137e-01,9.696243e+00,6.349097e-01,1.110953e+01,1.113441e+01,1.114000e+01
5.236203e-01,9.701924e+00,6.353954e-01,1.111803e+01,1.113611e+01,1.114017e+01
5.239267e-01,9.707601e+00,6.356745e-01,1.112291e+01,1.113708e+01,1.114027e+01
5.242330e-01,9.713276e+00,6.358623e-01,1.112620e+01,1.113966e+01,1.116749e+01
5.245392e-01,9.718950e+00,6.361111e-01,1.113055e+01,1.115996e+01,1.117068e+01
5.248456e-01,9.724627e+00,6.365234e-01,1.113777e+01,1.116493e+01,1.117118e+01
5.251522e-01,9.730307e+00,6.370757e-01,1.114743e+01,1.116699e+01,1.117139e+01
5.254585e-01,9.735983e+00,6.373930e-01,1.115298e+01,1.116810e+01,1.117150e+01
5.257646e-01,9.741655e+00,6.375948e-01,1.115651e+01,1.116923e+01,1.118437e+01
5.260707e-01,9.747327e+00,6.378078e-01,1.116024e+01,1.118776e+01,1.120159e+01
5.263769e-01,9.753000e+00,6.381600e-01,1.116640e+01,1.119519e+01,1.120233e+01
5.266833e-01,9.758677e+00,6.387192e-01,1.117619e+01,1.119774e+01,1.120259e+01
5.269896e-01,9.764353e+00,6.390961e-01,1.118278e+01,1.119906e+01,1.120272e+01
5.272957e-01,9.770024e+00,6.393235e-01,1.118676e+01,1.119985e+01,1.120280e+01
5.276018e-01,9.775695e+00,6.395153e-01,1.119012e+01,1.121261e+01,1.123220e+01
5.279079e-01,9.781367e+00,6.398028e-01,1.119515e+01,1.122487e+01,1.123342e+01
5.282142e-01,9.787042e+00,6.403144e-01,1.120410e+01,1.122832e+01,1.123377e+01
5.285207e-01,9.792721e+00,6.407712e-01,1.121209e+01,1.122992e+01,1.123393e+01
5.288269e-01,9.798395e+00,6.410391e-01,1.121678e+01,1.123086e+01,1.123402e+01
5.291330e-01,9.804067e+00,6.412220e-01,1.121998e+01,1.123347e+01,1.126135e+01
5.294392e-01,9.809740e+00,6.414653e-01,1.122424e+01,1.125361e+01,1.126442e+01
5.297455e-01,9.815416e+00,6.418629e-01,1.123120e+01,1.125858e+01,1.126492e+01
5.300522e-01,9.821097e+00,6.424106e-01,1.124078e+01,1.126066e+01,1.126513e+01
5.303587e-01,9.826776e+00,6.427315e-01,1.124639e+01,1.126178e+01,1.126524e+01
5.306650e-01,9.832453e+00,6.429356e-01,1.124997e+01,1.126249e+01,1.126531e+01
5.309714e-01,9.838129e+00,6.431343e-01,1.125344e+01,1.127957e+01,1.129514e+01
5.312779e-01,9.843808e+00,6.434556e-01,1.125907e+01,1.128836e+01,1.129602e+01
5.315846e-01,9.849491e+00,6.439901e-01,1.126842e+01,1.129118e+01,1.129631e+01
5.318915e-01,9.855178e+00,6.443981e-01,1.127556e+01,1.129261e+01,1.129645e+01
5.321982e-01,9.860860e+00,6.446408e-01,1.127980e+01,1.129346e+01,1.129653e+01
5.325049e-01,9.866543e+00,6.448219e-01,1.128297e+01,1.129685e+01,1.132498e+01
5.328117e-01,9.872226e+00,6.450708e-01,1.128733e+01,1.131697e+01,1.132701e+01
5.331186e-01,9.877914e+00,6.454942e-01,1.129474e+01,1.132138e+01,1.132745e+01
5.334259e-01,9.883607e+00,6.460152e-01,1.130385e+01,1.132327e+01,1.132764e+01
5.337330e-01,9.889298e+00,6.463211e-01,1.130921e+01,1.132434e+01,1.132775e+01
5.340401e-01,9.894987e+00,6.465154e-01,1.131261e+01,1.132519e+01,1.132802e+01
5.343472e-01,9.900677e+00,6.467178e-01,1.131615e+01,1.134286e+01,1.135772e+01
5.346544e-01,9.906369e+00,6.470296e-01,1.132160e+01,1.135089e+01,1.135853e+01
5.349619e-01,9.912067e+00,6.475617e-01,1.133091e+01,1.135368e+01,1.135881e+01
5.352695e-01,9.917767e+00,6.479615e-01,1.133791e+01,1.135508e+01,1.135895e+01
5.355770e-01,9.923464e+00,6.482052e-01,1.134217e+01,1.135593e+01,1.135903e+01
5.358844e-01,9.929161e+00,6.483804e-01,1.134524e+01,1.135893e+01,1.138703e+01
5.361920e-01,9.934859e+00,6.486210e-01,1.134945e+01,1.137893e+01,1.138946e+01
5.364998e-01,9.940562e+00,6.490106e-01,1.135627e+01,1.138360e+01,1.138992e+01
5.368080e-01,9.946272e+00,6.495435e-01,1.136559e+01,1.138562e+01,1.139012e+01
5.371159e-01,9.951978e+00,6.498606e-01,1.137114e+01,1.138673e+01,1.139024e+01
5.374238e-01,9.957683e+00,6.500639e-01,1.137470e+01,1.138744e+01,1.139031e+01
5.377318e-01,9.963389e+00,6.502488e-01,1.137793e+01,1.140209e+01,1.141990e+01
5.380399e-01,9.969098e+00,6.505365e-01,1.138297e+01,1.141262e+01,1.142095e+01
5.383483e-01,9.974813e+00,6.510228e-01,1.139148e+01,1.141580e+01,1.142127e+01
5.386569e-01,9.980530e+00,6.514695e-01,1.139929e+01,1.141736e+01,1.142142e+01
5.389653e-01,9.986244e+00,6.517319e-01,1.140388e+01,1.141828e+01,1.142152e+01
5.392737e-01,9.991959e+00,6.519106e-01,1.140701e+01,1.142012e+01,1.144639e+01
5.395823e-01,9.997676e+00,6.521221e-01,1.141071e+01,1.143905e+01,1.145172e+01
5.398911e-01,1.000340e+01,6.524612e-01,1.141664e+01,1.144530e+01,1.145234e+01
5.402003e-01,1.000913e+01,6.529933e-01,1.142595e+01,1.144769e+01,1.145258e+01
5.405094e-01,1.001485e+01,6.533585e-01,1.143235e+01,1.144897e+01,1.145271e+01
5.408184e-01,1.002058e+01,6.535838e-01,1.143629e+01,1.144976e+01,1.145279e+01
5.411275e-01,1.002631e+01,6.537580e-01,1.143934e+01,1.145465e+01,1.148140e+01
5.414368e-01,1.003204e+01,6.540003e-01,1.144358e+01,1.147321e+01,1.148326e+01
5.417464e-01,1.003777e+01,6.544026e-01,1.145061e+01,1.147753e+01,1.148369e+01
5.420563e-01,1.004352e+01,6.549174e-01,1.145962e+01,1.147942e+01,1.148388e+01
5.423661e-01,1.004926e+01,6.552259e-01,1.146502e+01,1.148050e+01,1.148399e+01
5.426758e-01,1.005499e+01,6.554234e-01,1.146848e+01,1.148120e+01,1.148406e+01
5.429857e-01,1.006074e+01,6.556106e-01,1.147175e+01,1.149624e+01,1.151369e+01
5.432958e-01,1.006648e+01,6.558900e-01,1.147664e+01,1.150631e+01,1.151469e+01
5.436063e-01,1.007224e+01,6.563716e-01,1.148507e+01,1.150951e+01,1.151501e+01
5.439169e-01,1.007799e+01,6.568162e-01,1.149285e+01,1.151107e+01,1.151517e+01
5.442274e-01,1.008374e+01,6.570817e-01,1.149749e+01,1.151200e+01,1.151526e+01
5.445379e-01,1.008950e+01,6.572591e-01,1.150060e+01,1.151357e+01,1.153838e+01
5.448486e-01,1.009525e+01,6.574678e-01,1.150425e+01,1.153226e+01,1.154541e+01
5.451596e-01,1.010102e+01,6.577913e-01,1.150991e+01,1.153882e+01,1.154607e+01
5.454710e-01,1.010679e+01,6.583197e-01,1.151915e+01,1.154133e+01,1.154632e+01
5.457822e-01,1.011255e+01,6.586945e-01,1.152571e+01,1.154264e+01,1.154645e+01
5.460934e-01,1.011832e+01,6.589270e-01,1.152978e+01,1.154346e+01,1.154653e+01
5.464047e-01,1.012409e+01,6.590981e-01,1.153278e+01,1.154650e+01,1.157461e+01
5.467162e-01,1.012986e+01,6.593329e-01,1.153688e+01,1.156633e+01,1.157695e+01
5.470281e-01,1.013564e+01,6.597114e-01,1.154351e+01,1.157102e+01,1.157741e+01
5.473400e-01,1.014142e+01,6.602383e-01,1.155273e+01,1.157305e+01,1.157762e+01
5.476519e-01,1.014719e+01,6.605600e-01,1.155835e+01,1.157417e+01,1.157773e+01
5.479637e-01,1.015297e+01,6.607657e-01,1.156196e+01,1.157489e+01,1.157780e+01
5.482757e-01,1.015875e+01,6.609441e-01,1.156508e+01,1.158729e+01,1.160717e+01
5.485880e-01,1.016454e+01,6.612128e-01,1.156978e+01,1.159954e+01,1.160839e+01
5.489006e-01,1.017033e+01,6.616657e-01,1.157770e+01,1.160304e+01,1.160874e+01
5.492130e-01,1.017612e+01,6.621416e-01,1.158603e+01,1.160471e+01,1.160891e+01
5.495254e-01,1.018191e+01,6.624194e-01,1.159089e+01,1.160568e+01,1.160901e+01
5.498379e-01,1.018770e+01,6.626041e-01,1.159412e+01,1.160692e+01,1.162721e+01
5.501504e-01,1.019349e+01,6.628049e-01,1.159764e+01,1.162494e+01,1.163906e+01
5.504633e-01,1.019929e+01,6.631211e-01,1.160317e+01,1.163232e+01,1.163979e+01
5.507764e-01,1.020509e+01,6.636449e-01,1.161234e+01,1.163497e+01,1.164006e+01
5.510893e-01,1.021088e+01,6.640372e-01,1.161920e+01,1.163634e+01,1.164020e+01
5.514022e-01,1.021668e+01,6.642764e-01,1.162338e+01,1.163718e+01,1.164028e+01
5.517151e-01,1.022248e+01,6.644512e-01,1.162644e+01,1.164010e+01,1.166818e+01
5.520282e-01,1.022828e+01,6.646848e-01,1.163053e+01,1.165992e+01,1.167068e+01
5.523417e-01,1.023409e+01,6.650680e-01,1.163724e+01,1.166476e+01,1.167116e+01
5.526551e-01,1.023990e+01,6.655993e-01,1.164653e+01,1.166681e+01,1.167137e+01
5.529684e-01,1.024570e+01,6.659237e-01,1.165221e+01,1.166794e+01,1.167148e+01
5.532817e-01,1.025151e+01,6.661298e-01,1.165582e+01,1.166866e+01,1.167155e+01
5.535951e-01,1.025731e+01,6.663148e-01,1.165905e+01,1.168257e+01,1.170107e+01
5.539088e-01,1.026312e+01,6.665944e-01,1.166394e+01,1.169365e+01,1.170218e+01
5.542228e-01,1.026894e+01,6.670782e-01,1.167241e+01,1.169698e+01,1.170251e+01
5.545366e-01,1.027476e+01,6.675344e-01,1.168039e+01,1.169858e+01,1.170267e+01
5.548503e-01,1.028057e+01,6.678030e-01,1.168509e+01,1.169952e+01,1.170276e+01
5.551641e-01,1.028638e+01,6.679836e-01,1.168825e+01,1.170135e+01,1.172757e+01
5.554780e-01,1.029220e+01,6.682013e-01,1.169206e+01,1.172054e+01,1.173299e+01
5.557922e-01,1.029802e+01,6.685489e-01,1.169814e+01,1.172666e+01,1.173360e+01
5.561066e-01,1.030385e+01,6.690934e-01,1.170767e+01,1.172903e+01,1.173384e+01
5.564208e-01,1.030967e+01,6.694526e-01,1.171396e+01,1.173029e+01,1.173397e+01
5.567350e-01,1.031549e+01,6.696756e-01,1.171786e+01,1.173107e+01,1.173404e+01
5.570493e-01,1.032131e+01,6.698558e-01,1.172101e+01,1.174091e+01,1.176315e+01
5.573637e-01,1.032714e+01,6.701229e-01,1.172569e+01,1.175546e+01,1.176461e+01
5.576785e-01,1.033297e+01,6.705778e-01,1.173365e+01,1.175922e+01,1.176498e+01
5.579933e-01,1.033880e+01,6.710711e-01,1.174228e+01,1.176096e+01,1.176516e+01
5.583079e-01,1.034463e+01,6.713561e-01,1.174726e+01,1.176195e+01,1.176526e+01
5.586225e-01,1.035046e+01,6.715437e-01,1.175055e+01,1.176348e+01,1.178763e+01
5.589373e-01,1.035630e+01,6.717576e-01,1.175429e+01,1.178236e+01,1.179542e+01
5.592522e-01,1.036213e+01,6.721017e-01,1.176031e+01,1.178901e+01,1.179609e+01
5.595676e-01,1.036797e+01,6.726511e-01,1.176992e+01,1.179148e+01,1.179634e+01
5.598827e-01,1.037381e+01,6.730200e-01,1.177638e+01,1.179278e+01,1.179647e+01
5.601977e-01,1.037965e+01,6.732471e-01,1.178035e+01,1.179357e+01,1.179654e+01
5.605127e-01,1.038549e+01,6.734312e-01,1.178357e+01,1.180400e+01,1.182571e+01
5.608279e-01,1.039133e+01,6.737036e-01,1.178834e+01,1.181811e+01,1.182712e+01
5.611434e-01,1.039717e+01,6.741753e-01,1.179659e+01,1.182182e+01,1.182749e+01
5.614589e-01,1.040302e+01,6.746621e-01,1.180511e+01,1.182352e+01,1.182766e+01
5.617742e-01,1.040886e+01,6.749427e-01,1.181002e+01,1.182450e+01,1.182776e+01
5.620895e-01,1.041470e+01,6.751288e-01,1.181328e+01,1.182640e+01,1.185279e+01
5.624049e-01,1.042055e+01,6.753544e-01,1.181723e+01,1.184592e+01,1.185803e+01
5.627204e-01,1.042639e+01,6.757209e-01,1.182364e+01,1.185187e+01,1.185862e+01
5.630363e-01,1.043224e+01,6.762771e-01,1.183337e+01,1.185417e+01,1.185885e+01
5.633519e-01,1.043809e+01,6.766272e-01,1.183950e+01,1.185540e+01,1.185898e+01
5.636673e-01,1.044394e+01,6.768452e-01,1.184331e+01,1.185619e+01,1.185909e+01
5.639827e-01,1.044978e+01,6.770373e-01,1.184667e+01,1.187079e+01,1.188864e+01
5.642983e-01,1.045563e+01,6.773367e-01,1.185191e+01,1.188152e+01,1.188971e+01
5.646140e-01,1.046148e+01,6.778588e-01,1.186105e+01,1.188471e+01,1.189003e+01
5.649298e-01,1.046733e+01,6.782984e-01,1.186874e+01,1.188625e+01,1.189019e+01
5.652453e-01,1.047317e+01,6.785573e-01,1.187327e+01,1.188715e+01,1.189028e+01
5.655607e-01,1.047902e+01,6.787415e-01,1.187649e+01,1.189019e+01,1.191830e+01
5.658762e-01,1.048486e+01,6.789913e-01,1.188086e+01,1.191042e+01,1.192073e+01
5.661918e-01,1.049071e+01,6.794144e-01,1.188827e+01,1.191507e+01,1.192119e+01
5.665076e-01,1.049656e+01,6.799520e-01,1.189767e+01,1.191703e+01,1.192139e+01
5.668232e-01,1.050241e+01,6.802623e-01,1.190310e+01,1.191812e+01,1.192150e+01
5.671385e-01,1.050825e+01,6.804601e-01,1.190656e+01,1.191931e+01,1.193723e+01
5.674538e-01,1.051410e+01,6.806758e-01,1.191034e+01,1.193806e+01,1.195162e+01
5.677692e-01,1.051994e+01,6.810221e-01,1.191640e+01,1.194519e+01,1.195233e+01
5.680848e-01,1.052579e+01,6.815837e-01,1.192622e+01,1.194774e+01,1.195259e+01
5.684003e-01,1.053163e+01,6.819585e-01,1.193278e+01,1.194906e+01,1.195272e+01
5.687156e-01,1.053747e+01,6.821884e-01,1.193681e+01,1.194990e+01,1.195285e+01
5.690308e-01,1.054331e+01,6.823790e-01,1.194014e+01,1.196275e+01,1.198221e+01
5.693459e-01,1.054915e+01,6.826727e-01,1.194528e+01,1.197497e+01,1.198343e+01
5.696612e-01,1.055500e+01,6.831883e-01,1.195430e+01,1.197836e+01,1.198377e+01
5.699767e-01,1.056084e+01,6.836448e-01,1.196229e+01,1.197996e+01,1.198393e+01
5.702919e-01,1.056668e+01,6.839102e-01,1.196693e+01,1.198089e+01,1.198403e+01
5.706069e-01,1.057252e+01,6.840974e-01,1.197021e+01,1.198388e+01,1.201197e+01
5.709218e-01,1.057835e+01,6.843492e-01,1.197461e+01,1.200417e+01,1.201448e+01
5.712368e-01,1.058419e+01,6.847783e-01,1.198212e+01,1.200885e+01,1.201495e+01
5.715520e-01,1.059003e+01,6.853177e-01,1.199156e+01,1.201081e+01,1.201514e+01
5.718671e-01,1.059587e+01,6.856274e-01,1.199698e+01,1.201190e+01,1.201525e+01
5.721819e-01,1.060170e+01,6.858249e-01,1.200044e+01,1.201328e+01,1.203535e+01
5.724966e-01,1.060753e+01,6.860471e-01,1.200432e+01,1.203246e+01,1.204543e+01
5.728113e-01,1.061336e+01,6.864070e-01,1.201062e+01,1.203915e+01,1.204610e+01
5.731261e-01,1.061919e+01,6.869743e-01,1.202055e+01,1.204161e+01,1.204635e+01
5.734410e-01,1.062503e+01,6.873377e-01,1.202691e+01,1.204288e+01,1.204648e+01
5.737556e-01,1.063086e+01,6.875603e-01,1.203080e+01,1.204366e+01,1.204655e+01
5.740700e-01,1.063668e+01,6.877570e-01,1.203424e+01,1.205869e+01,1.207618e+01
5.743843e-01,1.064251e+01,6.880674e-01,1.203967e+01,1.206920e+01,1.207723e+01
5.746988e-01,1.064833e+01,6.886077e-01,1.204913e+01,1.207233e+01,1.207755e+01
5.750134e-01,1.065416e+01,6.890389e-01,1.205667e+01,1.207383e+01,1.207770e+01
5.753277e-01,1.065999e+01,6.892923e-01,1.206111e+01,1.207472e+01,1.207778e+01
5.756418e-01,1.066581e+01,6.894821e-01,1.206443e+01,1.208095e+01,1.210653e+01
5.759558e-01,1.067162e+01,6.897518e-01,1.206915e+01,1.209891e+01,1.210833e+01
5.762698e-01,1.067744e+01,6.902231e-01,1.207739e+01,1.210297e+01,1.210873e+01
5.765839e-01,1.068326e+01,6.907320e-01,1.208630e+01,1.210476e+01,1.210891e+01
5.768979e-01,1.068908e+01,6.910209e-01,1.209135e+01,1.210577e+01,1.210901e+01
5.772117e-01,1.069489e+01,6.912116e-01,1.209469e+01,1.210795e+01,1.213513e+01
5.775252e-01,1.070070e+01,6.914518e-01,1.209889e+01,1.212801e+01,1.213936e+01
5.778388e-01,1.070651e+01,6.918492e-01,1.210585e+01,1.213346e+01,1.213991e+01
5.781525e-01,1.071233e+01,6.924107e-01,1.211567e+01,1.213563e+01,1.214013e+01
5.784663e-01,1.071814e+01,6.927423e-01,1.212147e+01,1.213679e+01,1.214024e+01
5.787797e-01,1.072395e+01,6.929495e-01,1.212510e+01,1.213768e+01,1.214051e+01
5.790929e-01,1.072975e+01,6.931606e-01,1.212880e+01,1.215588e+01,1.217028e+01
5.794062e-01,1.073555e+01,6.935041e-01,1.213480e+01,1.216377e+01,1.217106e+01
5.797195e-01,1.074136e+01,6.940678e-01,1.214467e+01,1.216643e+01,1.217133e+01
5.800330e-01,1.074717e+01,6.944543e-01,1.215143e+01,1.216779e+01,1.217147e+01
5.803461e-01,1.075297e+01,6.946869e-01,1.215550e+01,1.216860e+01,1.217155e+01
5.806591e-01,1.075877e+01,6.948812e-01,1.215890e+01,1.218159e+01,1.220097e+01
5.809720e-01,1.076457e+01,6.951766e-01,1.216407e+01,1.219376e+01,1.220219e+01
5.812851e-01,1.077037e+01,6.957021e-01,1.217327e+01,1.219715e+01,1.220253e+01
5.815983e-01,1.077617e+01,6.961548e-01,1.218119e+01,1.219874e+01,1.220269e+01
5.819113e-01,1.078197e+01,6.964188e-01,1.218581e+01,1.219966e+01,1.220278e+01
5.822240e-01,1.078776e+01,6.966052e-01,1.218907e+01,1.220282e+01,1.223095e+01
5.825366e-01,1.079356e+01,6.968665e-01,1.219364e+01,1.222330e+01,1.223327e+01
5.828494e-01,1.079935e+01,6.973072e-01,1.220135e+01,1.222772e+01,1.223371e+01
5.831625e-01,1.080515e+01,6.978400e-01,1.221067e+01,1.222963e+01,1.223390e+01
5.834752e-01,1.081095e+01,6.981412e-01,1.221594e+01,1.223069e+01,1.223401e+01
5.837877e-01,1.081674e+01,6.983362e-01,1.221936e+01,1.223234e+01,1.225725e+01
5.841001e-01,1.082253e+01,6.985607e-01,1.222328e+01,1.225173e+01,1.226424e+01
5.844127e-01,1.082832e+01,6.989325e-01,1.222979e+01,1.225808e+01,1.226487e+01
5.847254e-01,1.083411e+01,6.994957e-01,1.223965e+01,1.226043e+01,1.226511e+01
5.850380e-01,1.083990e+01,6.998504e-01,1.224585e+01,1.226167e+01,1.226523e+01
5.853504e-01,1.084569e+01,7.000679e-01,1.224966e+01,1.226243e+01,1.226531e+01
5.856626e-01,1.085148e+01,7.002680e-01,1.225316e+01,1.227829e+01,1.229502e+01
5.859750e-01,1.085727e+01,7.005778e-01,1.225858e+01,1.228806e+01,1.229599e+01
5.862875e-01,1.086306e+01,7.011206e-01,1.226808e+01,1.229112e+01,1.229630e+01
5.866001e-01,1.086885e+01,7.015418e-01,1.227545e+01,1.229259e+01,1.229645e+01
5.869124e-01,1.087463e+01,7.017929e-01,1.227984e+01,1.229347e+01,1.229653e+01
5.872246e-01,1.088042e+01,7.019768e-01,1.228306e+01,1.229801e+01,1.232511e+01
5.875368e-01,1.088620e+01,7.022425e-01,1.228771e+01,1.231744e+01,1.232706e+01
5.878493e-01,1.089199e+01,7.026909e-01,1.229555e+01,1.232159e+01,1.232747e+01
5.881620e-01,1.089779e+01,7.032101e-01,1.230464e+01,1.232343e+01,1.232766e+01
5.884744e-01,1.090358e+01,7.035036e-01,1.230977e+01,1.232445e+01,1.232776e+01
5.887867e-01,1.090936e+01,7.036957e-01,1.231314e+01,1.232615e+01,1.235139e+01
5.890990e-01,1.091515e+01,7.039174e-01,1.231701e+01,1.234543e+01,1.235798e+01
5.894115e-01,1.092094e+01,7.042840e-01,1.232343e+01,1.235178e+01,1.235862e+01
5.897243e-01,1.092674e+01,7.048409e-01,1.233317e+01,1.235413e+01,1.235885e+01
5.900370e-01,1.093253e+01,7.051975e-01,1.233941e+01,1.235538e+01,1.235898e+01
5.903495e-01,1.093832e+01,7.054161e-01,1.234324e+01,1.235615e+01,1.235905e+01
5.906620e-01,1.094411e+01,7.056098e-01,1.234663e+01,1.237053e+01,1.238862e+01
5.909747e-01,1.094990e+01,7.059039e-01,1.235177e+01,1.238141e+01,1.238970e+01
5.912876e-01,1.095570e+01,7.064238e-01,1.236087e+01,1.238467e+01,1.239003e+01
5.916007e-01,1.096150e+01,7.068649e-01,1.236859e+01,1.238622e+01,1.239018e+01
5.919135e-01,1.096730e+01,7.071262e-01,1.237316e+01,1.238713e+01,1.239028e+01
5.922263e-01,1.097309e+01,7.073076e-01,1.237634e+01,1.238991e+01,1.241791e+01
5.925392e-01,1.097889e+01,7.075526e-01,1.238062e+01,1.241007e+01,1.242069e+01
5.928523e-01,1.098469e+01,7.079547e-01,1.238766e+01,1.241489e+01,1.242118e+01
5.931658e-01,1.099050e+01,7.084982e-01,1.239717e+01,1.241693e+01,1.242138e+01
5.934790e-01,1.099630e+01,7.088155e-01,1.240272e+01,1.241804e+01,1.242149e+01
5.937921e-01,1.100211e+01,7.090178e-01,1.240626e+01,1.241877e+01,1.242158e+01
5.941053e-01,1.100791e+01,7.092175e-01,1.240975e+01,1.243607e+01,1.245142e+01
5.944187e-01,1.101372e+01,7.095402e-01,1.241540e+01,1.244466e+01,1.245228e+01
5.947325e-01,1.101953e+01,7.100762e-01,1.242478e+01,1.244746e+01,1.245256e+01
5.950461e-01,1.102534e+01,7.104809e-01,1.243186e+01,1.244887e+01,1.245270e+01
5.953596e-01,1.103115e+01,7.107225e-01,1.243609e+01,1.244972e+01,1.245278e+01
5.956731e-01,1.103696e+01,7.109037e-01,1.243926e+01,1.245349e+01,1.248129e+01
5.959867e-01,1.104277e+01,7.111540e-01,1.244364e+01,1.247330e+01,1.248327e+01
5.963007e-01,1.104859e+01,7.115816e-01,1.245112e+01,1.247767e+01,1.248370e+01
5.966148e-01,1.105441e+01,7.121008e-01,1.246021e+01,1.247954e+01,1.248389e+01
5.969287e-01,1.106022e+01,7.124047e-01,1.246552e+01,1.248060e+01,1.248400e+01
5.972426e-01,1.106604e+01,7.125983e-01,1.246891e+01,1.248154e+01,1.248510e+01
5.975566e-01,1.107186e+01,7.128029e-01,1.247249e+01,1.249945e+01,1.251401e+01
5.978708e-01,1.107768e+01,7.131196e-01,1.247803e+01,1.250724e+01,1.251479e+01
5.981855e-01,1.108351e+01,7.136569e-01,1.248743e+01,1.250999e+01,1.251506e+01
5.984999e-01,1.108933e+01,7.140510e-01,1.249433e+01,1.251137e+01,1.251520e+01
5.988143e-01,1.109516e+01,7.142920e-01,1.249855e+01,1.251221e+01,1.251528e+01
5.991287e-01,1.110098e+01,7.144680e-01,1.250163e+01,1.251543e+01,1.254356e+01
5.994434e-01,1.110681e+01,7.147147e-01,1.250594e+01,1.253554e+01,1.254574e+01
5.997584e-01,1.111265e+01,7.151178e-01,1.251300e+01,1.253999e+01,1.254619e+01
6.000735e-01,1.111849e+01,7.156464e-01,1.252225e+01,1.254195e+01,1.254638e+01
6.003885e-01,1.112433e+01,7.159558e-01,1.252766e+01,1.254303e+01,1.254649e+01
6.007035e-01,1.113016e+01,7.161552e-01,1.253115e+01,1.254373e+01,1.254656e+01
6.010187e-01,1.113600e+01,7.163460e-01,1.253449e+01,1.255992e+01,1.257630e+01
6.013341e-01,1.114185e+01,7.166489e-01,1.253979e+01,1.256928e+01,1.257724e+01
6.016501e-01,1.114770e+01,7.171578e-01,1.254869e+01,1.257224e+01,1.257754e+01
6.019658e-01,1.115355e+01,7.175821e-01,1.255612e+01,1.257372e+01,1.257768e+01
6.022815e-01,1.115940e+01,7.178340e-01,1.256053e+01,1.257461e+01,1.257777e+01
6.025973e-01,1.116525e+01,7.180112e-01,1.256363e+01,1.257703e+01,1.260472e+01
6.029133e-01,1.117111e+01,7.182352e-01,1.256754e+01,1.259657e+01,1.260809e+01
6.032298e-01,1.117697e+01,7.186029e-01,1.257398e+01,1.260200e+01,1.260864e+01
6.035463e-01,1.118284e+01,7.191378e-01,1.258334e+01,1.260417e+01,1.260885e+01
6.038628e-01,1.118870e+01,7.194783e-01,1.258930e+01,1.260536e+01,1.260897e+01
6.041792e-01,1.119456e+01,7.196911e-01,1.259302e+01,1.260610e+01,1.260905e+01
6.044959e-01,1.120043e+01,7.198711e-01,1.259617e+01,1.261732e+01,1.263829e+01
6.048129e-01,1.120630e+01,7.201337e-01,1.260077e+01,1.263054e+01,1.263962e+01
6.051303e-01,1.121219e+01,7.205820e-01,1.260861e+01,1.263421e+01,1.263998e+01
6.054475e-01,1.121806e+01,7.210650e-01,1.261706e+01,1.263591e+01,1.264015e+01
6.057647e-01,1.122394e+01,7.213488e-01,1.262203e+01,1.263691e+01,1.264025e+01
6.060820e-01,1.122982e+01,7.215336e-01,1.262526e+01,1.263797e+01,1.265274e+01
6.063996e-01,1.123570e+01,7.217337e-01,1.262876e+01,1.265577e+01,1.267026e+01
6.067175e-01,1.124159e+01,7.220410e-01,1.263414e+01,1.266341e+01,1.267103e+01
6.070356e-01,1.124749e+01,7.225609e-01,1.264323e+01,1.266615e+01,1.267130e+01
6.073535e-01,1.125338e+01,7.229585e-01,1.265019e+01,1.266754e+01,1.267144e+01
6.076715e-01,1.125927e+01,7.232021e-01,1.265446e+01,1.266839e+01,1.267153e+01
6.079896e-01,1.126517e+01,7.233742e-01,1.265747e+01,1.267094e+01,1.269880e+01
6.083081e-01,1.127107e+01,7.236005e-01,1.266143e+01,1.269057e+01,1.270187e+01
6.086271e-01,1.127698e+01,7.239598e-01,1.266771e+01,1.269574e+01,1.270239e+01
6.089458e-01,1.128288e+01,7.244924e-01,1.267703e+01,1.269791e+01,1.270260e+01
6.092646e-01,1.128879e+01,7.248288e-01,1.268292e+01,1.269908e+01,1.270272e+01
6.095834e-01,1.129469e+01,7.250426e-01,1.268666e+01,1.269983e+01,1.270280e+01
6.099024e-01,1.130061e+01,7.252162e-01,1.268970e+01,1.270902e+01,1.273184e+01
6.102218e-01,1.130652e+01,7.254733e-01,1.269420e+01,1.272396e+01,1.273333e+01
6.105416e-01,1.131245e+01,7.258940e-01,1.270156e+01,1.272778e+01,1.273372e+01
6.108611e-01,1.131837e+01,7.263924e-01,1.271028e+01,1.272956e+01,1.273389e+01
6.111807e-01,1.132429e+01,7.266836e-01,1.271537e+01,1.273057e+01,1.273399e+01
6.115005e-01,1.133022e+01,7.268743e-01,1.271871e+01,1.273124e+01,1.273406e+01
6.118205e-01,1.133615e+01,7.270610e-01,1.272198e+01,1.274737e+01,1.276380e+01
6.121410e-01,1.134208e+01,7.273501e-01,1.272704e+01,1.275661e+01,1.276472e+01
6.124616e-01,1.134802e+01,7.278382e-01,1.273558e+01,1.275962e+01,1.276502e+01
6.127821e-01,1.135396e+01,7.282698e-01,1.274313e+01,1.276113e+01,1.276518e+01
6.131027e-01,1.135990e+01,7.285275e-01,1.274764e+01,1.276203e+01,1.276527e+01
6.134235e-01,1.136585e+01,7.287033e-01,1.275071e+01,1.276378e+01,1.278972e+01
6.137447e-01,1.137180e+01,7.289103e-01,1.275434e+01,1.278249e+01,1.279544e+01
6.140664e-01,1.137776e+01,7.292388e-01,1.276008e+01,1.278891e+01,1.279608e+01
6.143880e-01,1.138372e+01,7.297628e-01,1.276925e+01,1.279135e+01,1.279632e+01
6.147095e-01,1.138967e+01,7.301351e-01,1.277577e+01,1.279265e+01,1.279645e+01
6.150312e-01,1.139563e+01,7.303650e-01,1.277979e+01,1.279346e+01,1.279653e+01
6.153531e-01,1.140160e+01,7.305367e-01,1.278279e+01,1.279653e+01,1.282465e+01
6.156755e-01,1.140757e+01,7.307683e-01,1.278685e+01,1.281628e+01,1.282694e+01
6.159982e-01,1.141355e+01,7.311468e-01,1.279347e+01,1.282100e+01,1.282741e+01
6.163208e-01,1.141953e+01,7.316702e-01,1.280263e+01,1.282303e+01,1.282762e+01
6.166434e-01,1.142551e+01,7.319939e-01,1.280829e+01,1.282416e+01,1.282773e+01
6.169661e-01,1.143149e+01,7.322000e-01,1.281190e+01,1.282488e+01,1.282780e+01
6.172892e-01,1.143747e+01,7.323803e-01,1.281505e+01,1.283713e+01,1.285715e+01
6.176127e-01,1.144347e+01,7.326448e-01,1.281968e+01,1.284945e+01,1.285838e+01
6.179363e-01,1.144946e+01,7.330935e-01,1.282753e+01,1.285300e+01,1.285874e+01
6.182598e-01,1.145546e+01,7.335705e-01,1.283588e+01,1.285468e+01,1.285891e+01
6.185834e-01,1.146145e+01,7.338511e-01,1.284079e+01,1.285566e+01,1.285900e+01
6.189072e-01,1.146745e+01,7.340353e-01,1.284401e+01,1.285672e+01,1.287168e+01
6.192313e-01,1.147346e+01,7.342352e-01,1.284751e+01,1.287452e+01,1.288901e+01
6.195559e-01,1.147947e+01,7.345433e-01,1.285290e+01,1.288216e+01,1.288978e+01
6.198803e-01,1.148548e+01,7.350624e-01,1.286198e+01,1.288490e+01,1.289005e+01
6.202046e-01,1.149149e+01,7.354613e-01,1.286896e+01,1.288629e+01,1.289019e+01
6.205290e-01,1.149750e+01,7.357049e-01,1.287323e+01,1.288715e+01,1.289028e+01
6.208537e-01,1.150352e+01,7.358782e-01,1.287626e+01,1.288977e+01,1.291769e+01
6.211787e-01,1.150954e+01,7.361073e-01,1.288027e+01,1.290948e+01,1.292064e+01
6.215041e-01,1.151557e+01,7.364755e-01,1.288671e+01,1.291458e+01,1.292115e+01
6.218292e-01,1.152159e+01,7.370102e-01,1.289607e+01,1.291671e+01,1.292136e+01
6.221544e-01,1.152762e+01,7.373437e-01,1.290190e+01,1.291788e+01,1.292148e+01
6.224796e-01,1.153364e+01,7.375550e-01,1.290560e+01,1.291862e+01,1.292155e+01
6.228052e-01,1.153968e+01,7.377344e-01,1.290874e+01,1.293038e+01,1.295085e+01
6.231311e-01,1.154571e+01,7.380043e-01,1.291346e+01,1.294323e+01,1.295214e+01
6.234571e-01,1.155176e+01,7.384612e-01,1.292146e+01,1.294679e+01,1.295249e+01
6.237830e-01,1.155779e+01,7.389410e-01,1.292985e+01,1.294847e+01,1.295266e+01
6.241090e-01,1.156383e+01,7.392202e-01,1.293474e+01,1.294945e+01,1.295276e+01
6.244350e-01,1.156987e+01,7.394048e-01,1.293797e+01,1.295084e+01,1.297361e+01
6.247614e-01,1.157592e+01,7.396118e-01,1.294159e+01,1.296931e+01,1.298287e+01
6.250883e-01,1.158198e+01,7.399414e-01,1.294736e+01,1.297630e+01,1.298357e+01
6.254150e-01,1.158803e+01,7.404779e-01,1.295674e+01,1.297885e+01,1.298382e+01
6.257417e-01,1.159408e+01,7.408582e-01,1.296340e+01,1.298018e+01,1.298396e+01
6.260684e-01,1.160014e+01,7.410914e-01,1.296748e+01,1.298100e+01,1.298404e+01
6.263953e-01,1.160620e+01,7.412707e-01,1.297062e+01,1.298634e+01,1.301270e+01
6.267226e-01,1.161226e+01,7.415217e-01,1.297501e+01,1.300470e+01,1.301453e+01
6.270501e-01,1.161833e+01,7.419442e-01,1.298240e+01,1.300892e+01,1.301495e+01
6.273775e-01,1.162439e+01,7.424608e-01,1.299144e+01,1.301079e+01,1.301514e+01
6.277049e-01,1.163046e+01,7.427626e-01,1.299672e+01,1.301184e+01,1.301525e+01
6.280323e-01,1.163653e+01,7.429569e-01,1.300012e+01,1.301272e+01,1.301555e+01
6.283600e-01,1.164260e+01,7.431593e-01,1.300366e+01,1.303042e+01,1.304523e+01
6.286881e-01,1.164868e+01,7.434751e-01,1.300919e+01,1.303844e+01,1.304603e+01
6.290161e-01,1.165476e+01,7.440097e-01,1.301854e+01,1.304121e+01,1.304631e+01
6.293441e-01,1.166083e+01,7.444099e-01,1.302555e+01,1.304261e+01,1.304645e+01
6.296720e-01,1.166691e+01,7.446523e-01,1.302979e+01,1.304346e+01,1.304653e+01
6.300000e-01,1.167299e+01,7.448308e-01,1.303291e+01,1.304674e+01,1.307487e+01
6.303284e-01,1.167907e+01,7.450807e-01,1.303728e+01,1.306691e+01,1.307700e+01
6.306570e-01,1.168516e+01,7.454964e-01,1.304456e+01,1.307133e+01,1.307745e+01
6.309854e-01,1.169124e+01,7.460239e-01,1.305379e+01,1.307326e+01,1.307764e+01
6.313137e-01,1.169733e+01,7.463314e-01,1.305917e+01,1.307433e+01,1.307775e+01
6.316420e-01,1.170341e+01,7.465284e-01,1.306261e+01,1.307521e+01,1.307804e+01
6.319705e-01,1.170950e+01,7.467306e-01,1.306615e+01,1.309288e+01,1.310773e+01
6.322994e-01,1.171559e+01,7.470522e-01,1.307178e+01,1.310099e+01,1.310854e+01
6.326281e-01,1.172168e+01,7.475918e-01,1.308122e+01,1.310374e+01,1.310881e+01
6.329567e-01,1.172777e+01,7.479909e-01,1.308820e+01,1.310514e+01,1.310895e+01
6.332852e-01,1.173385e+01,7.482318e-01,1.309242e+01,1.310598e+01,1.310904e+01
6.336137e-01,1.173994e+01,7.484155e-01,1.309563e+01,1.311161e+01,1.313772e+01
6.339425e-01,1.174603e+01,7.486732e-01,1.310014e+01,1.312986e+01,1.313955e+01
6.342716e-01,1.175213e+01,7.491132e-01,1.310784e+01,1.313404e+01,1.313997e+01
6.346004e-01,1.175822e+01,7.496283e-01,1.311686e+01,1.313587e+01,1.314015e+01
6.349290e-01,1.176431e+01,7.499253e-01,1.312205e+01,1.313691e+01,1.314025e+01
6.352576e-01,1.177040e+01,7.501172e-01,1.312541e+01,1.313824e+01,1.315967e+01
6.355863e-01,1.177649e+01,7.503331e-01,1.312919e+01,1.315709e+01,1.317040e+01
6.359153e-01,1.178259e+01,7.506766e-01,1.313520e+01,1.316396e+01,1.317108e+01
6.362443e-01,1.178868e+01,7.512313e-01,1.314490e+01,1.316648e+01,1.317134e+01
6.365730e-01,1.179477e+01,7.516032e-01,1.315141e+01,1.316778e+01,1.317147e+01
6.369016e-01,1.180086e+01,7.518314e-01,1.315540e+01,1.316858e+01,1.317155e+01
6.372303e-01,1.180695e+01,7.520168e-01,1.315865e+01,1.317965e+01,1.320078e+01
6.375591e-01,1.181304e+01,7.522972e-01,1.316356e+01,1.319332e+01,1.320214e+01
6.378883e-01,1.181914e+01,7.527829e-01,1.317205e+01,1.319691e+01,1.320250e+01
6.382171e-01,1.182524e+01,7.532606e-01,1.318041e+01,1.319858e+01,1.320267e+01
6.385458e-01,1.183133e+01,7.535359e-01,1.318523e+01,1.319955e+01,1.320277e+01
6.388744e-01,1.183742e+01,7.537219e-01,1.318849e+01,1.320177e+01,1.322911e+01
6.392032e-01,1.184351e+01,7.539538e-01,1.319254e+01,1.322157e+01,1.323309e+01
6.395321e-01,1.184960e+01,7.543388e-01,1.319928e+01,1.322710e+01,1.323365e+01
6.398611e-01,1.185570e+01,7.548920e-01,1.320896e+01,1.322929e+01,1.323387e+01
6.401898e-01,1.186179e+01,7.552291e-01,1.321486e+01,1.323047e+01,1.323398e+01
6.405184e-01,1.186788e+01,7.554397e-01,1.321854e+01,1.323121e+01,1.323406e+01
6.408470e-01,1.187396e+01,7.556397e-01,1.322204e+01,1.324767e+01,1.326383e+01
6.411758e-01,1.188006e+01,7.559515e-01,1.322750e+01,1.325692e+01,1.326475e+01
6.415048e-01,1.188615e+01,7.564923e-01,1.323696e+01,1.325989e+01,1.326505e+01
6.418335e-01,1.189224e+01,7.569081e-01,1.324424e+01,1.326135e+01,1.326520e+01
6.421619e-01,1.189833e+01,7.571566e-01,1.324858e+01,1.326222e+01,1.326528e+01
6.424903e-01,1.190441e+01,7.573396e-01,1.325179e+01,1.326641e+01,1.329383e+01
6.428188e-01,1.191050e+01,7.576033e-01,1.325640e+01,1.328612e+01,1.329580e+01
6.431476e-01,1.191659e+01,7.580465e-01,1.326416e+01,1.329030e+01,1.329622e+01
6.434761e-01,1.192268e+01,7.585660e-01,1.327325e+01,1.329215e+01,1.329640e+01
6.438044e-01,1.192876e+01,7.588618e-01,1.327842e+01,1.329318e+01,1.329651e+01
6.441325e-01,1.193484e+01,7.590542e-01,1.328179e+01,1.329472e+01,1.331874e+01
6.444607e-01,1.194092e+01,7.592724e-01,1.328561e+01,1.331379e+01,1.332669e+01
6.447890e-01,1.194700e+01,7.596302e-01,1.329187e+01,1.332040e+01,1.332735e+01
6.451174e-01,1.195309e+01,7.601869e-01,1.330161e+01,1.332282e+01,1.332759e+01
6.454455e-01,1.195917e+01,7.605502e-01,1.330797e+01,1.332409e+01,1.332772e+01
6.457733e-01,1.196524e+01,7.607730e-01,1.331186e+01,1.332487e+01,1.332780e+01
6.461012e-01,1.197132e+01,7.609643e-01,1.331521e+01,1.333824e+01,1.335726e+01
6.464292e-01,1.197739e+01,7.612530e-01,1.332026e+01,1.334996e+01,1.335843e+01
6.467575e-01,1.198348e+01,7.617636e-01,1.332920e+01,1.335334e+01,1.335877e+01
6.470854e-01,1.198955e+01,7.622163e-01,1.333712e+01,1.335492e+01,1.335893e+01
6.474132e-01,1.199563e+01,7.624824e-01,1.334177e+01,1.335585e+01,1.335902e+01
6.477409e-01,1.200170e+01,7.626652e-01,1.334497e+01,1.335845e+01,1.338632e+01
